"","gene","distance","Z","FC","p.value","p.adj"
"3000","Pparg",2.67601166928386e-06,3.17121721179205,358351.977366747,0,0
"2577","Rad51",2.75279043176363e-08,1.99623148086616,37.9210277756152,7.36669478108317e-10,1.10500421716248e-06
"2378","Ccnb1",2.51525877759768e-08,1.97381424282419,31.6591423698922,1.83747539490906e-08,1.83747539490906e-05
"2455","Pbk",2.4704133604071e-08,1.96934851194859,30.5402827933001,3.27005628866488e-08,2.45254221649866e-05
"1956","Melk",2.44318633820719e-08,1.96659806782008,29.8708087901042,4.61813698385327e-08,2.77088219031196e-05
"2938","Aurka",2.38374134345511e-08,1.96048645564859,28.4349230432018,9.6901457402706e-08,4.8450728701353e-05
"1880","Shcbp1",2.36781033795429e-08,1.95882303027696,28.0561208853627,1.17847783865444e-07,5.05061930851905e-05
"2454","Cdca5",2.32676255323299e-08,1.95448567450306,27.0918043585323,1.94018749580443e-07,7.27570310926663e-05
"2543","Nusap1",2.30973250906248e-08,1.95266399196906,26.6966749309053,2.38030776069054e-07,7.93435920230181e-05
"1459","Ska1",2.27801983971273e-08,1.94923615551408,25.9686159473366,3.47012969129848e-07,0.000104103890738954
"2793","Tk1",2.24002035056728e-08,1.94506626174968,25.1094804816641,5.41659032244543e-07,0.000147725190612148
"1881","Cep55",2.2228383959625e-08,1.94315784143539,24.725756000191,6.60949797871484e-07,0.000165237449467871
"1709","Mxd3",2.21303553518229e-08,1.94206249897327,24.5081525238958,7.39960821637337e-07,0.000170760189608616
"1662","Bard1",2.16733843404826e-08,1.93689248341039,23.5064618285866,1.2449493478891e-06,0.000266774860261949
"915","Fam64a",2.04327031182971e-08,1.92229436709881,20.8922613082256,4.85853475685923e-06,0.000971706951371846
"2576","Bub1b",2.03543423287387e-08,1.92134323297494,20.7323221339828,5.28169112067562e-06,0.000990317085126679
"1745","Neil3",2.01618632854582e-08,1.91899153243984,20.3420693434906,6.47609398360071e-06,0.00114284011475307
"2943","Cdkn3",1.99665823595064e-08,1.91658286717296,19.9499249927315,7.94970736738472e-06,0.00132495122789745
"796","Kif11",1.96170021053358e-08,1.9122124264788,19.2574632059124,1.14222990998456e-05,0.00180352091050194
"1532","Cenpp",1.93151934464516e-08,1.90837700822597,18.6694671797489,1.5545193524144e-05,0.00218635419333042
"2409","Lockd",1.92452878881315e-08,1.90748021410449,18.534574632915,1.66850031422514e-05,0.00218635419333042
"2580","Kif22",1.92406580482668e-08,1.90742070614543,18.5256579785009,1.67632396937512e-05,0.00218635419333042
"1908","Glrb",1.92053098911464e-08,1.90696590555417,18.4576513295225,1.73721946008268e-05,0.00218635419333042
"2047","Ccnf",1.91323205429036e-08,1.90602418406287,18.3176221476017,1.86969637653143e-05,0.00218635419333042
"1888","Nuf2",1.91190332105243e-08,1.90585236749366,18.2921879285012,1.8948261388765e-05,0.00218635419333042
"2626","Prc1",1.91114959058172e-08,1.90575485135599,18.2777680971596,1.90922378685942e-05,0.00218635419333042
"1535","Traip",1.90814198483918e-08,1.90536535543856,18.2202853494312,1.96771877399738e-05,0.00218635419333042
"2784","Ube2c",1.90031585976181e-08,1.90434899986478,18.0711331243286,2.12803400203088e-05,0.00228003643074737
"2371","Fjx1",1.89329940297045e-08,1.9034342786891,17.9379329054811,2.28226771873753e-05,0.00232514744916381
"2893","Mis18bp1",1.88785748623993e-08,1.90272252267597,17.834962982202,2.40915537044636e-05,0.00232514744916381
"389","Bmpr1b",1.88718407498071e-08,1.90263430564318,17.82224155286,2.42531592860042e-05,0.00232514744916381
"2350","Ccna2",1.88493023304095e-08,1.90233882587742,17.7796971825363,2.48015727910806e-05,0.00232514744916381
"2179","Pcdh10",1.87018773568072e-08,1.90039744272077,17.5026661356718,2.8690506875317e-05,0.0025448034543692
"568","St6galnac5",1.86965588535691e-08,1.9003271237055,17.4927126162039,2.88411058161842e-05,0.0025448034543692
"1548","Pax6",1.85883960675184e-08,1.89889274532044,17.2909014058873,3.20718854477238e-05,0.00274901875266204
"2586","Mboat2",1.81958892339981e-08,1.89361756809834,16.5683922684323,4.6926641154684e-05,0.003910553429557
"501","Nrn1",1.80104012294061e-08,1.89108550139929,16.2323192397569,5.60300469659091e-05,0.00450340208295464
"825","C130071C03Rik",1.79915589240964e-08,1.89082685102744,16.1983728195509,5.70430930507588e-05,0.00450340208295464
"1989","Cenph",1.78925740335038e-08,1.88946367243972,16.02062463901,6.26562001621634e-05,0.00469694325484692
"318","Ctsg",1.78842191212932e-08,1.88934827199494,16.0056665160009,6.31531809607263e-05,0.00469694325484692
"2115","Gm11627",1.78312395164702e-08,1.88861526292888,15.910977687079,6.63925147772884e-05,0.00469694325484692
"879","Hhatl",1.78234768088338e-08,1.88850768022816,15.8971272329061,6.68801556011495e-05,0.00469694325484692
"1582","Lipt1",1.77773184407953e-08,1.887867019704,15.8148946475798,6.98504727888557e-05,0.00469694325484692
"419","Asphd2",1.77698806775998e-08,1.88776363297931,15.8016639868405,7.03406193527935e-05,0.00469694325484692
"216","Gstm6",1.77681649116391e-08,1.88773977735696,15.7986126834817,7.04541488227038e-05,0.00469694325484692
"921","Aldh5a1",1.76468334608284e-08,1.88604702681387,15.5835849802066,7.89369119619498e-05,0.00504118680143633
"2108","Kif20a",1.76419700316036e-08,1.88597893591343,15.574996559054,7.92962886742171e-05,0.00504118680143633
"129","Sp5",1.76237160340344e-08,1.88572320389363,15.5427825983301,8.06589888229812e-05,0.00504118680143633
"2501","Cenpe",1.73037998862836e-08,1.88119838574505,14.9836205845706,0.000108448420526554,0.00663969921591148
"1945","Plk1",1.72761952755176e-08,1.88080409488832,14.9358522219109,0.000111228996760062,0.0066737398056037
"1760","Hist1h2af",1.69845282610574e-08,1.87659969011446,14.4357973694864,0.000145019331132407,0.00853054889014161
"2217","Ndc80",1.67980587985506e-08,1.87387424739662,14.1205623749098,0.000171459225983742,0.00982372338662937
"1243","Mcm10",1.67844766564377e-08,1.8736745664672,14.0977371244574,0.000173552446497119,0.00982372338662937
"2899","Mki67",1.65993895801022e-08,1.87093747389305,13.7885321115245,0.000204581197649773,0.011365622091654
"979","Aunip",1.65267106697191e-08,1.86985445191906,13.6680527884155,0.000218134020757818,0.0118982193140628
"2476","Rad51ap1",1.6424871617248e-08,1.8683289745411,13.5001242829325,0.000238547654198221,0.0122441191937744
"552","Mtfr2",1.64224572457612e-08,1.86829269589334,13.4961556772352,0.000239052695949016,0.0122441191937744
"1414","Bub1",1.64055184819097e-08,1.86803802394207,13.4683291111143,0.000242624280694812,0.0122441191937744
"2354","Kifc1",1.63986754929995e-08,1.86793506702521,13.4570957684522,0.000244081290891023,0.0122441191937744
"1991","Esco2",1.63807490756284e-08,1.86766515223606,13.4276902643862,0.000247937196582086,0.0122441191937744
"1536","Kcnk12",1.63760205956157e-08,1.86759390783396,13.4199392878183,0.00024896375694008,0.0122441191937744
"179","Kif4",1.62889888364323e-08,1.86627895807471,13.2776755060233,0.000268585306390122,0.0129960632124252
"1272","Hmmr",1.61513106632611e-08,1.86418458541855,13.0541723040955,0.000302609535173275,0.014409977865394
"978","Ckap2",1.61307819121516e-08,1.86387079309114,13.0210089836525,0.00030801581339861,0.0144382412530598
"2640","Nsl1",1.60732627161052e-08,1.86298948142401,12.9283138304838,0.000323649186892797,0.0149376547796676
"2198","Dscc1",1.5884184811099e-08,1.86007035062391,12.6259382845238,0.000380430880399568,0.0172923127454349
"2002","Clspn",1.56777273835859e-08,1.85684351110519,12.2998556896524,0.000452993317529777,0.0202832828744676
"160","Sgol2a",1.56154005223247e-08,1.85586113251542,12.2022538437721,0.000477318135890645,0.021058153053999
"1077","Spag5",1.54512508135916e-08,1.85325523418479,11.9470610778002,0.000547336487648291,0.023797238593404
"2159","Spdl1",1.53205415169818e-08,1.85116061036309,11.7457845787617,0.000609811967631265,0.0261347986127685
"1534","Elane",1.51565886509871e-08,1.84850820266136,11.4957345653992,0.000697560848411327,0.029474402045549
"4","Mpo",1.511003469982e-08,1.84774990107974,11.4252239803244,0.000724536905388469,0.0301890377245195
"1620","Iqgap3",1.49336511910943e-08,1.84485579992434,11.1600414014803,0.000835780577931828,0.0343471470382943
"2095","E2f8",1.46687733121949e-08,1.84044574742562,10.767661483969,0.00103288929610996,0.0418738903828363
"1393","Arhgef39",1.45285824085809e-08,1.83807977472934,10.5628297905671,0.00115384420769873,0.0461537683079491
"1909","Cyp2j9",1.42537104656679e-08,1.8333747603255,10.1669260549422,0.00142982466099522,0.0564404471445481
"708","Prr11",1.39804565289326e-08,1.8286079188666,9.78084792057888,0.00176338975979291,0.0687034971347888
"1645","Ncapg",1.3910000766496e-08,1.82736393935915,9.68251341162473,0.00186029976286184,0.0706988612585732
"1980","Cap2",1.39089817018405e-08,1.82734590102951,9.6810947566697,0.00186173667980909,0.0706988612585732
"1015","Depdc1a",1.38207645509163e-08,1.8257794211074,9.55868029629145,0.00199006125566737,0.0746272970875263
"1161","Ticrr",1.37200426484763e-08,1.82397879390716,9.419865939701,0.00214647213095645,0.0794989678132019
"161","Ms4a3",1.34450043861814e-08,1.81899467690323,9.04598151285912,0.00263272849573592,0.0963193352098506
"2934","Mcph1",1.3285341456986e-08,1.81605501464841,8.83241042009377,0.00295927256527539,0.10603420453909
"2503","Rad54l",1.32745573015874e-08,1.81585520627854,8.81807711477612,0.0029826080541521,0.10603420453909
"34","Myb",1.3264600376011e-08,1.81567058263281,8.80485362161082,0.00300430246194088,0.10603420453909
"1527","Gas2",1.31272884972824e-08,1.81311048350611,8.62350578353239,0.00331852541155578,0.115762514356597
"1184","Ndp",1.28075591615e-08,1.80704550431209,8.20855175416228,0.00416934153721376,0.142737924748994
"2395","Pou3f3",1.27893369247998e-08,1.80669536279514,8.18521057520276,0.00422332759081403,0.142737924748994
"705","Lrr1",1.27685151409959e-08,1.80629466814588,8.15858027365432,0.00428579080709336,0.142737924748994
"2847","Pcdh17",1.27501039573814e-08,1.80593982605323,8.1350691883025,0.00434171906246518,0.142737924748994
"2942","Tom1l1",1.25795663589407e-08,1.80262880214434,7.91890513293652,0.00489208686407626,0.142737924748994
"2313","E130208F15Rik",1.25345128105663e-08,1.80174668662928,7.86228380382577,0.00504765954066644,0.142737924748994
"2098","Sgip1",1.24391580465452e-08,1.79986935404397,7.74311609796174,0.00539176796001341,0.142737924748994
"1388","Ect2",1.24293115853057e-08,1.79967469051812,7.73086251669849,0.00542848114903484,0.142737924748994
"954","Pla2g3",1.24253999238231e-08,1.79959731516925,7.72599728206507,0.00544312856887901,0.142737924748994
"1074","Gas1",1.24185026023818e-08,1.79946082288787,7.71742228298262,0.00546904289211308,0.142737924748994
"1737","Gm26601",1.24034886141925e-08,1.79916344986592,7.69877281329283,0.00552583825740834,0.142737924748994
"1509","Cdh10",1.24007323085973e-08,1.7991088188243,7.69535154795916,0.00553632253662723,0.142737924748994
"276","Elovl2",1.2381200225789e-08,1.79872134202239,7.67112912816378,0.00561113335786672,0.142737924748994
"1520","Ntrk3",1.23796514598824e-08,1.79869059187129,7.66921008316687,0.0056171042138274,0.142737924748994
"2708","Cyp7b1",1.23414591838557e-08,1.79793109642076,7.62196274804005,0.0057661697499601,0.142737924748994
"1734","Cdh11",1.23406089048827e-08,1.79791416132916,7.62091253650346,0.0057695286281212,0.142737924748994
"63","9430041J12Rik",1.23373241171987e-08,1.79784872707418,7.61685605141156,0.00578252118585298,0.142737924748994
"263","Ptchd4",1.23188342508889e-08,1.79748008092283,7.59404249560734,0.00585614891057476,0.142737924748994
"2118","Lhx2",1.23122208224825e-08,1.79734809162573,7.58589088414906,0.00588268846772779,0.142737924748994
"1401","Rab30",1.23055364833804e-08,1.7972146160581,7.57765631730743,0.00590962270017453,0.142737924748994
"2072","Sgol1",1.22528090706699e-08,1.79615922094039,7.512857158712,0.00612601199421591,0.142737924748994
"1191","Ninl",1.22351107730618e-08,1.79580396670341,7.49116927439014,0.00620022835905586,0.142737924748994
"480","Rimklb",1.21963056101509e-08,1.79502326206954,7.44372629487168,0.00636579532812062,0.142737924748994
"1569","Fzd1",1.21921562766592e-08,1.79493963848915,7.43866226157811,0.00638373236260029,0.142737924748994
"2482","A430033K04Rik",1.21865467885453e-08,1.79482654306593,7.43181892927717,0.00640805375759582,0.142737924748994
"2832","Dlgap1",1.21818615115534e-08,1.79473204173365,7.4261055081884,0.00642843186143846,0.142737924748994
"1845","Lrp1b",1.21764214954233e-08,1.79462227245492,7.41947448328707,0.00645216575734977,0.142737924748994
"946","Npr2",1.21693478416784e-08,1.79447946710857,7.41085659024558,0.00648314483245562,0.142737924748994
"968","Mfap3l",1.21675462641925e-08,1.79444308316783,7.40866251307976,0.00649105619144951,0.142737924748994
"1746","Rgs20",1.21659846046959e-08,1.79441154021718,7.40676088633449,0.00649792101171657,0.142737924748994
"1590","Mterf2",1.21634137399613e-08,1.7943596042856,7.40363088591712,0.0065092363720646,0.142737924748994
"1512","Bicd1",1.21548753707944e-08,1.79418703670306,7.3932402591586,0.00654694429734384,0.142737924748994
"222","Car8",1.21278184286938e-08,1.79363940271186,7.3603619575469,0.0066677367728758,0.142737924748994
"2050","Igsf11",1.21236430421399e-08,1.79355478538225,7.35529475337737,0.0066865546951519,0.142737924748994
"2377","Fhl1",1.21000201433806e-08,1.79307550785863,7.32665911908689,0.00679392198294372,0.142737924748994
"1733","Gm14418",1.20817770394453e-08,1.7927047475208,7.30458308245058,0.00687789534919995,0.142737924748994
"72","St8sia5",1.20680334239448e-08,1.79242506695443,7.28797388979905,0.00694177209830113,0.142737924748994
"1260","Khdrbs3",1.20563387452594e-08,1.79218683453151,7.27385572935499,0.00699654501171692,0.142737924748994
"2651","Car5b",1.20532440311412e-08,1.79212375395241,7.27012198971645,0.00701110413624525,0.142737924748994
"1007","Gpam",1.20506876824481e-08,1.79207163500849,7.2670385051417,0.00702315102672634,0.142737924748994
"2326","Ccdc17",1.20485713119523e-08,1.79202847810945,7.26448622003146,0.0070331385647728,0.142737924748994
"1164","Gldc",1.2029664420551e-08,1.79164259793638,7.2417049154223,0.00712293113338832,0.142737924748994
"1067","Spock1",1.20240596238092e-08,1.7915280919317,7.23495845477992,0.00714974647518345,0.142737924748994
"1507","C030037D09Rik",1.20165446145637e-08,1.7913744776678,7.22591761656492,0.00718584315707122,0.142737924748994
"951","Sept5",1.20061682222198e-08,1.79116221812711,7.21344371726314,0.00723595270760588,0.142737924748994
"1010","2700046A07Rik",1.2000166275074e-08,1.79103935967754,7.20623344242738,0.00726508018493559,0.142737924748994
"2172","Gm14966",1.19846727422907e-08,1.79072193041318,7.18763737712112,0.00734075733145822,0.142737924748994
"1720","Gpc4",1.19819101559831e-08,1.79066528844173,7.18432411517865,0.00735432505504068,0.142737924748994
"1647","Aox1",1.19671829234452e-08,1.79036311499073,7.16667414339207,0.00742703437271678,0.142737924748994
"2596","Tmem132a",1.19617933422924e-08,1.79025243987928,7.16022038156502,0.00745380382029652,0.142737924748994
"1912","Psd2",1.19586102269269e-08,1.7901870514715,7.15641012095659,0.00746965461414039,0.142737924748994
"1784","C330027C09Rik",1.19468396295025e-08,1.78994510756016,7.14232925946856,0.00752853094166416,0.142737924748994
"1332","1700029J07Rik",1.19444486665451e-08,1.78989593274332,7.13947070668404,0.00754054122151538,0.142737924748994
"2080","Apba2",1.19430374448888e-08,1.7898669036623,7.13778376729307,0.00754763812667295,0.142737924748994
"1728","Nudt12",1.19423952614923e-08,1.78985369271565,7.13701618316577,0.00755086959069623,0.142737924748994
"1139","Flywch2",1.19389939158543e-08,1.78978370881712,7.13295133665005,0.00756800584054079,0.142737924748994
"1602","Lpar4",1.19266453947323e-08,1.78952946825065,7.11820372064587,0.00763051212292721,0.142737924748994
"107","Pdzph1",1.19223223565715e-08,1.78944040097514,7.11304440076877,0.00765250378493717,0.142737924748994
"1452","Rgs6",1.19221629520685e-08,1.78943711616578,7.11285419559002,0.00765331577409777,0.142737924748994
"2093","Gm15448",1.19190116119495e-08,1.78937216838377,7.10909446500458,0.00766938421963798,0.142737924748994
"1259","Pard6g",1.19182166197299e-08,1.78935578125722,7.10814615041434,0.00767344259822578,0.142737924748994
"2711","Nme5",1.19111973993678e-08,1.78921104770724,7.09977594648461,0.0077093588248129,0.142737924748994
"870","Prkd1",1.19094564205982e-08,1.78917513639719,7.09770064616885,0.00771829041989657,0.142737924748994
"2984","Cmtm4",1.19068578718909e-08,1.78912152629291,7.09460366037021,0.00773163878315779,0.142737924748994
"1234","AA415398",1.19026973051646e-08,1.7890356665017,7.08964644745325,0.00775305408535799,0.142737924748994
"2089","1700086O06Rik",1.18973058192633e-08,1.78892436074184,7.08322520176214,0.00778088424430369,0.142737924748994
"1770","Schip1",1.18871834409677e-08,1.78871525259043,7.07117733396928,0.00783337654865711,0.142737924748994
"1013","Dgkb",1.18870024411409e-08,1.78871151189739,7.07096199748778,0.00783431805196932,0.142737924748994
"2641","P3h3",1.18723103155447e-08,1.78840768475466,7.05349363054979,0.00791108072335612,0.142737924748994
"1276","Gm26819",1.1862794724269e-08,1.78821070835398,7.04219148913805,0.00796115606442016,0.142737924748994
"1344","Pde10a",1.18501675912987e-08,1.78794908117675,7.02720760644535,0.00802804394295052,0.142737924748994
"856","Gm17484",1.18483404109267e-08,1.78791120025143,7.02504071963798,0.00803776436077614,0.142737924748994
"2267","Tcaim",1.18422724974256e-08,1.78778535952184,7.01784706676526,0.00807012070703089,0.142737924748994
"1399","Pou3f2",1.18375945729481e-08,1.78768830197192,7.01230379379177,0.00809514466898871,0.142737924748994
"1463","Slitrk2",1.18364845437761e-08,1.7876652655416,7.01098874675691,0.0081010928163791,0.142737924748994
"2189","Lrrc4",1.18323567456272e-08,1.78757958267326,7.00609964305802,0.00812324617189557,0.142737924748994
"1096","Adam30",1.18304569624297e-08,1.78754013797426,7.00385004863705,0.0081334602711127,0.142737924748994
"2055","Aldh1a1",1.18298865848177e-08,1.78752829415485,7.00317471665672,0.00813652912381291,0.142737924748994
"629","Sox21",1.18260277246357e-08,1.78744815061488,6.99860664843975,0.00815731852736979,0.142737924748994
"2188","Rmdn2",1.18200747295461e-08,1.78732446401405,6.99156249365033,0.00818948322397974,0.142737924748994
"2853","Fgfbp3",1.18190113121301e-08,1.78730236270644,6.99030452954424,0.00819524092109904,0.142737924748994
"973","Ceacam16",1.18186124878712e-08,1.78729407332249,6.98983277164304,0.00819740122280084,0.142737924748994
"61","Kirrel3",1.1816288465667e-08,1.78724576407284,6.98708406837307,0.00820999983806862,0.142737924748994
"1614","Dnmt3l",1.18120481992532e-08,1.78715759787507,6.98207034817477,0.00823303114491192,0.142737924748994
"92","Ccdc13",1.18117001454606e-08,1.78715035954315,6.98165888689045,0.00823492418884981,0.142737924748994
"664","E130114P18Rik",1.18093952666e-08,1.78710242061491,6.97893441746841,0.00824747012145043,0.142737924748994
"1307","Etv4",1.18063890856106e-08,1.78703988151427,6.97538177667886,0.00826385908646842,0.142737924748994
"983","Zfp462",1.17787187674148e-08,1.78646350344174,6.94272405982697,0.00841608485845357,0.142737924748994
"2821","Gm42670",1.17775885892962e-08,1.78643993324462,6.9413918031476,0.00842235540130172,0.142737924748994
"1572","Cldn12",1.17708440471274e-08,1.78629922745205,6.93344397844245,0.00845986294719674,0.142737924748994
"2611","Plcd1",1.17660506687874e-08,1.78619917884085,6.92779818905374,0.00848661047266084,0.142737924748994
"10","Lhfpl4",1.17618287865394e-08,1.78611102534957,6.92282743011612,0.0085102316017041,0.142737924748994
"1406","Rab33a",1.17554639780723e-08,1.78597806826997,6.91533700504084,0.00854595337533965,0.142737924748994
"1277","Col5a3",1.17476602273793e-08,1.78581495564309,6.90615869378275,0.00858993396124119,0.142737924748994
"874","Gabra2",1.17437840064958e-08,1.78573389583832,6.90160197702443,0.00861185479318933,0.142737924748994
"963","Sox5",1.17274129239464e-08,1.78539125136422,6.88237343148775,0.00870498925364229,0.142965478465645
"2833","Ckap2l",1.17246328331768e-08,1.78533301761135,6.8791107587954,0.00872089418640437,0.142965478465645
"2228","Ercc6",1.17023807507065e-08,1.78486641851455,6.85302392389664,0.00884913728948375,0.144279412328539
"2872","Cdh1",1.16753215113613e-08,1.78429783906208,6.82136827600164,0.00900735319300229,0.145574393494744
"562","Emid1",1.16722260639485e-08,1.78423271349494,6.81775169248338,0.00902561239667413,0.145574393494744
"137","Xirp1",1.16607152849676e-08,1.7839903870528,6.80431142215733,0.00909380166378241,0.145889866263889
"1897","Hist2h3c1",1.16121009670136e-08,1.78296434368535,6.74769441125143,0.0093868907194315,0.149609852884432
"2692","Fut10",1.16018385590574e-08,1.78274720616219,6.73577288325386,0.00944982803410537,0.149609852884432
"2769","Cadm4",1.15977039940804e-08,1.7826596712996,6.73097286330323,0.00947529068268066,0.149609852884432
"2425","Fads2",1.15835053287468e-08,1.78235883009019,6.71450196025502,0.00956319945112007,0.150207321221781
"1769","Fbln1",1.15613811060289e-08,1.78188933679823,6.68887737320685,0.00970162792118265,0.151587936268479
"2915","Hdhd3",1.15257400503988e-08,1.78113113955709,6.64770042652305,0.00992838818539816,0.154327277493236
"2413","Slc4a3",1.15005095625317e-08,1.78059300903234,6.6186279079978,0.0100917551682343,0.15605806961187
"2519","Krba1",1.14721318140907e-08,1.77998635924574,6.58600500034054,0.0102783571994228,0.157734478969384
"2940","Fgf1",1.14671566345868e-08,1.77987984914205,6.58029386441586,0.0103113867886183,0.157734478969384
"1803","Msi1",1.14601748228516e-08,1.77973030360636,6.57228344155102,0.0103578974523229,0.157734478969384
"2763","Cenpu",1.13834869212278e-08,1.77808176434313,6.48461841379338,0.0108811894893375,0.164866507414205
"1464","Brip1",1.13742054985285e-08,1.77788150168874,6.47404837515638,0.0109460907009889,0.165016442728475
"2859","Bora",1.12768155988336e-08,1.77577037753039,6.36365690873114,0.0116481229189659,0.174721843784488
"1617","Gtsf1",1.12507413817011e-08,1.7752021148607,6.33426287596156,0.0118427325168968,0.176757201744728
"918","Crocc",1.11347473616931e-08,1.77265829661719,6.20432493508953,0.0127438541812848,0.18926516110819
"2600","Cdc45",1.10939857639743e-08,1.7717581620349,6.15898303561518,0.0130746357953158,0.193221218649987
"2798","Nsg1",1.10112064507382e-08,1.76992007498565,6.06741373143905,0.013769844113225,0.202497707547426
"2138","Slc2a12",1.08782951076902e-08,1.76694012972707,5.9218236736839,0.0149544720579037,0.218845932554688
"2627","Wdhd1",1.08566260752411e-08,1.7664508971758,5.89825520375369,0.0151558913597768,0.220716864462768
"1163","Fcnb",1.07593788078919e-08,1.76424337431796,5.79306225347948,0.0160895387513288,0.233181721033751
"884","Mybl2",1.07375925585638e-08,1.7637461274078,5.76962571073452,0.0163055069870286,0.234931852834609
"2924","Cacna1f",1.0731443795591e-08,1.76360560873021,5.76301977867709,0.0163669190808111,0.234931852834609
"1680","Cks1brt",1.07231539171356e-08,1.76341603307923,5.75411952596537,0.0164500376570032,0.235000537957189
"1169","Thy1",1.07038540765089e-08,1.76297411759215,5.73342530634793,0.0166449857373419,0.236228319042295
"1539","Mgst2",1.06990851832546e-08,1.76286480145803,5.72831761294995,0.0166934678789889,0.236228319042295
"925","Cldn15",1.06688212470674e-08,1.76216994703112,5.69595666870695,0.01700404105978,0.23949353605324
"1775","Cmtr2",1.06410782000356e-08,1.76153126226361,5.66637181964194,0.0172931871550491,0.242222329545724
"548","5033430I15Rik",1.06347951262373e-08,1.76138638887715,5.65968232429357,0.0173592669507769,0.242222329545724
"572","Ckm",1.062160105113e-08,1.76108188864277,5.64564764841931,0.0174987516318248,0.243038217108677
"1630","Dyrk3",1.05524252780659e-08,1.75947928282282,5.57234979277513,0.0182462587916432,0.252252425690919
"1566","Ccne2",1.05318045782168e-08,1.75899955538471,5.55059299664134,0.0184744269854316,0.253967603476507
"2837","Atad5",1.05259523597119e-08,1.75886323853106,5.54442610324764,0.018539635053785,0.253967603476507
"1172","Zwilch",1.05089393712044e-08,1.75846652690677,5.5265177897257,0.0187303466426193,0.255413817853899
"2563","2700046G09Rik",1.04421809358621e-08,1.75690370116219,5.45652598378902,0.0194953696865123,0.264643027418719
"1068","Inpp5j",1.04151979357829e-08,1.75626922739833,5.42836266934388,0.0198122464058361,0.267733059538326
"1921","Chtf18",1.03734718489718e-08,1.75528488912562,5.38495483116139,0.0203111139675074,0.273243685661534
"1092","Exo1",1.02833540272285e-08,1.75314557816424,5.29179942283091,0.0214260700155961,0.286956294851734
"1457","Ccdc18",1.02225131086747e-08,1.75169079471454,5.22936735770731,0.0222086088357025,0.296114784476033
"2961","1810044D09Rik",9.97890073462198e-09,1.74577890080317,4.98309543044259,0.0255961458021283,0.339771846930906
"2666","Anln",9.837892970192e-09,1.74229160921991,4.84326225664641,0.0277543434716577,0.365334279426806
"2259","Satb1",9.83719498874697e-09,1.74227422500974,4.8425750389102,0.0277654052364373,0.365334279426806
"564","Cntnap2",9.69435495381436e-09,1.73869075293369,4.70296377604421,0.0301106507980486,0.392681225251808
"1466","Casc5",9.69055315569204e-09,1.73859466637316,4.69927581268249,0.030175329442307,0.392681225251808
"1773","B3gat2",9.68696667645596e-09,1.73850398770085,4.69579804705954,0.0302364543443892,0.392681225251808
"385","4931428F04Rik",9.67124946374688e-09,1.73810621109232,4.68057243834191,0.0305055814851989,0.39446872610171
"2581","Rnf144a",9.66065008034836e-09,1.73783759824155,4.67031854181248,0.0306882350503797,0.395127489919053
"1328","Gm3550",9.60818739329313e-09,1.73650377938418,4.6197314347884,0.0316061864598146,0.405207518715572
"32","Cdc25c",9.49190965542907e-09,1.73352173910059,4.50859257229729,0.0337249803487203,0.430531664026217
"1986","Hist2h2ac",9.46285354174802e-09,1.73277094602049,4.48103190753628,0.0342730217599718,0.435056906541909
"2587","Rem1",9.45777984311772e-09,1.73263961152706,4.4762280055569,0.0343694956168108,0.435056906541909
"326","Tmem8b",9.26519996018923e-09,1.72760255495823,4.29579346148601,0.0382067640611925,0.481597866317552
"911","Ttk",9.23776965814107e-09,1.72687671076457,4.27039509269674,0.0387819122108948,0.486802245325039
"2879","Ttll4",9.18857402879911e-09,1.72556958598403,4.22503233091978,0.0398318603818172,0.497898254772716
"813","Nek2",9.0674920246854e-09,1.72232282126895,4.11441565630718,0.0425192114493913,0.529284789826448
"2246","Gm10260",9.05127075148509e-09,1.72188461080214,4.0997078711577,0.0428906237003002,0.531701946697936
"2698","Trip13",8.99419380235242e-09,1.72033652273065,4.04816571084418,0.0442193682513015,0.545918126559278
"2441","Prss16",8.96753556225772e-09,1.71961015441222,4.02420424277318,0.0448517741163705,0.551456239135703
"2499","Scnn1a",8.94782761909992e-09,1.71907179367468,4.00653570061846,0.045324189321236,0.554990073321257
"1108","Kifc5b",8.92408956573784e-09,1.71842178828961,3.9853056981586,0.0458987712562151,0.559741112880672
"2877","Rnls",8.89680868328736e-09,1.71767266292361,3.96097683564272,0.0465666732454933,0.565587124439189
"2101","Raet1e",8.85353372307167e-09,1.71647968615223,3.92253738151279,0.0476429204438067,0.574205488044763
"1768","Cep128",8.85289122757735e-09,1.71646193096201,3.92196808992197,0.0476590555077154,0.574205488044763
"1130","Xrcc2",8.83823578727672e-09,1.71605658641713,3.90899366340669,0.0480283485395178,0.576340182474213
"591","Hal",8.77606867899876e-09,1.71432974955085,3.85419626189118,0.0496216963004428,0.591941221137221
"1961","Mutyh",8.77217066961709e-09,1.71422107174884,3.85077323564811,0.0497230625755265,0.591941221137221
"2167","Stk26",8.69546364794423e-09,1.71207271079475,3.7837225827025,0.0517534000225556,0.613676680109355
"2467","Galnt18",8.66903368824165e-09,1.71132814675161,3.7607562042916,0.052468844172517,0.619710757943114
"2231","Cep76",8.64903693034163e-09,1.71076332498737,3.74342643048252,0.0530156238383907,0.623713221628126
"2014","Hist2h3b",8.57674182708873e-09,1.70871050369317,3.68110727682227,0.0550322916819718,0.644909668148106
"1637","Klrb1f",8.56367076867193e-09,1.70833753020712,3.66989572246655,0.0554036503668226,0.646735218289758
"2920","Hist1h1b",8.53047600008568e-09,1.70738781215147,3.64150013401299,0.0563561340200148,0.654457151652461
"1890","BC055324",8.5254521749231e-09,1.70724376074884,3.63721224362717,0.0565014674259958,0.654457151652461
"1704","Zfp382",8.434939918302e-09,1.70463400612778,3.56039175234909,0.0591737720498549,0.682774292882942
"649","1700056E22Rik",8.40614548220802e-09,1.70379797955097,3.53612495545066,0.0600455887679129,0.690179181240378
"513","Tcaf2",8.36878206377518e-09,1.70270893946083,3.50476026136505,0.0611927016160796,0.698729435562247
"2203","Ecm2",8.36676050599555e-09,1.70264988002807,3.50306725046217,0.0612552805176237,0.698729435562247
"290","Srl",8.35130012297818e-09,1.70219774201571,3.49013303937928,0.0617356233622628,0.701343360361196
"2509","Id4",8.33845200863756e-09,1.70182137130237,3.4794024622858,0.0621371732154911,0.701343360361196
"2511","Pgk1-rs7",8.33690150143664e-09,1.70177591231909,3.47810861614001,0.062185777952026,0.701343360361196
"217","RP23-402A4.1",8.24047885295227e-09,1.69893241341926,3.39811989418616,0.0652707751581986,0.733379496159535
"1372","2810021J22Rik",8.08954532483029e-09,1.69441484622064,3.27477921060423,0.0703523923490182,0.787526780026323
"669","9530077C05Rik",8.00307724060458e-09,1.69178919164458,3.20514599326878,0.073406957088784,0.818495701711811
"1140","Sntb1",7.99591911115852e-09,1.69157057873142,3.19941505030085,0.073664613154063,0.818495701711811
"1090","Rad51c",7.8751773254862e-09,1.68785369486523,3.10351952901146,0.078123229784033,0.864672865571139
"2923","Hist1h2bj",7.86794810256504e-09,1.68762937303336,3.0978242320755,0.0783970064784499,0.864672865571139
"823","Cenpi",7.73732271547487e-09,1.68354068914556,2.99581659215172,0.0834798165218419,0.917360621119142
"2114","Rtel1",7.72379910261739e-09,1.68311350740753,2.98535331977203,0.084020948557336,0.919937392963532
"2523","Kif2c",7.5783587311022e-09,1.67847217102341,2.87398249092571,0.0900218577137561,0.982056629604612
"2430","Rps6ka5",7.51954833141218e-09,1.67657041109638,2.82954958900345,0.0925443111615483,0.999999999774867
"448","Brca1",7.51874402640796e-09,1.67654430064821,2.8289443135053,0.0925791982370687,0.999999999774867
"1490","Dlgap5",7.38960168853728e-09,1.67231577388312,2.73259871060064,0.0983191856455523,0.999999999774867
"1241","Cdca2",7.31150167773294e-09,1.6697230323572,2.67514278511715,0.101926184157938,0.999999999774867
"2737","Cdca7l",7.09441137199123e-09,1.66237006834772,2.51864254118018,0.11250739712717,0.999999999774867
"2918","Dnph1",6.93849521062636e-09,1.65695090872893,2.40915301724317,0.12062761620979,0.999999999774867
"1488","Adam23",6.90623294387563e-09,1.65581459044974,2.3868011860058,0.122363784710741,0.999999999774867
"1856","Gm8394",6.87563055372332e-09,1.65473188784375,2.36569561573714,0.12402861602499,0.999999999774867
"1508","Dio2",6.86604746063997e-09,1.65439186404519,2.35910570891106,0.124553573645733,0.999999999774867
"2944","Cenpk",6.84548440950546e-09,1.65366067136044,2.3449963483367,0.125685856136538,0.999999999774867
"2642","Fut7",6.82643430248212e-09,1.65298134172678,2.33196285942435,0.126741971627351,0.999999999774867
"1496","Atp8b2",6.76981636997808e-09,1.65095124909287,2.29344102424369,0.129921602026087,0.999999999774867
"1530","Pafah2",6.7011676032575e-09,1.6484672048825,2.24716395379312,0.133859532119101,0.999999999774867
"913","Pole",6.69580127535901e-09,1.6482719691223,2.24356631503202,0.134171212476957,0.999999999774867
"2141","Cep112",6.6880975883083e-09,1.64799142654662,2.23840672639596,0.13461962917986,0.999999999774867
"2088","Syne3",6.68600287646082e-09,1.64791508903466,2.23700480820959,0.134741758413981,0.999999999774867
"703","Eme1",6.68089305094119e-09,1.64772877287015,2.23358682097001,0.135040038880318,0.999999999774867
"2701","Hyls1",6.67025712656324e-09,1.64734051122847,2.22648077976951,0.135662535429581,0.999999999774867
"1863","Pidd1",6.64919958573457e-09,1.64657000728313,2.21244527741014,0.136901520387507,0.999999999774867
"2585","Suv39h2",6.55506130888685e-09,1.64309576695313,2.15024187498114,0.142547431287944,0.999999999774867
"1538","Kif15",6.54499303373968e-09,1.64272128202358,2.14364160087279,0.143161702188772,0.999999999774867
"2177","Dcbld2",6.50675877519455e-09,1.64129398328258,2.11866948861034,0.145512907509353,0.999999999774867
"461","Ddias",6.48269427837018e-09,1.64039140041174,2.10302715841351,0.147007838043874,0.999999999774867
"1776","Mirt1",6.47429701662312e-09,1.64007566809646,2.09758243708092,0.147532246301339,0.999999999774867
"1306","Rundc3a",6.47321011543542e-09,1.64003477171341,2.09687821437839,0.147600227567638,0.999999999774867
"778","Hist1h2ak",6.46727898370884e-09,1.6398114841149,2.09303741113097,0.147971617692833,0.999999999774867
"798","Oip5",6.45920253715334e-09,1.63950710759142,2.08781303480751,0.148478488707347,0.999999999774867
"1419","C430042M11Rik",6.44635995246053e-09,1.63902233630681,2.07951905113935,0.149287207764511,0.999999999774867
"2426","Gpc1",6.41710612306054e-09,1.63791452239987,2.06068800145402,0.151141915872147,0.999999999774867
"2329","Gm5141",6.39022123661661e-09,1.6368920182909,2.04345739686814,0.152861866161396,0.999999999774867
"2929","Dmwd",6.37744003900256e-09,1.63640442670627,2.03529125912013,0.153684742547728,0.999999999774867
"2399","Scara3",6.37344410989368e-09,1.63625178776383,2.03274154273927,0.153942697425693,0.999999999774867
"628","Pdcd1",6.31454487343195e-09,1.63399090683446,1.99534458641668,0.157783175950979,0.999999999774867
"623","BC030499",6.31198329229282e-09,1.63389210787246,1.99372603735587,0.157951834073625,0.999999999774867
"2356","Nqo1",6.29736473510612e-09,1.63332751941654,1.98450178996367,0.1589169548077,0.999999999774867
"704","Hist1h2ag",6.29040924581284e-09,1.63305843515607,1.98012041500083,0.159377721879813,0.999999999774867
"1357","Gpr162",6.28316675310575e-09,1.63277793575659,1.97556339770325,0.159858574850752,0.999999999774867
"791","Sox1",6.27895150049425e-09,1.6326145335829,1.97291355385184,0.160138943980263,0.999999999774867
"2332","Grik5",6.27278986167624e-09,1.63237548600649,1.96904334841756,0.160549441750437,0.999999999774867
"1763","Rnf182",6.26446241300365e-09,1.63205204529195,1.9638188075734,0.161105492066156,0.999999999774867
"1186","Mro",6.2622368388691e-09,1.63196553150565,1.96242368451906,0.161254346810803,0.999999999774867
"2992","Zic2",6.25986074770863e-09,1.63187313326881,1.96093475554232,0.161413383325598,0.999999999774867
"1868","Prrt1",6.25671657693184e-09,1.63175081381597,1.9589653937272,0.161624010970787,0.999999999774867
"877","2810459M11Rik",6.2422705000338e-09,1.63118802985225,1.94992976160422,0.162594419783099,0.999999999774867
"554","Fancd2",6.24183878730276e-09,1.63117119162112,1.94966005833099,0.162623487386948,0.999999999774867
"2136","Gm6576",6.23904150023601e-09,1.63106206029693,1.9479129652075,0.162811926222682,0.999999999774867
"1844","Meis2",6.23501490925142e-09,1.63090488506949,1.94539946445339,0.163083466032699,0.999999999774867
"1302","Efemp1",6.23378909271446e-09,1.6308570162866,1.94463460071192,0.163166198763634,0.999999999774867
"1652","Pxylp1",6.21719906694358e-09,1.63020825265525,1.93429783482685,0.164289006161848,0.999999999774867
"1826","Ppp1r3g",6.21230042778991e-09,1.63001636178111,1.93125090192999,0.164621654895543,0.999999999774867
"1176","Srd5a1",6.20643507996442e-09,1.62978640636468,1.92760583968747,0.165020616230036,0.999999999774867
"1055","Syn2",6.20502043042137e-09,1.62973091188298,1.92672721100229,0.165116949641014,0.999999999774867
"747","Kcnk2",6.19679719069054e-09,1.62940807986982,1.92162378183797,0.165677766102247,0.999999999774867
"2213","Sox2",6.19530749386664e-09,1.62934955142655,1.92069998437597,0.165779515034051,0.999999999774867
"1434","Gjb2",6.19111339542103e-09,1.6291846956522,1.91810031419469,0.166066231871135,0.999999999774867
"2266","Cenpj",6.18801524043047e-09,1.62906284696638,1.91618108423027,0.166278267245897,0.999999999774867
"2593","Gltscr1",6.18479332612528e-09,1.62893606707675,1.91418620743768,0.166498988491558,0.999999999774867
"595","Hspb3",6.1723058303892e-09,1.62844407750008,1.90646428057583,0.167356541569843,0.999999999774867
"495","Ulk4",6.16698727777665e-09,1.62823423600833,1.90318017175163,0.167722788193764,0.999999999774867
"1561","Irs1",6.14399966707914e-09,1.62732521140302,1.88901830500226,0.169312688675481,0.999999999774867
"2310","1700012B09Rik",6.10990652867262e-09,1.62597083485744,1.86811209385199,0.171691460441115,0.999999999774867
"719","Rlbp1",6.09783523614819e-09,1.6254895064389,1.8607377580906,0.172539676551343,0.999999999774867
"1669","Cecr2",6.09778015793684e-09,1.6254873081084,1.86070414431106,0.172543553913512,0.999999999774867
"1988","Col11a2",6.09378537632056e-09,1.62532781260808,1.85826697152825,0.172824949901429,0.999999999774867
"2615","Nav3",6.09175661035248e-09,1.62524677269777,1.85702985502373,0.172967989307789,0.999999999774867
"574","1700007G11Rik",6.0815648102413e-09,1.62483925389853,1.85082125351784,0.17368790792066,0.999999999774867
"1211","Apol7d",6.07866266821577e-09,1.62472308866726,1.84905523944171,0.17389331559553,0.999999999774867
"891","Kif18a",6.07809793960353e-09,1.62470047768742,1.84871168825266,0.173933307014252,0.999999999774867
"2436","Fgfr2",6.06625937747471e-09,1.62422599999624,1.84151707764307,0.174773240526402,0.999999999774867
"1046","Zfp128",6.05121302670814e-09,1.62362163804467,1.83239325108648,0.17584512797155,0.999999999774867
"348","Gnrh1",6.04378076973879e-09,1.62332256203785,1.82789482937888,0.17637640023237,0.999999999774867
"2028","Dlg4",6.04354164224761e-09,1.6233129334634,1.8277501877136,0.176393513378315,0.999999999774867
"559","Dusp15",6.04280927163911e-09,1.62328344189902,1.82730723241036,0.176445933141274,0.999999999774867
"2033","Esr1",6.04219059150624e-09,1.62325852574869,1.82693308166104,0.176490224502887,0.999999999774867
"173","Pih1d2",6.03394041806317e-09,1.6229260252639,1.82194739828974,0.177081647368605,0.999999999774867
"478","Trim46",6.03093633203896e-09,1.62280484252524,1.82013368325154,0.177297364893268,0.999999999774867
"1919","Faim2",6.02536288776677e-09,1.6225798559391,1.81677111211776,0.177698101310135,0.999999999774867
"2090","Amigo1",6.02511469566298e-09,1.62256983224713,1.8166214451297,0.177715962251188,0.999999999774867
"1004","Helq",6.02157399151321e-09,1.62242679008633,1.81448696986327,0.177970911688333,0.999999999774867
"1270","Gria3",6.01983130452289e-09,1.62235635620116,1.81343687057822,0.178096494306935,0.999999999774867
"1448","Zranb3",6.01719822703893e-09,1.62224989740882,1.81185082097824,0.178286365908863,0.999999999774867
"2639","Kcnn2",6.01127419063862e-09,1.62201021279115,1.80828497981214,0.178714099689248,0.999999999774867
"1958","Bag2",5.99948724082456e-09,1.6215326230943,1.80120053576661,0.179567423695737,0.999999999774867
"862","Neil2",5.9984660923914e-09,1.62149120413971,1.80058743784615,0.179641492729552,0.999999999774867
"1960","Nr3c2",5.99060118165084e-09,1.62117196114373,1.79586883967902,0.180212735468934,0.999999999774867
"2882","Atp9a",5.98703475178858e-09,1.62102706070454,1.79373117985377,0.180472216026381,0.999999999774867
"1910","Nrcam",5.98498693698807e-09,1.62094382159162,1.79250432842833,0.180621332999706,0.999999999774867
"236","Cyb5d1",5.98324650406558e-09,1.62087305478932,1.79146196025917,0.18074813907638,0.999999999774867
"79","Lgr6",5.9754741468562e-09,1.62055677926685,1.78681069323498,0.181315231576234,0.999999999774867
"2850","Ddit4l",5.97161695922164e-09,1.62039967058877,1.78450465374181,0.18159715239038,0.999999999774867
"108","Gdf10",5.97055585618061e-09,1.62035643282025,1.78387052898302,0.181674765147464,0.999999999774867
"715","B3galt2",5.97049094762185e-09,1.62035378768396,1.78383174269964,0.181679513583311,0.999999999774867
"2813","Sh3d19",5.9553060630185e-09,1.61973419679251,1.77476956219982,0.182792907947504,0.999999999774867
"505","Gm12359",5.94908431110732e-09,1.61947987981938,1.77106315057555,0.183250560499098,0.999999999774867
"1217","9130008F23Rik",5.94683072912483e-09,1.61938769891687,1.769721606286,0.183416536203288,0.999999999774867
"2650","Chpf",5.9451232618706e-09,1.61931783344734,1.7687054993797,0.183542364846298,0.999999999774867
"2020","Mns1",5.94077103216465e-09,1.61913966110967,1.76611682472369,0.183863383579945,0.999999999774867
"2427","Kif20b",5.93766466780581e-09,1.61901241349598,1.76427034116441,0.184092761955327,0.999999999774867
"1722","Odf3b",5.933670312191e-09,1.61884869413629,1.76189743761226,0.184388022176403,0.999999999774867
"1656","Map7d2",5.93157916992356e-09,1.61876293973013,1.76065580173256,0.184542737809175,0.999999999774867
"328","Atp2b3",5.93139998255706e-09,1.61875559015577,1.76054942786412,0.184555999666392,0.999999999774867
"792","4930427A07Rik",5.91497524708919e-09,1.6180809794706,1.75081259606691,0.185774610331152,0.999999999774867
"2415","Adora1",5.90027424833296e-09,1.61747559929438,1.74212051962562,0.186870367046126,0.999999999774867
"846","Nkain2",5.88718804845792e-09,1.61693546331306,1.7344014018855,0.187849772500933,0.999999999774867
"1978","Hist1h3a",5.87959195269323e-09,1.61662138939675,1.72992857732121,0.188420019146303,0.999999999774867
"1251","C1qtnf6",5.87662899501016e-09,1.61649877223264,1.72818545851694,0.188642797237679,0.999999999774867
"829","Akr1c12",5.82813448033247e-09,1.61448319585645,1.6997808335977,0.192316641789575,0.999999999774867
"2803","Gpc5",5.8145612527432e-09,1.61391608982336,1.69187276407969,0.193354281534909,0.999999999774867
"2273","Map1a",5.81285447775305e-09,1.61384468631163,1.69087966341992,0.193485050763873,0.999999999774867
"2386","Nek8",5.79128577762721e-09,1.61294056689529,1.67835486510807,0.195143195722241,0.999999999774867
"2508","Rasl11b",5.78649256014913e-09,1.61273919336253,1.67557779934586,0.19551309676851,0.999999999774867
"2797","Zfp775",5.78290328107052e-09,1.61258829219025,1.67349976985153,0.195790424152248,0.999999999774867
"1012","6430573F11Rik",5.7726952853498e-09,1.61215862030834,1.66759685219488,0.196580725695902,0.999999999774867
"1384","Zfp296",5.77057450962148e-09,1.61206925927208,1.66637179210936,0.196745208565521,0.999999999774867
"2869","Lrp4",5.76488355434145e-09,1.61182930497254,1.66308665260318,0.197187085043725,0.999999999774867
"2071","Xlr3b",5.74824854447039e-09,1.61112656241684,1.6535025743738,0.198482881657767,0.999999999774867
"2263","9130019O22Rik",5.74436261250457e-09,1.61096211311997,1.65126772784267,0.198786474359701,0.999999999774867
"1671","Smco3",5.73861526562284e-09,1.61071868915147,1.64796512966182,0.19923611424051,0.999999999774867
"2230","Intu",5.73464324428875e-09,1.61055031707109,1.64568461876973,0.199547296699256,0.999999999774867
"2950","Wasf3",5.73333726666245e-09,1.61049493218594,1.64493514492327,0.199649689212323,0.999999999774867
"434","Mmp11",5.72596411044537e-09,1.61018201226489,1.64070704369725,0.200228486527615,0.999999999774867
"2720","Fut9",5.71649768933476e-09,1.60977967027947,1.6352865469193,0.200973401308171,0.999999999774867
"1511","Cbarp",5.70931593025034e-09,1.60947399254897,1.63118023659265,0.201539882947829,0.999999999774867
"944","Zfp286",5.68735865528873e-09,1.60853706647625,1.61865775541417,0.20327904602784,0.999999999774867
"2498","Spsb4",5.68272454537896e-09,1.60833887133683,1.6160210368798,0.203647490948647,0.999999999774867
"2452","9130230L23Rik",5.6612069067927e-09,1.60741649575106,1.60380607821492,0.205364666894515,0.999999999774867
"1334","Fstl3",5.64988716429263e-09,1.60692987490894,1.59739877965281,0.206272231447855,0.999999999774867
"1743","Lrtm2",5.61135598944071e-09,1.60526623502886,1.57568515198522,0.209383308902756,0.999999999774867
"2207","Arxes2",5.60690067568597e-09,1.60507314430311,1.57318401507636,0.209745219410918,0.999999999774867
"2275","Slc25a29",5.60116653294885e-09,1.60482440709779,1.56996788929639,0.210211677023303,0.999999999774867
"2974","Zfp111",5.57970821049355e-09,1.60389134904909,1.55796169551206,0.211963916961219,0.999999999774867
"1076","Ngfr",5.56325997657017e-09,1.60317374285392,1.54878990844005,0.213314172091176,0.999999999774867
"1992","Entpd2",5.55491479693924e-09,1.60280885769228,1.54414686245014,0.214001606918746,0.999999999774867
"2645","Gm9008",5.55193592748344e-09,1.60267847850343,1.54249118320099,0.214247378120631,0.999999999774867
"123","Stk36",5.54661010986701e-09,1.60244520607503,1.53953326488181,0.214687291113673,0.999999999774867
"1573","Dtx1",5.54285360312678e-09,1.60228053707898,1.53744863712572,0.214997970267457,0.999999999774867
"2688","Lysmd4",5.52892015304798e-09,1.60166879245084,1.52972877279646,0.216153155669904,0.999999999774867
"2541","Rnf152",5.51107115758835e-09,1.60088291215747,1.51986787835044,0.217639488284804,0.999999999774867
"2147","Zfp438",5.50944266175239e-09,1.60081108560107,1.51896978331581,0.217775462329115,0.999999999774867
"1348","Antxr1",5.50670942335715e-09,1.60069048612454,1.51746303319405,0.218003815997968,0.999999999774867
"472","Tmem121",5.50295373136741e-09,1.60052467632636,1.51539385544771,0.218317873173951,0.999999999774867
"2916","5930430L01Rik",5.49063128429216e-09,1.59997986874324,1.50861478573261,0.219350579504043,0.999999999774867
"496","Kcnj16",5.48800619614003e-09,1.59986365097858,1.50717258359159,0.219571032457559,0.999999999774867
"2471","Fkbp10",5.48430245960412e-09,1.59969958609335,1.5051389537736,0.219882339912414,0.999999999774867
"118","Nckap5",5.4798927538441e-09,1.59950410627513,1.50271948416814,0.220253398557381,0.999999999774867
"1839","Kif3c",5.47895292772520e-09,1.5994624242529,1.50220408214238,0.220332539103629,0.999999999774867
"2016","Gm14964",5.46938262225293e-09,1.59903757187822,1.49696074601991,0.22113959361172,0.999999999774867
"2325","Hgf",5.46801570608833e-09,1.59897683086801,1.49621259425008,0.221255037030642,0.999999999774867
"2827","Il1r1",5.45821416031778e-09,1.59854084511943,1.49085340980024,0.222084095703249,0.999999999774867
"1997","Serp2",5.44473659869193e-09,1.59794008312383,1.48349999311216,0.223227717814365,0.999999999774867
"1939","Ngef",5.44000296206687e-09,1.59772873339938,1.48092161409634,0.223630382888382,0.999999999774867
"714","Fam19a5",5.43230769090559e-09,1.59738476386614,1.47673483950224,0.224286086546047,0.999999999774867
"2760","Abcb9",5.43024445689462e-09,1.59729245806734,1.47561330106575,0.224462125320437,0.999999999774867
"2986","Trim68",5.39760311963282e-09,1.5958275175618,1.45792672054041,0.227260289468077,0.999999999774867
"2328","Syn3",5.37890943989192e-09,1.59498460805533,1.44784564574667,0.228873951668269,0.999999999774867
"1640","Gabrg1",5.37813191224103e-09,1.59494948632004,1.44742710043638,0.228941245082176,0.999999999774867
"1559","Kcna2",5.363141499147e-09,1.59427137321448,1.43936954742036,0.230241388612369,0.999999999774867
"1816","Ppp2r2b",5.3602550998075e-09,1.59414058820964,1.43782065025744,0.230492332399008,0.999999999774867
"1555","Clcn2",5.35385835135825e-09,1.5938504989126,1.43439100412186,0.231049158959601,0.999999999774867
"727","Gm973",5.35327282536407e-09,1.59382392853582,1.43407727625042,0.231100175752756,0.999999999774867
"2839","Vars2",5.31995056538113e-09,1.59230706824667,1.41627957767803,0.234016738271523,0.999999999774867
"1925","Tox2",5.31130755203203e-09,1.59191210017567,1.41168142226715,0.23477746804066,0.999999999774867
"544","C230035I16Rik",5.30428253751915e-09,1.59159060419684,1.40794956379176,0.235397075724363,0.999999999774867
"1862","Nlgn3",5.30115168098183e-09,1.5914471869775,1.4062879678544,0.235673590409958,0.999999999774867
"801","Unc13c",5.26497672834827e-09,1.58978401284435,1.38716049233321,0.238885210341468,0.999999999774867
"1023","Cfap100",5.25623132009301e-09,1.58938024417044,1.38255602394157,0.23966624289169,0.999999999774867
"680","Ska3",5.23920494242258e-09,1.58859224591253,1.37361357318305,0.241191990854016,0.999999999774867
"1885","Otx2",5.23015185321561e-09,1.58817223083542,1.36887060075504,0.242006024911671,0.999999999774867
"2484","Xrcc5",5.21360908077843e-09,1.58740287933218,1.36022492354554,0.243498504185861,0.999999999774867
"2164","Ccdc146",5.17176315008187e-09,1.5854459622655,1.33847743564495,0.247302654052114,0.999999999774867
"2205","Dpy19l3",5.16793990011973e-09,1.5852663910268,1.33649921578055,0.247652283334262,0.999999999774867
"1893","Heca",5.16735246731966e-09,1.5852387887465,1.3361953969007,0.247706033650524,0.999999999774867
"2104","1700088E04Rik",5.14620463681183e-09,1.58424302877931,1.32528079002234,0.249646508533332,0.999999999774867
"1430","Wdr90",5.07414973516982e-09,1.5808197198528,1.28842860156049,0.256337741426437,0.999999999774867
"2928","Tmem194b",5.05878013905835e-09,1.58008331450929,1.28063512395963,0.257780978142855,0.999999999774867
"1050","Gm996",5.00045649069189e-09,1.57726863348149,1.25127597200372,0.263308913422585,0.999999999774867
"2478","Map2k6",4.99256619638455e-09,1.5768853668711,1.24733027369737,0.264062993767001,0.999999999774867
"771","Cmbl",4.94603069260644e-09,1.57461271046662,1.22418601393187,0.268540706775862,0.999999999774867
"844","Fam83d",4.9166006348609e-09,1.57316452492143,1.2096609613654,0.271399278020536,0.999999999774867
"553","Lmtk3",4.87937309148483e-09,1.57132034974885,1.1914116790674,0.275044988750606,0.999999999774867
"2814","Zfp60",4.87115902017852e-09,1.57091157382268,1.18740374484885,0.275853877922199,0.999999999774867
"2896","Zfp275",4.81455101320251e-09,1.56807583841855,1.15996633394642,0.281472522584248,0.999999999774867
"31","Fanci",4.80719190206584e-09,1.56770477697496,1.15642299327042,0.282208617303339,0.999999999774867
"465","Vegfc",4.77801924265563e-09,1.56622830015719,1.1424299716527,0.285139447251156,0.999999999774867
"1727","Slc6a17",4.75894954868793e-09,1.56525833931606,1.13332899742914,0.287066370103927,0.999999999774867
"1054","Gm13056",4.74213359168913e-09,1.56439982756894,1.12533381263827,0.288772838116338,0.999999999774867
"2818","Gpsm2",4.7225830445238e-09,1.56339792407023,1.11607403981112,0.290765387952225,0.999999999774867
"1550","Hist1h4n",4.66784826364198e-09,1.56057103549807,1.09035334340005,0.296392932664603,0.999999999774867
"2697","Aars2",4.66641474063019e-09,1.56049655987314,1.08968373868705,0.296541292764487,0.999999999774867
"525","5830468F06Rik",4.64850587688028e-09,1.5595642371041,1.08133576656843,0.298398928007328,0.999999999774867
"2997","Upb1",4.64807583506407e-09,1.55954180591507,1.08113570310743,0.298443630350931,0.999999999774867
"851","Fancb",4.60132428006561e-09,1.55709093721146,1.0594963922077,0.303330074303509,0.999999999774867
"753","Gm26850",4.56429883460123e-09,1.55513245710806,1.0425141086924,0.30723747680878,0.999999999774867
"78","B230217O12Rik",4.55969986205923e-09,1.55488809914889,1.04041429950983,0.307725136385757,0.999999999774867
"355","Zik1",4.55790418368441e-09,1.55479262310527,1.03959499927402,0.307915683064066,0.999999999774867
"2470","Ppp1r3c",4.55569093554207e-09,1.55467489387799,1.03858562173037,0.308150647151735,0.999999999774867
"1492","Txk",4.55053460733932e-09,1.55440039461713,1.03623591990272,0.308698516117413,0.999999999774867
"1900","Itgb4",4.52624881273201e-09,1.55310339265303,1.02520483848491,0.311287580266325,0.999999999774867
"1696","Alms1",4.52302694556073e-09,1.55293081099831,1.02374583861318,0.311632130562918,0.999999999774867
"2281","Hist1h2ac",4.49364656670184e-09,1.55135141371306,1.01048907429028,0.314785700463807,0.999999999774867
"988","Efcab11",4.49226733424433e-09,1.55127702051033,1.00986887177776,0.314934255321741,0.999999999774867
"466","Tmem81",4.48138610829315e-09,1.55068931674804,1.0049825628462,0.316107869634422,0.999999999774867
"657","Gpr179",4.47257341650878e-09,1.55021230404209,1.0010338322248,0.317060479973898,0.999999999774867
"665","Asprv1",4.4684483290614e-09,1.5499887031182,0.999188161982904,0.317507028667635,0.999999999774867
"242","Gm17552",4.45646672990744e-09,1.54933808293544,0.99383694357395,0.31880639672263,0.999999999774867
"1913","Clec9a",4.44866710013738e-09,1.54891362298097,0.99036119592056,0.319654111079658,0.999999999774867
"2321","Gm15706",4.40732919767385e-09,1.54665167038637,0.972041440896068,0.324171576650682,0.999999999774867
"2411","Abcb4",4.37870603386171e-09,1.54507316041514,0.959456697175591,0.327323800508591,0.999999999774867
"2806","Rmi2",4.34708193384269e-09,1.54331728122107,0.945647875224842,0.330829572839948,0.999999999774867
"2041","Pomgnt2",4.33871445188704e-09,1.54285058254874,0.942010917707444,0.331761221112246,0.999999999774867
"2826","Rsph1",4.33705339791566e-09,1.54275783123085,0.941289767943481,0.331946366943758,0.999999999774867
"105","Gm17092",4.32708258910618e-09,1.54220033567015,0.936966726010171,0.333059144881867,0.999999999774867
"1968","Gm17227",4.31700262126623e-09,1.54163544773939,0.932606470041847,0.334186550116758,0.999999999774867
"811","Rnase2a",4.31583385686087e-09,1.54156986530472,0.93210155967152,0.334317430886221,0.999999999774867
"2857","Thnsl1",4.28480217927246e-09,1.53982216139907,0.91874576839698,0.337804508157683,0.999999999774867
"2113","2900052N01Rik",4.27874322680554e-09,1.53947946539974,0.9161492885888,0.338488078802338,0.999999999774867
"2971","4732440D04Rik",4.27586786298298e-09,1.53931666659213,0.914918376961817,0.338812787664189,0.999999999774867
"2078","Prdm5",4.20331871329273e-09,1.53517291910489,0.884134712428236,0.347071710336374,0.999999999774867
"2560","4930430E12Rik",4.15290364514326e-09,1.53225165116187,0.863053084412197,0.352885715708976,0.999999999774867
"1283","Bbs1",4.15196321530111e-09,1.53219682699099,0.862662249927805,0.352994750778193,0.999999999774867
"2786","Vsig10",4.1296432206202e-09,1.53089203344043,0.853412234140587,0.355588822130146,0.999999999774867
"2322","Cep97",4.11705851349963e-09,1.53015328135045,0.848218769255798,0.357056728124884,0.999999999774867
"1553","1700020L24Rik",4.11475689817074e-09,1.53001793027846,0.847270651752881,0.357325605519501,0.999999999774867
"2991","Heatr5b",4.10434761983827e-09,1.52940485823701,0.842989319586632,0.358543221156859,0.999999999774867
"2900","Cthrc1",4.09926124731558e-09,1.52910472993347,0.840901240663552,0.35913914271608,0.999999999774867
"373","Nr0b2",4.0956067353134e-09,1.52888886373113,0.839402573632318,0.359567690959626,0.999999999774867
"2728","4931414P19Rik",4.09297936346475e-09,1.52873355167763,0.838325949125133,0.359875989494841,0.999999999774867
"2682","Zfp777",4.07692798497552e-09,1.52778256512246,0.831763540546917,0.361763078114924,0.999999999774867
"2912","Magi3",4.06488574828444e-09,1.52706667895989,0.826857149932859,0.363182894024798,0.999999999774867
"1767","Dsel",4.05509927219827e-09,1.52648335120746,0.82288051826534,0.364339313917832,0.999999999774867
"2166","Ccdc62",4.04396209544984e-09,1.52581782324233,0.818366704869497,0.365658136080774,0.999999999774867
"1791","Gm16973",4.02156829286661e-09,1.52447414162748,0.809328242037141,0.368318930682901,0.999999999774867
"2782","Lclat1",4.01443799274646e-09,1.52404475778011,0.80646088431693,0.369168664348903,0.999999999774867
"1585","Ephx2",4.01358274308488e-09,1.52399320448546,0.806117298525391,0.369270668165666,0.999999999774867
"2264","Zfp346",3.96245783430382e-09,1.52089162098539,0.785711495025552,0.375400033523545,0.999999999774867
"1387","1500026H17Rik",3.95975661170649e-09,1.52072665095762,0.784640615124118,0.375725621635822,0.999999999774867
"1213","Lrrc75a",3.9583557285753e-09,1.5206410520249,0.78408553284316,0.375894543783509,0.999999999774867
"2792","Cebpe",3.95292956781071e-09,1.52030921218436,0.781937338827416,0.376549286866754,0.999999999774867
"2396","Kif21a",3.95205115028202e-09,1.52025544984263,0.781589854190843,0.376655346506724,0.999999999774867
"885","Loxl1",3.94315714829146e-09,1.51971044008486,0.778075911986649,0.377730240964491,0.999999999774867
"1310","2310068J16Rik",3.9392312962154e-09,1.51946948465843,0.776527360804485,0.378205304860186,0.999999999774867
"2830","Casz1",3.93878145690256e-09,1.5194418599358,0.776350020321885,0.378259763005864,0.999999999774867
"2598","Spata1",3.93633088816094e-09,1.51929131536351,0.775384286487821,0.378556516918742,0.999999999774867
"2671","Mlph",3.91800837715134e-09,1.51816278048074,0.768182695581053,0.380779837761935,0.999999999774867
"497","Tenm3",3.91789182292629e-09,1.5181555849356,0.768136991948798,0.380794006500654,0.999999999774867
"927","Hist1h2ai",3.90374147905391e-09,1.51728043293132,0.762598414353224,0.382516576866004,0.999999999774867
"634","Otof",3.90152663058159e-09,1.51714316883885,0.761733315682866,0.382786629724268,0.999999999774867
"2187","Sardh",3.87341315401594e-09,1.51539414223067,0.750795127566376,0.386224605397135,0.999999999774867
"602","Hist1h2bm",3.85176640208794e-09,1.51403888030973,0.74242686839753,0.388884573008092,0.999999999774867
"793","Phf19",3.84943282832164e-09,1.51389233152155,0.741527549556773,0.389171988520882,0.999999999774867
"958","Zscan25",3.84854019621745e-09,1.51383625092654,0.741183688742884,0.389281964069817,0.999999999774867
"2010","Ppp1r3e",3.83838982473617e-09,1.51319763901829,0.737279159646152,0.390533856718838,0.999999999774867
"2575","Gins3",3.83455994824302e-09,1.51295624910097,0.735808605826134,0.391006848173393,0.999999999774867
"322","E2f7",3.83413838646097e-09,1.51292966433253,0.735646828860526,0.391058932487507,0.999999999774867
"2229","Car12",3.83253537532198e-09,1.51282854801151,0.735031825735209,0.391257024334636,0.999999999774867
"698","Kcnk3",3.830064067616e-09,1.51267257869248,0.73408420021849,0.391562535125071,0.999999999774867
"1541","Sspn",3.81446144152702e-09,1.51168556802586,0.72811546883328,0.393494721219354,0.999999999774867
"1382","Usp49",3.77646534615712e-09,1.50926521350759,0.713682104605102,0.39822414580605,0.999999999774867
"1795","Brca2",3.70676401026868e-09,1.50476214409923,0.687580695272937,0.406988496931262,0.999999999774867
"2032","Ccdc157",3.69902445792695e-09,1.50425698790816,0.684712419238927,0.407968727217365,0.999999999774867
"2989","Mical3",3.67953065837483e-09,1.50298000605943,0.677514588642753,0.410443882565089,0.999999999774867
"2909","2700081O15Rik",3.66725199366672e-09,1.50217223805886,0.673000374765588,0.412007491587041,0.999999999774867
"2921","Rad18",3.6624389655691e-09,1.50185487898578,0.671234996155133,0.412621362298655,0.999999999774867
"2444","Cpm",3.66229196985271e-09,1.50184517998469,0.671181115836596,0.412640119181374,0.999999999774867
"2068","Lrrc51",3.64996656073245e-09,1.50103056228644,0.666671010543884,0.414214657459592,0.999999999774867
"1859","Nsg2",3.63413902165968e-09,1.49998049292713,0.660901706514409,0.416241787377913,0.999999999774867
"171","Il12a",3.61193499111654e-09,1.49849975337959,0.652850362542085,0.419095440262395,0.999999999774867
"1611","Gm26909",3.57275996111869e-09,1.49586523193129,0.638765537046335,0.424158167867854,0.999999999774867
"2866","Itgb8",3.51459193687512e-09,1.4919004129818,0.618135400204476,0.431741027935133,0.999999999774867
"1716","Dach1",3.42110428167649e-09,1.48539055059132,0.585688132682284,0.444091351635707,0.999999999774867
"2552","Paqr6",3.41442389336706e-09,1.48491867982247,0.583403020190365,0.444981528522661,0.999999999774867
"1970","Cdc7",3.39099545730435e-09,1.48325658219628,0.575424322874434,0.448111450141549,0.999999999774867
"2192","Nipa1",3.37674311677037e-09,1.48223992182629,0.570597475526804,0.450021593176165,0.999999999774867
"2034","Acot10",3.26687977742076e-09,1.47425801629742,0.534072362555446,0.464899767665205,0.999999999774867
"2931","Cldn34c1",3.2567945716143e-09,1.47351207965979,0.530779975858679,0.466279125944394,0.999999999774867
"2152","Apoo-ps",3.23278117532584e-09,1.47172675815737,0.522981608435355,0.469572576579828,0.999999999774867
"1218","Sox12",3.21959352896184e-09,1.47074072724915,0.518723461220468,0.471386725605995,0.999999999774867
"150","Chrna1os",3.16503674715094e-09,1.46661879046749,0.501292622014392,0.478932705286931,0.999999999774867
"2075","Zfp763",3.13943261094953e-09,1.46466010357822,0.493214833728515,0.482496734846441,0.999999999774867
"1514","D130020L05Rik",3.08594530658408e-09,1.46051705805675,0.476551947416035,0.489988307904202,0.999999999774867
"2716","Prkcz",3.0111191694803e-09,1.45460074178326,0.453721842230914,0.500572789478163,0.999999999774867
"1887","Hist1h1d",3.00642376261394e-09,1.45422466916534,0.452307917705969,0.501240993845089,0.999999999774867
"1902","9330175E14Rik",2.98347968653153e-09,1.45237862364356,0.445430519111266,0.504512953879664,0.999999999774867
"655","Gm21188",2.94764130821469e-09,1.4494669258803,0.434793524658785,0.509646163949438,0.999999999774867
"2270","Fbxo17",2.73431363722628e-09,1.43137779649774,0.374136824937001,0.540757934037652,0.999999999774867
"2458","Adhfe1",2.65410873512655e-09,1.42421444596962,0.352509821809717,0.552695807831901,0.999999999774867
"2380","Pagr1a",2.58688504635376e-09,1.41804411172066,0.334879112553336,0.562800116072809,0.999999999774867
"1790","L2hgdh",2.41333459589257e-09,1.40135251265221,0.291453232704688,0.58929076619487,0.999999999774867
"1699","Prrt4",2.38580288848472e-09,1.39859628394833,0.284841273939282,0.593545489245464,0.999999999774867
"2762","Enkd1",2.38566142502438e-09,1.39858204106117,0.284807496263984,0.59356738714248,0.999999999774867
"2013","Klhl4",2.37753919593554e-09,1.39776287554959,0.28287148487429,0.59482529077143,0.999999999774867
"977","Tnfrsf13c",2.26337714862026e-09,1.38594769415935,0.256358459467915,0.612633052915104,0.999999999774867
"2190","Gm19412",2.25124684334952e-09,1.38465790166082,0.253617976451142,0.614538991946863,0.999999999774867
"1216","Gm11127",2.24395467627301e-09,1.38387923737505,0.251977614920273,0.615686007577981,0.999999999774867
"2828","Hist1h2bg",2.23742914899389e-09,1.38318031737412,0.250514219972941,0.616713231913973,0.999999999774867
"2956","Mtbp",2.21992132337967e-09,1.38129515575521,0.246609024342682,0.619472953858879,0.999999999774867
"1114","Wdr62",2.21091002225419e-09,1.38031913843546,0.244610973563663,0.620895482748795,0.999999999774867
"2295","Cntrob",2.20882199345245e-09,1.3800924235847,0.2441491604919,0.621225302756619,0.999999999774867
"2495","Zfp420",2.19490781205701e-09,1.3785762262627,0.241082878271243,0.623425094744685,0.999999999774867
"775","Ephb6",2.18955302521476e-09,1.37799020033845,0.239908001865667,0.624272568554353,0.999999999774867
"2794","Cyb561a3",2.18928425831876e-09,1.3779607493563,0.239849108227709,0.624315117986704,0.999999999774867
"1606","Mmp25",2.17739804874978e-09,1.37665470257716,0.237251768376437,0.626198116864577,0.999999999774867
"2196","Ftx",2.17075602556468e-09,1.37592181761663,0.235806531244275,0.627251401588343,0.999999999774867
"2176","AI464131",2.16621337180212e-09,1.37541930406861,0.234820638220476,0.627972208502341,0.999999999774867
"264","Osbpl10",2.14526381632475e-09,1.37308831344165,0.230300677047278,0.63130097058251,0.999999999774867
"718","Nrgn",2.13895426339422e-09,1.37238187034593,0.228947969363418,0.632304992841828,0.999999999774867
"71","Ldhd",2.12589417884846e-09,1.37091305907932,0.226160671446406,0.634385362450846,0.999999999774867
"596","Gm26798",2.11581277950157e-09,1.36977315023496,0.22402076257362,0.635993229578393,0.999999999774867
"2391","Ankrd52",2.11267853161672e-09,1.36941766779652,0.223357550256428,0.636493456244332,0.999999999774867
"2379","Asah2",2.09188744758426e-09,1.36704632102646,0.218983013146881,0.639815906198315,0.999999999774867
"609","Ercc6l",2.08848551692916e-09,1.36665609966616,0.218271350311696,0.640360231036109,0.999999999774867
"384","Hist1h3i",2.07974255304933e-09,1.36565034826873,0.216447689954616,0.641760033580979,0.999999999774867
"2570","Kcp",2.06294956478369e-09,1.3637068101382,0.212966365972277,0.644452265522174,0.999999999774867
"1249","Chek1",2.04734543844557e-09,1.36188683215394,0.209756800418517,0.646958088123307,0.999999999774867
"1373","Amt",2.0357884728875e-09,1.36053005473635,0.207395391268368,0.648816574250193,0.999999999774867
"2410","Polm",2.03099411076018e-09,1.35996497084181,0.206419692878321,0.64958820306887,0.999999999774867
"2980","Ankrd13d",2.02978439149326e-09,1.35982218038914,0.20617386694413,0.649782960835261,0.999999999774867
"2358","Msh5",2.02951015563825e-09,1.35978979901249,0.206118160094224,0.649827114541034,0.999999999774867
"1624","Gm20628",2.0251342716272e-09,1.3592725164327,0.205230283973332,0.650531825802127,0.999999999774867
"2654","Slc25a42",2.01920796380261e-09,1.35857019521574,0.204030878837736,0.651486722235019,0.999999999774867
"2858","Zfp141",2.01419539258644e-09,1.35797457173157,0.203019145616648,0.652294836312573,0.999999999774867
"2237","Mapkbp1",2.00023956712353e-09,1.35630852637841,0.20021556044205,0.65454690808356,0.999999999774867
"1011","Gm5786",1.99647062998335e-09,1.35585662524212,0.199461761797649,0.655155647564633,0.999999999774867
"1758","Taf9",1.99176439352654e-09,1.35529115813147,0.198522496480335,0.655916096676881,0.999999999774867
"2875","Cds1",1.98747065364964e-09,1.35477410317619,0.197667490558169,0.656610204512491,0.999999999774867
"1504","Scamp4",1.98410708358513e-09,1.35436828995527,0.196998996816852,0.657154152147561,0.999999999774867
"2359","1810014B01Rik",1.97855246755782e-09,1.35369664067048,0.195897521919112,0.658052827577199,0.999999999774867
"2460","D5Ertd605e",1.97768109290967e-09,1.35359110770939,0.195725009389882,0.658193851245383,0.999999999774867
"2880","Trmt44",1.97367009603272e-09,1.35310474032569,0.194931902443013,0.658843149569157,0.999999999774867
"1174","Nek3",1.96173370367265e-09,1.35165156478317,0.192581207971141,0.660776927630404,0.999999999774867
"1356","Cyp39a1",1.9546862626352e-09,1.35078948747321,0.191200014533113,0.661919727004834,0.999999999774867
"598","Gm15912",1.95412941802104e-09,1.3507212409445,0.191091093183299,0.662010057471863,0.999999999774867
"2102","Dynlrb2",1.94212336947628e-09,1.34924510466504,0.188750203107792,0.663958854449021,0.999999999774867
"932","2610020C07Rik",1.93896778353728e-09,1.34885563407132,0.188137334107858,0.664471440694924,0.999999999774867
"2927","Homez",1.93643849215659e-09,1.34854301089276,0.187646821808454,0.66488240640934,0.999999999774867
"1246","Lrrc20",1.92799733061365e-09,1.34749675233413,0.186014438631573,0.666254676374535,0.999999999774867
"2613","Cdc6",1.92763772251914e-09,1.34745207966531,0.185945054656373,0.666313162308745,0.999999999774867
"2403","1700113A16Rik",1.92264858416167e-09,1.34683144979961,0.184983769199498,0.667124794890742,0.999999999774867
"1694","Gm15440",1.91709352424548e-09,1.34613855036475,0.183916375577565,0.668028950009716,0.999999999774867
"2734","Phf11c",1.91656399033227e-09,1.34607239668033,0.183814787933094,0.668115163422481,0.999999999774867
"2841","Cpeb3",1.91314442181095e-09,1.34564476191037,0.183159441683102,0.668672008742635,0.999999999774867
"1794","Map6",1.91002127396464e-09,1.34525353708482,0.18256192578668,0.669180743993241,0.999999999774867
"1691","Fmn2",1.907037906362e-09,1.34487923252176,0.181992064096274,0.669666852030251,0.999999999774867
"740","A430078I02Rik",1.90513509199458e-09,1.34464019657308,0.181629067274784,0.669976967711727,0.999999999774867
"1057","Cabp1",1.90263257847645e-09,1.34432546640255,0.181152218497125,0.670384906430956,0.999999999774867
"1104","Tube1",1.89826461635445e-09,1.34377514771322,0.18032141410059,0.67109716775297,0.999999999774867
"2131","Tcf7",1.89169786721405e-09,1.34294545029173,0.179075984635681,0.672168530140391,0.999999999774867
"1008","3300002I08Rik",1.88899146664431e-09,1.34260267457552,0.178563952913806,0.672610272237889,0.999999999774867
"197","Cfap54",1.87239735749102e-09,1.34049032295791,0.175440492747743,0.675321249669432,0.999999999774867
"699","Gspt2",1.85305164465584e-09,1.33800427648045,0.171833899552468,0.678487079716093,0.999999999774867
"1765","Prkg1",1.85295339778193e-09,1.33799158593778,0.171815679125666,0.678503171879088,0.999999999774867
"2298","Zfp85",1.84528764595264e-09,1.33699935024556,0.170397001338519,0.679759220821933,0.999999999774867
"1250","Olfr558",1.83623039723627e-09,1.3358217515119,0.168728382945297,0.681244415366863,0.999999999774867
"353","Hist1h4b",1.83027902065034e-09,1.33504484770507,0.16763642971782,0.682220987027493,0.999999999774867
"1592","Nxpe2",1.8162867711663e-09,1.33320841665748,0.165083108859648,0.684519094423381,0.999999999774867
"265","Gm1976",1.81610745906721e-09,1.33318479219303,0.165050514956471,0.684548563922408,0.999999999774867
"2382","Zfp46",1.79059837230989e-09,1.32980030060767,0.160446471308548,0.688745793843169,0.999999999774867
"1759","Pbld2",1.78384233134286e-09,1.32889595975108,0.159238006047095,0.689859036973117,0.999999999774867
"1655","Slfn9",1.76626104416752e-09,1.32652666532997,0.156114621432728,0.692759178930406,0.999999999774867
"2975","Pank1",1.75725291075006e-09,1.32530368387428,0.154526277292943,0.694246876050497,0.999999999774867
"2712","Zfp626",1.75620928659053e-09,1.32516159777364,0.154342786951491,0.694419307331671,0.999999999774867
"934","Pkia",1.75505935856739e-09,1.32500494230591,0.154140732456978,0.69460932082782,0.999999999774867
"1875","Rasl10b",1.75314025967892e-09,1.32474327665237,0.153803821255676,0.694926474443685,0.999999999774867
"1990","Tbx3os1",1.74687459909355e-09,1.32388699460939,0.152706407113318,0.695962319929396,0.999999999774867
"1297","Gm1818",1.7446418023173e-09,1.32358112257113,0.1523162881313,0.696331585442154,0.999999999774867
"1521","Gm5422",1.74071320252626e-09,1.32304200335915,0.151631086151974,0.69698148181571,0.999999999774867
"2998","Trpm3",1.73763574241124e-09,1.32261884686616,0.151095413616363,0.697490732123963,0.999999999774867
"857","Nfatc4",1.70296864653446e-09,1.31780034178115,0.145126627731579,0.703236722059799,0.999999999774867
"2483","Map3k10",1.69436311970933e-09,1.31658924572691,0.143663611238719,0.704665713297837,0.999999999774867
"2562","Col18a1",1.69317673969191e-09,1.3164218054104,0.143462497362524,0.704862799611238,0.999999999774867
"1866","Herc3",1.68807771749568e-09,1.315700832949,0.142599720367164,0.705710095508394,0.999999999774867
"1712","Zfpm1",1.67477317400705e-09,1.31380948830096,0.140360785869803,0.707922605472603,0.999999999774867
"2461","Ehbp1",1.66354335910754e-09,1.31220151729866,0.138484781219683,0.709792015339396,0.999999999774867
"2123","Cenpv",1.65453216042312e-09,1.31090346600592,0.136988536498813,0.711293360499593,0.999999999774867
"221","Bend3",1.65050109341166e-09,1.31032053798137,0.136321837733688,0.711965334876996,0.999999999774867
"359","Inmt",1.65050106299006e-09,1.31032053357685,0.136321832708393,0.711965339949087,0.999999999774867
"1072","Gjc2",1.6460771012095e-09,1.30967917162302,0.135592024836672,0.712703066974505,0.999999999774867
"1433","Zgrf1",1.61173038095635e-09,1.30464116704615,0.129992586212952,0.718439725900985,0.999999999774867
"1220","Gm9889",1.60840508354418e-09,1.30414780167775,0.129456742134567,0.718995973467386,0.999999999774867
"191","C030014I23Rik",1.60705616436281e-09,1.30394737940071,0.129239690525574,0.719221659814205,0.999999999774867
"1363","Appbp2os",1.60472961583338e-09,1.30360131097682,0.128865758651394,0.719610969890467,0.999999999774867
"2811","Cdan1",1.60250702773841e-09,1.30327024406647,0.128509041666657,0.719982951818047,0.999999999774867
"2739","Zfp503",1.592021228331e-09,1.30170219407697,0.12683277897655,0.721738793411002,0.999999999774867
"121","Mycn",1.57030887971101e-09,1.29842268986912,0.123396821298528,0.725379170213427,0.999999999774867
"580","Hoxa7",1.56206776264502e-09,1.29716620554509,0.122105025524098,0.726762539568407,0.999999999774867
"639","A430078G23Rik",1.5581317600774e-09,1.29656379368528,0.121490455266544,0.727423559143613,0.999999999774867
"2531","AI846148",1.54598185561291e-09,1.29469472075142,0.119603140789763,0.729465314497646,0.999999999774867
"1173","Ccdc138",1.54340224099496e-09,1.29429602381782,0.119204335844291,0.729899058628157,0.999999999774867
"1629","Lyrm7",1.53721793384335e-09,1.29333751513509,0.118250962498433,0.730939258280644,0.999999999774867
"663","Cdkl5",1.52891290162966e-09,1.29204431551225,0.1169766797502,0.732336941973007,0.999999999774867
"2759","Pigg",1.52585040618141e-09,1.29156569719725,0.116508527821752,0.732852564753798,0.999999999774867
"2771","Zbtb33",1.52218413168117e-09,1.29099147078684,0.115949313015875,0.733470002499722,0.999999999774867
"440","Gprc5a",1.52188092768421e-09,1.29094392074257,0.115903125707748,0.733521072848603,0.999999999774867
"1257","Dhx58os",1.49871864264505e-09,1.28728359771366,0.112401994734944,0.737425896962158,0.999999999774867
"2472","Rbm12b1",1.47500573541548e-09,1.28347801866942,0.108873257543643,0.741430580318687,0.999999999774867
"2925","Vat1l",1.46317921602933e-09,1.28155742902008,0.107134376482334,0.74343049489296,0.999999999774867
"1214","Itgad",1.46233150722933e-09,1.28141917646435,0.107010273509417,0.743573912738505,0.999999999774867
"2865","Mlf1",1.44690506674572e-09,1.27888938406955,0.104764434784551,0.746185352402536,0.999999999774867
"2765","Mtus2",1.41187674911853e-09,1.27304488521232,0.0997533230154418,0.752125857086273,0.999999999774867
"1876","Wdpcp",1.40313194259666e-09,1.27156350803168,0.0985214562325501,0.753611210850245,0.999999999774867
"2932","Ranbp6",1.37849444801557e-09,1.26734042057779,0.0950919694042879,0.757800914883732,0.999999999774867
"1685","Nat8l",1.36348404293098e-09,1.26473086557932,0.0930323344401747,0.760356995013846,0.999999999774867
"2822","Ptgis",1.34929637987808e-09,1.26223817265448,0.0911063210251787,0.762775380945284,0.999999999774867
"1778","Amd2",1.34763433497226e-09,1.26194447124181,0.0908820122095099,0.763058840165283,0.999999999774867
"597","Adh1",1.3337132851962e-09,1.25947035309633,0.0890140894793078,0.765434298094446,0.999999999774867
"1181","Rspo1",1.31472020219783e-09,1.25605342167843,0.0864968859266838,0.768678794125319,0.999999999774867
"1224","Myl6b",1.30280527880353e-09,1.25388494675354,0.0849361983550198,0.770716236681786,0.999999999774867
"2583","Gucy1a3",1.21413058279519e-09,1.23710400955119,0.0737674204131511,0.785928381395879,0.999999999774867
"2412","Suox",1.20522944840121e-09,1.23535328121271,0.0726897656338541,0.787460001581076,0.999999999774867
"1660","Rragd",1.19792586679622e-09,1.23390722079192,0.071811448154877,0.788717345041862,0.999999999774867
"2031","2510017J16Rik",1.17867476597211e-09,1.23005357212394,0.0695219221729285,0.792034136367311,0.999999999774867
"2210","Dsn1",1.17470469634526e-09,1.22925113637916,0.0690543766723459,0.792718614193588,0.999999999774867
"2082","Sec22c",1.13332632679954e-09,1.22072479789347,0.0642752469897904,0.799862055148112,0.999999999774867
"1639","Lzts1",1.09618256956872e-09,1.21280542891484,0.0601311602106631,0.806288756453753,0.999999999774867
"2913","Pigo",1.02084932921664e-09,1.19589719030271,0.0521503340758795,0.819362903566424,0.999999999774867
"2496","Atp13a4",9.73265053834784e-10,1.18457084952712,0.0474019337562119,0.827647395396716,0.999999999774867
"1681","Gm14419",9.69747805196194e-10,1.18371210226748,0.0470599444356444,0.828260527401231,0.999999999774867
"2637","Gm9920",7.82762823909997e-10,1.13298068074492,0.0306615554054626,0.860997590878086,0.999999999774867
"998","1700007K13Rik",4.4806303661245e-10,1.00156437612936,0.0100464363036355,0.920160210987081,0.999999999774867
"2862","Tspyl4",3.32215059231423e-10,0.931519186209539,0.00552296676000798,0.940758416608067,0.999999999774867
"782","Gm12184",1.29106207889764e-10,0.712136157032886,0.000834119068923799,0.976959403722978,0.999999999774867
"886","Kirrel2",4.84461758760055e-11,0.487669635554917,0.000117449940832315,0.991353149278721,0.999999999774867
"824","Hapln1",4.22943486559505e-11,0.456813252831783,8.95155494169903e-05,0.992451114763743,0.999999999774867
"1740","Ppp1r1a",4.16445285246194e-11,0.453298832460745,8.67860053101637e-05,0.992567094196901,0.999999999774867
"2963","1190005I06Rik",3.84040412300284e-11,0.434924330986027,7.38053176811823e-05,0.993145456351836,0.999999999774867
"2445","Rbpms2",3.29485707913409e-11,0.400228326620686,5.43259039317752e-05,0.994119156666215,0.999999999774867
"2744","Nr2f1",3.12266655687652e-11,0.388090943248797,4.87960899850748e-05,0.994426486706915,0.999999999774867
"2456","Rmst",2.9772019746329e-11,0.37731166509797,4.43557979089875e-05,0.994686116253693,0.999999999774867
"1203","Fads6",2.6691269189974e-11,0.352656103860329,3.56510438191e-05,0.995235979671632,0.999999999774867
"1528","Adgrb3",2.37309341197529e-11,0.326163681744236,2.81814585600747e-05,0.995764353036279,0.999999999774867
"939","Gm20506",2.35985950980577e-11,0.324904510116399,2.78680189316469e-05,0.995787973520452,0.999999999774867
"1801","Cenpn",2.35659477061948e-11,0.324592807990656,2.77909644469704e-05,0.995793800579381,0.999999999774867
"88","4930404N11Rik",2.35056912420123e-11,0.324016387528931,2.76490270738993e-05,0.995804555435032,0.999999999774867
"1398","Hey2",2.34686060979179e-11,0.323660901939283,2.75618516510454e-05,0.99581117456544,0.999999999774867
"1117","Ulbp1",2.32574613280717e-11,0.321626325656043,2.70681400196498e-05,0.99584886067949,0.999999999774867
"2302","D830044I16Rik",2.31196758174392e-11,0.32028879042031,2.67483673920213e-05,0.995873453292071,0.999999999774867
"1698","Gimap8",2.29931929452163e-11,0.319054037018922,2.64564986005715e-05,0.995896028559501,0.999999999774867
"730","Igdcc4",2.25643980160374e-11,0.314817633693066,2.54789368707804e-05,0.995972561951788,0.999999999774867
"1227","Itgb3",2.24958341463917e-11,0.314132884911565,2.53243322232743e-05,0.995984799566219,0.999999999774867
"1603","Fam185a",2.24213503537673e-11,0.313386677877638,2.51569119264208e-05,0.995998093798497,0.999999999774867
"311","Itga8",2.20712517649196e-11,0.309846189126279,2.43774193822727e-05,0.99606058112494,0.999999999774867
"2057","Rorb",2.18550659623088e-11,0.307632178339083,2.39022091673952e-05,0.996099167047544,0.999999999774867
"1714","Rab11fip4",2.13800590905585e-11,0.302690691067676,2.2874499572315e-05,0.996183948680142,0.999999999774867
"938","Zfp59",2.10810862831484e-11,0.299524665116502,2.22392312586352e-05,0.996237310883399,0.999999999774867
"2721","Fam187b",2.10600220719316e-11,0.299299935301301,2.21948106040441e-05,0.996241070532715,0.999999999774867
"569","Tmem86b",2.10014588811644e-11,0.298673969874563,2.207154466457e-05,0.996251523194203,0.999999999774867
"787","Mcm8",1.95213166548267e-11,0.282253841375746,1.90700579048922e-05,0.996515706850703,0.999999999774867
"2349","Npas3",1.75912500449787e-11,0.258893287110293,1.54855702582261e-05,0.99686019597344,0.999999999774867
"1273","B230312C02Rik",1.65759029737459e-11,0.245568026294364,1.37495407114643e-05,0.997041421057266,0.999999999774867
"357","Ccdc88c",1.64041733314684e-11,0.243234960361063,1.34661205632857e-05,0.997072072383577,0.999999999774867
"2539","Magee1",1.63828175515055e-11,0.242943145261052,1.34310816364047e-05,0.997075884090301,0.999999999774867
"613","Galnt16",1.6271048172512e-11,0.241409732910591,1.32484435955499e-05,0.997095833355441,0.999999999774867
"2280","Zfp423",1.61305940867164e-11,0.239467989297,1.30207057544038e-05,0.997120902440643,0.999999999774867
"2574","Zfp28",1.60429898764829e-11,0.238248422853025,1.28796605840311e-05,0.997136538565433,0.999999999774867
"1237","9330121J05Rik",1.60000858558168e-11,0.237648744749663,1.28108641403404e-05,0.997144196332731,0.999999999774867
"155","Gm43661",1.58425549182153e-11,0.235433222071833,1.25598439036667e-05,0.997172313402885,0.999999999774867
"696","Gm42595",1.51632098370651e-11,0.225623201931641,1.15057806285332e-05,0.997293567042733,0.999999999774867
"2027","Slc19a2",1.51330020758118e-11,0.225176987812461,1.14599832447298e-05,0.997298958709068,0.999999999774867
"1748","Ddr2",1.47846235432985e-11,0.219966481747306,1.09384135994606e-05,0.997361139453186,0.999999999774867
"2282","Gm10827",1.44712009970876e-11,0.215174287203487,1.04795576400328e-05,0.997417081051485,0.999999999774867
"423","Gm26947",1.40014371387509e-11,0.207796508758565,9.8102263793503e-06,0.997500927439696,0.999999999774867
"1580","Zc3h12c",1.38137905536357e-11,0.204781021806543,9.54903605538478e-06,0.997534419782265,0.999999999774867
"2479","Fam149a",1.35686142044858e-11,0.200779585958781,9.21307885080071e-06,0.997578180405445,0.999999999774867
"1118","Pabpc1l",1.34625336942169e-11,0.199026140654384,9.06958480249926e-06,0.997597114327123,0.999999999774867
"2775","Gm16372",1.33955132587812e-11,0.197911298124375,8.97950747902296e-06,0.997609076559829,0.999999999774867
"1865","Man2c1os",1.33792004570302e-11,0.197639112808989,8.95765064805967e-06,0.997611988172307,0.999999999774867
"1199","Dpf3",1.33465541132276e-11,0.19709341204426,8.91398918091106e-06,0.997617815099219,0.999999999774867
"2036","BC052040",1.3338542221452e-11,0.196959287943641,8.90329031736435e-06,0.997619245112599,0.999999999774867
"484","Pde6a",1.33015463375532e-11,0.196338921563351,8.85397033967666e-06,0.997625848373258,0.999999999774867
"1822","Rttn",1.27760748285292e-11,0.187338991788347,8.16824382103589e-06,0.997719637887626,0.999999999774867
"2856","Dusp10",1.23327235794329e-11,0.179456997010054,7.61117652153174e-06,0.997798770077552,0.999999999774867
"2320","Zfp446",1.22056977068309e-11,0.177147169992194,7.45519519670973e-06,0.997821442478456,0.999999999774867
"2831","Nt5dc3",1.21925930332713e-11,0.176907528464257,7.43919521785694e-06,0.997823781485615,0.999999999774867
"2700","Gm26637",1.175014529776e-11,0.168663925110529,6.9090808255632e-06,0.997902752438864,0.999999999774867
"2621","Napepld",1.15986307829387e-11,0.165770423552842,6.73204866932651e-06,0.997929795740961,0.999999999774867
"2785","Gpr85",1.14099886038348e-11,0.162115350295113,6.51484699743267e-06,0.997963465834857,0.999999999774867
"1976","Kctd17",1.12430992593892e-11,0.158831733813621,6.32566063907928e-06,0.997993253343118,0.999999999774867
"2383","Kctd7",1.12314633764203e-11,0.158601004106992,6.31257411246101e-06,0.997995330192175,0.999999999774867
"2340","Nxpe3",1.11925820033566e-11,0.157828306192073,6.26894369621568e-06,0.998002269995911,0.999999999774867
"2394","Gm9755",1.11558187274036e-11,0.157095263520434,6.22782924917923e-06,0.998008831747854,0.999999999774867
"1841","Fam189a2",1.08495269268956e-11,0.150893694135607,5.89054398700245e-06,0.99806350073357,0.999999999774867
"2285","4731419I09Rik",1.07435185515496e-11,0.148707032682327,5.77599589029055e-06,0.998082421811446,0.999999999774867
"726","Stk32c",1.06749967030788e-11,0.147282266429791,5.70255258202899e-06,0.99809465204597,0.999999999774867
"2823","Rhod",1.0448057473013e-11,0.142498310784777,5.46266924075546e-06,0.998135157669889,0.999999999774867
"1051","Serpinb1b",1.02552017486793e-11,0.138351618021324,5.26286483821431e-06,0.998169579846683,0.999999999774867
"1811","Gng7",1.01367390042412e-11,0.135766195406796,5.14197935528976e-06,0.998190723869621,0.999999999774867
"2973","Brpf3",9.98307306291621e-12,0.132367723119061,4.98726331569329e-06,0.998218151196479,0.999999999774867
"2835","Ptprd",9.93167067466129e-12,0.131219387244698,4.9360371536118e-06,0.998227325839632,0.999999999774867
"2941","Fastkd5",9.90422117459659e-12,0.130603759412691,4.90879007340361e-06,0.998232225210679,0.999999999774867
"2588","Naif1",9.67747656364113e-12,0.125453105067364,4.68660180933439e-06,0.998272696113567,0.999999999774867
"1331","Gdf11",9.55928845506865e-12,0.122721010692006,4.57282870140117e-06,0.9982937911237,0.999999999774867
"1455","Igsf5",9.55674750371299e-12,0.122661907790491,4.57039802027322e-06,0.998294244649836,0.999999999774867
"2757","Gsg2",9.54106212927941e-12,0.122296720287032,4.5554076538177e-06,0.998297044281267,0.999999999774867
"356","Gzmm",9.48928012366041e-12,0.121086912820034,4.50609489887312e-06,0.998306286683066,0.999999999774867
"610","Zfp11",9.42194843249777e-12,0.119504038969317,4.44237529525206e-06,0.998318304498012,0.999999999774867
"1177","Rap1gap",9.36979341421128e-12,0.118270262996775,4.39333004678671e-06,0.998327613478154,0.999999999774867
"2084","Ccdc15",9.33101871504226e-12,0.117348614732153,4.357043745377e-06,0.99833453424866,0.999999999774867
"1502","4930518I15Rik",9.24055262687642e-12,0.115183529754788,4.27296847709857e-06,0.998350681248301,0.999999999774867
"13","Snca",9.02945940420589e-12,0.110049136076568,4.07997309264262e-06,0.998388358597864,0.999999999774867
"2286","Tmem17",8.97383272690545e-12,0.108676429154872,4.02985796424361e-06,0.998398287224971,0.999999999774867
"2674","Wdr86",8.96289326314881e-12,0.108405487582189,4.02003883431262e-06,0.998400239774778,0.999999999774867
"2249","Upp2",8.83526925093577e-12,0.105220263071772,3.90637001182688e-06,0.998423018976176,0.999999999774867
"1358","1700047M11Rik",8.7278835077206e-12,0.102504798856169,3.81198937458501e-06,0.998442185914722,0.999999999774867
"2392","Kctd21",8.71289315236766e-12,0.10212311983212,3.7989062478556e-06,0.998444861495474,0.999999999774867
"2537","Rgl3",8.66230555547821e-12,0.100830280297819,3.7549209407488e-06,0.998453890714546,0.999999999774867
"1188","Dmtn",8.53112058073311e-12,0.0974426573444145,3.64205047357087e-06,0.998477305503846,0.999999999774867
"95","Clstn3",8.52653946116007e-12,0.0973234318643725,3.6381400402792e-06,0.998478123173346,0.999999999774867
"1142","Dync1i1",8.49894768563631e-12,0.0966040062775892,3.61463218574614e-06,0.998483047941863,0.999999999774867
"985","Krt8",8.46623622737717e-12,0.0957481010650135,3.58686113726827e-06,0.998488886506392,0.999999999774867
"1600","Rhpn2",8.40273253018875e-12,0.0940771578872297,3.53325415697093e-06,0.998500221080303,0.999999999774867
"272","Crb3",8.39508345588014e-12,0.0938750517227128,3.52682438607126e-06,0.998501586339386,0.999999999774867
"47","Frmpd1os",8.34094714817607e-12,0.0924394343785643,3.48148507751333e-06,0.998511248957868,0.999999999774867
"2691","Lurap1",8.33643232903167e-12,0.0923192931042993,3.4777171549558e-06,0.998512054793679,0.999999999774867
"1056","Atp2b2",8.33422115659401e-12,0.0922604294511184,3.47587252593895e-06,0.998512449458865,0.999999999774867
"2477","Kcne2",8.32236957695302e-12,0.091944665693756,3.465993908811e-06,0.998514564809898,0.999999999774867
"853","Saxo2",8.31911438000382e-12,0.091857859285453,3.46328307358879e-06,0.998515145819725,0.999999999774867
"1109","Gm15326",8.29216946248544e-12,0.0911380299528739,3.44088483548417e-06,0.998519955133028,0.999999999774867
"141","A830010M20Rik",8.21097039556975e-12,0.0889547790672051,3.37382670860639e-06,0.99853444809858,0.999999999774867
"38","Tssk6",8.18797279916123e-12,0.0883325589159865,3.35495409236397e-06,0.998538552867173,0.999999999774867
"575","Gm29538",8.14977447983355e-12,0.0872952519170689,3.32372421863707e-06,0.998545370765038,0.999999999774867
"635","Myh14",8.1403215568672e-12,0.0870378100378592,3.31601831519583e-06,0.998547057987541,0.999999999774867
"231","Dnaic2",8.1403178116874e-12,0.0870377079828416,3.31601526394487e-06,0.998547058656006,0.999999999774867
"1182","Psrc1",8.04851148032805e-12,0.0845219985968256,3.24164113781473e-06,0.998563444879812,0.999999999774867
"1402","Casq2",8.00956816312612e-12,0.0834463026421764,3.21034719036018e-06,0.998570395750399,0.999999999774867
"2339","Wwc1",7.9088022735715e-12,0.080638821809749,3.13007854208838e-06,0.99858838113859,0.999999999774867
"2804","Simc1",7.88525497597196e-12,0.079977677677989,3.11146759048052e-06,0.998592584022131,0.999999999774867
"910","Gm44067",7.86832957124981e-12,0.0795012547108275,3.09812462846026e-06,0.998595604984736,0.999999999774867
"2764","Fndc4",7.7314622410038e-12,0.0756111163516779,2.99128007267426e-06,0.9986200340076,0.999999999774867
"1043","Dlg3",7.72887219587451e-12,0.0755368474602877,2.98927624663883e-06,0.998620496296688,0.999999999774867
"2221","Tbxa2r",7.66074725674607e-12,0.0735745194093228,2.93681147250366e-06,0.998632655705076,0.999999999774867
"949","Morn5",7.65815083569961e-12,0.0734993899690698,2.9348210904496e-06,0.998633119132195,0.999999999774867
"2703","Slc30a10",7.65787929291949e-12,0.0734915312192404,2.93461296831506e-06,0.998633167599022,0.999999999774867
"1428","Gm20324",7.6551614409459e-12,0.0734128584216537,2.93253029555609e-06,0.99863365269997,0.999999999774867
"626","Gpr62",7.65284838842914e-12,0.0733458815294433,2.93075840038276e-06,0.998634065549522,0.999999999774867
"1312","1700056N10Rik",7.63120082182684e-12,0.0727180839519038,2.91420141325326e-06,0.998637929356399,0.999999999774867
"1907","Fam189b",7.41623987472335e-12,0.0663869778452484,2.75233527459654e-06,0.998676297069409,0.999999999774867
"2439","Zbtb39",7.41082814404582e-12,0.0662252648729962,2.74831990751355e-06,0.99867726299248,0.999999999774867
"1651","Serpini1",7.35769846465296e-12,0.064631435862912,2.70905467582622e-06,0.998686745944732,0.999999999774867
"2969","Ddb2",7.3536685363582e-12,0.0645100800550793,2.70608790398735e-06,0.998687465234185,0.999999999774867
"1385","Gm7808",7.33199103689293e-12,0.0638561645158844,2.69015714599523e-06,0.998691334384119,0.999999999774867
"901","Cys1",7.29109367025498e-12,0.0626172621258546,2.66022980445293e-06,0.998698634028872,0.999999999774867
"1942","Prdm10",7.23382289561875e-12,0.0608707956580657,2.61860228780978e-06,0.998708856112871,0.999999999774867
"2178","Smim22",7.22966259611547e-12,0.060743397107753,2.61559114494949e-06,0.998709598671911,0.999999999774867
"342","Nrg2",7.17588826386159e-12,0.0590901584756351,2.57682624247599e-06,0.998719196686896,0.999999999774867
"2664","1700007L15Rik",7.14719710129805e-12,0.0582030727160055,2.55626172489844e-06,0.998724317684234,0.999999999774867
"1612","Prr32",7.09771576707445e-12,0.0566649057529886,2.52098932594289e-06,0.998733149455473,0.999999999774867
"2127","Gm12758",7.07710041236902e-12,0.0560209384492294,2.50636613850963e-06,0.998736829026808,0.999999999774867
"499","Sfrp5",7.06292524705967e-12,0.0555770710357053,2.49633587993077e-06,0.998739359108537,0.999999999774867
"712","Gm26786",7.02948170101552e-12,0.0545263616864043,2.47275112895573e-06,0.998745328344426,0.999999999774867
"1944","Prlr",7.02087631194704e-12,0.054255205423066,2.46670062289378e-06,0.998746864293921,0.999999999774867
"2656","Crkl",7.01287225354416e-12,0.0540027028127857,2.46107956912626e-06,0.998748292913754,0.999999999774867
"2747","Smad6",6.98037384491227e-12,0.052974553794434,2.43832260281277e-06,0.998754093455068,0.999999999774867
"764","2010013B24Rik",6.97782190902176e-12,0.0528936186970323,2.43654008924602e-06,0.998754548942283,0.999999999774867
"2905","Tmsb15b1",6.93627766906938e-12,0.0515719149218244,2.40761333376534e-06,0.998761964046397,0.999999999774867
"2173","Dyrk2",6.8072651174329e-12,0.0474171366920624,2.31888456337377e-06,0.998784991102173,0.999999999774867
"940","Gm3448",6.78396934194204e-12,0.0466586412934773,2.30304037941853e-06,0.998789149094002,0.999999999774867
"1087","Sybu",6.78004922616263e-12,0.0465307524685733,2.30037952527567e-06,0.9987898487835,0.999999999774867
"2039","Tceanc",6.77278854377557e-12,0.0462936891891143,2.29545525957347e-06,0.998791144720535,0.999999999774867
"1156","Zfp354c",6.75657628778433e-12,0.0457634488729836,2.28447899264217e-06,0.99879403839663,0.999999999774867
"2420","Tarsl2",6.72816944914928e-12,0.0448313388805727,2.26530999227866e-06,0.998799108646604,0.999999999774867
"2649","Ttll5",6.72092369998801e-12,0.0445929639308132,2.26043347130827e-06,0.998800401918276,0.999999999774867
"2695","Arhgap6",6.61893886490979e-12,0.0412106557654292,2.19235328233951e-06,0.998818604880829,0.999999999774867
"2663","Unc13a",6.60866844679075e-12,0.0408671957926545,2.18555493707049e-06,0.998820438016508,0.999999999774867
"2245","Ppil6",6.52173243671921e-12,0.0379386484067654,2.12843187371301e-06,0.998835954960665,0.999999999774867
"1947","Sema3b",6.49370962336133e-12,0.0369864569705702,2.11018012601011e-06,0.998840956667527,0.999999999774867
"2168","Ttc30b",6.46772953866705e-12,0.0361000495067188,2.09332905193837e-06,0.998845593773994,0.999999999774867
"2365","Mex3d",6.46011654696683e-12,0.0358396387400901,2.08840394881193e-06,0.998846952593784,0.999999999774867
"2713","Gm15232",6.36958512498773e-12,0.0327195053284941,2.03028072437741e-06,0.998863111272872,0.999999999774867
"1877","Mn1",6.36790057784451e-12,0.0326610345493254,2.02920698055446e-06,0.998863411942589,0.999999999774867
"1591","Dph1",6.35742454046096e-12,0.0322970676791587,2.0225358456084e-06,0.998865281778778,0.999999999774867
"1245","AY074887",6.35396670931716e-12,0.0321768031256375,2.02033631167121e-06,0.998865898956589,0.999999999774867
"229","Dnah3",6.29729571732133e-12,0.0301965173225176,1.98445829076277e-06,0.998876013990455,0.999999999774867
"1287","Dnal1",6.29657211459607e-12,0.0301711186236667,1.98400226106653e-06,0.998876143144117,0.999999999774867
"2594","Kcnmb1",6.2922058198348e-12,0.0300177991073199,1.98125164216576e-06,0.998876922470863,0.999999999774867
"1300","Gm13470",6.26523434497836e-12,0.0290683820993701,1.96430281652099e-06,0.998881736527862,0.999999999774867
"2957","Usp11",6.2515792171641e-12,0.028586173214442,1.95574972040639e-06,0.998884173790354,0.999999999774867
"898","Nlrp1b",6.21646018552872e-12,0.0273412149811044,1.93383809989538e-06,0.998890442080216,0.999999999774867
"2238","Aqp1",6.20962992613554e-12,0.0270982791802224,1.92959087267912e-06,0.998891661192588,0.999999999774867
"492","Dnmbp",6.17441179083125e-12,0.0258414587063677,1.90776545501795e-06,0.998897947171246,0.999999999774867
"1703","2610318N02Rik",6.15312371290383e-12,0.0250783244880821,1.89463298213558e-06,0.998901746816047,0.999999999774867
"671","Ccdc142os",6.1496837318596e-12,0.024954763910882,1.89251513760561e-06,0.998902360807887,0.999999999774867
"803","Dcaf12l1",6.14374196387291e-12,0.0247411811216486,1.88885984279818e-06,0.998903421336133,0.999999999774867
"2437","Tnfrsf22",6.14274203357331e-12,0.0247052176073157,1.88824504663689e-06,0.998903599810677,0.999999999774867
"1215","Rnf217",6.13328537222237e-12,0.0243648134120357,1.88243567064464e-06,0.998905287701643,0.999999999774867
"908","Ppp2r2c",6.12094248207533e-12,0.0239197364951669,1.87486670359809e-06,0.99890749074689,0.999999999774867
"779","1810062O18Rik",6.09118004670488e-12,0.0228428715972185,1.85667834878126e-06,0.998912802954276,0.999999999774867
"2336","Dchs1",6.09085332630172e-12,0.0228310214287673,1.85647917606756e-06,0.998912861269616,0.999999999774867
"1815","Plppr4",6.08516297532489e-12,0.0226245314831912,1.85301198261032e-06,0.998913876923217,0.999999999774867
"1321","1700041G16Rik",6.07267765097274e-12,0.022170799402998,1.84541589308369e-06,0.998916105391149,0.999999999774867
"1208","Ppp6r2",6.04960232073812e-12,0.0213297872834069,1.83141789162406e-06,0.99892022403735,0.999999999774867
"2897","Padi4",6.02228960208353e-12,0.020330240575939,1.81491826680083e-06,0.998925099002287,0.999999999774867
"1595","Slc4a10",6.01776156664016e-12,0.0201640990458429,1.8121900935299e-06,0.998925907197707,0.999999999774867
"748","Gm26690",6.01515681226708e-12,0.0200684702018776,1.810621640397e-06,0.998926372112477,0.999999999774867
"2240","Gm27029",6.01063579450404e-12,0.0199023922377593,1.8079009211896e-06,0.998927179055335,0.999999999774867
"1788","Pemt",5.99673088055094e-12,0.0193908271723272,1.79954585531926e-06,0.998929660901594,0.999999999774867
"1391","Hist1h3f",5.9920889411551e-12,0.0192197887026023,1.79676095471909e-06,0.998930489427394,0.999999999774867
"2355","Lynx1",5.99139243239085e-12,0.0191941136336659,1.79634327499808e-06,0.998930613745149,0.999999999774867
"2525","Ipcef1",5.97867453823147e-12,0.0187247818059227,1.78872519399898e-06,0.998932883723829,0.999999999774867
"804","Gm26698",5.96053385334822e-12,0.0180536250219393,1.77788684799445e-06,0.998936121600132,0.999999999774867
"2638","Hid1",5.9515341303886e-12,0.0177199115667524,1.77252209039838e-06,0.998937727933631,0.999999999774867
"1638","1500009C09Rik",5.9276615247944e-12,0.0168322892746501,1.7583308401726e-06,0.998941988883266,0.999999999774867
"1295","Mamld1",5.90905559813054e-12,0.0161380432135851,1.74730995764975e-06,0.998945309799226,0.999999999774867
"1180","Abca4",5.90271677229003e-12,0.015901029218842,1.74356318200985e-06,0.998946441197213,0.999999999774867
"2683","Wfdc2",5.8874921453937e-12,0.0153307409060106,1.7345805841264e-06,0.998949158595154,0.999999999774867
"2428","Foxj1",5.88598291683321e-12,0.0152741286082295,1.73369139635222e-06,0.998949427972828,0.999999999774867
"1754","Runx1t1",5.81934960449029e-12,0.0127602902706335,1.69466046113832e-06,0.99896132115282,0.999999999774867
"2808","Zfp568",5.80015260620115e-12,0.0120307882432856,1.68349813651696e-06,0.998964747567488,0.999999999774867
"1079","Wdr78",5.79685035761171e-12,0.0119050600938406,1.68158172253455e-06,0.99896533697594,0.999999999774867
"1288","Tcf7l1",5.78448508002549e-12,0.0114336426161047,1.67441540066701e-06,0.998967544017275,0.999999999774867
"1221","Zfp112",5.76310355772215e-12,0.010616137776982,1.66205980389965e-06,0.998971360341124,0.999999999774867
"2277","4933431E20Rik",5.75717788649282e-12,0.0103890453670144,1.65864367349585e-06,0.998972417996431,0.999999999774867
"351","Clic3",5.73765864606468e-12,0.00963936664609336,1.64741574825079e-06,0.998975901927195,0.999999999774867
"1711","Bik",5.72480271942072e-12,0.00914423216184114,1.64004154557243e-06,0.998978196543049,0.999999999774867
"1646","Tmc8",5.69609051343804e-12,0.00803443714871698,1.62363185348695e-06,0.998983321298757,0.999999999774867
"731","Hist1h1a",5.69485187206733e-12,0.00798643669640679,1.62292579766901e-06,0.998983542380149,0.999999999774867
"2777","Ift140",5.67054493230547e-12,0.00704239306334451,1.60910132140771e-06,0.998987880853109,0.999999999774867
"1026","Hist1h2bb",5.66103321348125e-12,0.00667188615857053,1.60370766594356e-06,0.998989578571354,0.999999999774867
"2660","Ift80",5.65816096798797e-12,0.00655988384314153,1.6020807284553e-06,0.998990091229862,0.999999999774867
"358","Gm15013",5.64687164332857e-12,0.00611911629601374,1.5956940716191e-06,0.998992106227664,0.999999999774867
"2288","Tjp3",5.59511366153254e-12,0.00408714946946947,1.56657656746273e-06,0.999001344355153,0.999999999774867
"2677","Gm26982",5.58892591770949e-12,0.00384298553739066,1.56311346915607e-06,0.999002448787064,0.999999999774867
"241","P2rx1",5.56676478186742e-12,0.00296633096788311,1.55074197142466e-06,0.999006404262018,0.999999999774867
"1258","6230400D17Rik",5.55485900662184e-12,0.00249393800645006,1.54411584558882e-06,0.999008529288297,0.999999999774867
"2689","C030039L03Rik",5.55324424130965e-12,0.00242979107603622,1.54321824502101e-06,0.999008817502937,0.999999999774867
"2855","Fchsd1",5.54921754032639e-12,0.0022697492885858,1.54098105709404e-06,0.999009536216775,0.999999999774867
"2895","Itga7",5.52727018320865e-12,0.0013954306398882,1.52881588939287e-06,0.999013453535047,0.999999999774867
"2435","Rsph3b",5.51425740411767e-12,0.000875421619110707,1.5216258210512e-06,0.999015776147162,0.999999999774867
"1930","Mok",5.5056861537714e-12,0.000532240985239893,1.51689912855337e-06,0.999017306004068,0.999999999774867
"2065","Gm26670",5.50052508757251e-12,0.000325345075762022,1.51405655917731e-06,0.99901822718738,0.999999999774867
"1167","Gm3716",5.4891576839918e-12,-0.000131025268322991,1.50780511676592e-06,0.999020256121344,0.999999999774867
"2542","Irak1bp1",5.4465835194854e-12,-0.0018485826365291,1.48450660624746e-06,0.999027855057054,0.999999999774867
"1766","Ctnnal1",5.44535645102268e-12,-0.00189828194255468,1.4838377884323e-06,0.999028074072847,0.999999999774867
"1957","Spef1",5.44103363441268e-12,-0.00207345471652436,1.48148282318264e-06,0.999028845639503,0.999999999774867
"1019","Gm13373",5.43185072552449e-12,-0.00244602800719325,1.47648640426832e-06,0.999030484669551,0.999999999774867
"2446","Art3",5.42502574444922e-12,-0.00272333687272128,1.47277840066694e-06,0.999031702840091,0.999999999774867
"2107","Gpc6",5.39686851437986e-12,-0.00387105463716629,1.45752990450082e-06,0.999036728540228,0.999999999774867
"2226","Wdr59",5.38761455409917e-12,-0.00424954500094759,1.45253576391747e-06,0.999038380252046,0.999999999774867
"1031","Pcdhgc5",5.36685131919982e-12,-0.00510110677977253,1.44136153247205e-06,0.99904208622004,0.999999999774867
"2026","C530008M17Rik",5.34542490865767e-12,-0.0059832797842443,1.42987563370416e-06,0.999045910556301,0.999999999774867
"1797","Dnhd1",5.33778723493556e-12,-0.00629858294459292,1.42579247036403e-06,0.999047273781963,0.999999999774867
"1917","Cxx1c",5.32788563279813e-12,-0.00670800981034336,1.42050768285165e-06,0.999049041089476,0.999999999774867
"2209","Zcchc18",5.2678508800024e-12,-0.00920660033851857,1.38867540799444e-06,0.999059756514031,0.999999999774867
"2825","Gimap4",5.2417829502274e-12,-0.0103002774728889,1.37496570878037e-06,0.999064409301375,0.999999999774867
"2046","Wdr54",5.2215759238513e-12,-0.0111517571002369,1.36438518107361e-06,0.999068015993504,0.999999999774867
"1631","Fuk",5.21828376441655e-12,-0.0112907891651719,1.36266525682109e-06,0.999068603601267,0.999999999774867
"1979","Kalrn",5.21663231309501e-12,-0.0113605646236041,1.3618028969541e-06,0.99906889836391,0.999999999774867
"2130","Mdga1",5.19137748834782e-12,-0.0124303278539691,1.34864925999837e-06,0.999073406022612,0.999999999774867
"2892","Col1a2",5.18482873836782e-12,-0.0127085626302622,1.3452488537601e-06,0.999074574889562,0.999999999774867
"2058","Rd3",5.16452740131454e-12,-0.0135733067645347,1.3347347617549e-06,0.999078198414977,0.999999999774867
"1242","Fbln2",5.07420521257237e-12,-0.0174616952341069,1.28845677536957e-06,0.999094319754686,0.999999999774867
"1679","Stc1",5.02074525158781e-12,-0.0197954365269205,1.26145037952302e-06,0.999103861664814,0.999999999774867
"2520","Cep131",4.92643331083103e-12,-0.0239729133621519,1.21450418485248e-06,0.999120695124151,0.999999999774867
"2557","Fhad1",4.91193844510777e-12,-0.0246219345507376,1.20736791564696e-06,0.999123282269894,0.999999999774867
"1137","Fn3k",4.90991980252469e-12,-0.0247124709359022,1.20637574381818e-06,0.999123642571443,0.999999999774867
"2555","Rapgef5",4.87990102360718e-12,-0.0260631653471647,1.19166950666597e-06,0.999129000534603,0.999999999774867
"924","Nmnat2",4.80850113281906e-12,-0.0293090060319488,1.15705297882057e-06,0.999141744490319,0.999999999774867
"2194","Map10",4.79933274961752e-12,-0.0297292395487457,1.15264487269421e-06,0.999143380927985,0.999999999774867
"2538","Fbxl19",4.78949871940555e-12,-0.0301808637847057,1.14792607864352e-06,0.999145136175026,0.999999999774867
"2223","Zfp953",4.77118685320337e-12,-0.0310242712447652,1.13916504311803e-06,0.999148404606014,0.999999999774867
"2536","Ccnyl1",4.73914884262199e-12,-0.0325075832527123,1.12391766442644e-06,0.99915412297606,0.999999999774867
"1052","Ntn1",4.73312486038827e-12,-0.0327875885867498,1.12106223309661e-06,0.999155198178892,0.999999999774867
"2515","Grap2",4.71598366748756e-12,-0.0335862681516219,1.11295699683335e-06,0.999158257659896,0.999999999774867
"2608","Slc25a53",4.71308382602817e-12,-0.0337216668540835,1.11158871110065e-06,0.999158775244053,0.999999999774867
"1420","Cth",4.69126538138902e-12,-0.0347430502807662,1.10132069987974e-06,0.999162669553955,0.999999999774867
"2781","Fgf13",4.68688696863235e-12,-0.0349485803994796,1.09926590827101e-06,0.99916345104395,0.999999999774867
"2824","Mia",4.67578436630372e-12,-0.0354706052478287,1.09406405183328e-06,0.999165432714739,0.999999999774867
"733","Gm5900",4.6427855590885e-12,-0.0370293965912996,1.07867608258093e-06,0.999171322574677,0.999999999774867
"2007","Baiap2l1",4.63073056552545e-12,-0.0376015737648355,1.07308178951766e-06,0.999173474234995,0.999999999774867
"1021","Magix",4.61368151527958e-12,-0.0384133007472507,1.06519476326348e-06,0.9991765172698,0.999999999774867
"2423","Thap8",4.58515447973022e-12,-0.0397781467641517,1.05206299171906e-06,0.99918160897645,0.999999999774867
"319","Pacsin1",4.56533855154423e-12,-0.0407311558617791,1.04298911836036e-06,0.999185145863195,0.999999999774867
"969","Cdo1",4.49965421688238e-12,-0.0439195434231026,1.01319276839658e-06,0.999196869667029,0.999999999774867
"346","Ip6k3",4.49942854184282e-12,-0.0439305768440877,1.01309113988329e-06,0.999196909947104,0.999999999774867
"1708","Kctd1",4.46349235476773e-12,-0.0456945221382247,9.96972983752605e-07,0.999203324091585,0.999999999774867
"2364","A2m",4.46346972149319e-12,-0.0456956375099658,9.96962872967489e-07,0.999203328131331,0.999999999774867
"2761","Mphosph9",4.45454706859981e-12,-0.0461357824240892,9.92980920390059e-07,0.999204920709447,0.999999999774867
"1940","Mdga2",4.39463599877795e-12,-0.0491138398394191,9.66450504757397e-07,0.999215614060467,0.999999999774867
"1688","Matn2",4.3647370390883e-12,-0.050615063142322,9.53344723979354e-07,0.999220950638085,0.999999999774867
"125","Emx2",4.32592318084661e-12,-0.052579099534997,9.36464687326016e-07,0.999227878409849,0.999999999774867
"449","Ikzf4",4.32130270077404e-12,-0.052814058761126,9.34465296456047e-07,0.999228703105794,0.999999999774867
"2362","Tex9",4.30339654431401e-12,-0.0537269631929361,9.26737064761255e-07,0.999231899123187,0.999999999774867
"711","Slc2a10",4.29506218321524e-12,-0.05415314958507,9.23150929027861e-07,0.99923338669888,0.999999999774867
"2290","Lrsam1",4.29471442288902e-12,-0.0541709503949028,9.23001444686156e-07,0.999233448769601,0.999999999774867
"1725","Zfp583",4.2752306310708e-12,-0.0551705445387483,9.14645696999668e-07,0.999236926374526,0.999999999774867
"1738","Tead3",4.24857635574069e-12,-0.0565453122741062,9.03276382350377e-07,0.999241683818071,0.999999999774867
"2289","Stard10",4.24684245817045e-12,-0.0566350371815221,9.02539255838897e-07,0.999241993296371,0.999999999774867
"2861","Gm11707",4.22689437077244e-12,-0.0576699074065206,8.94080430967674e-07,0.99924555377209,0.999999999774867
"2451","Ssc4d",4.21705198527401e-12,-0.058182287772293,8.89921519877201e-07,0.999247310510669,0.999999999774867
"2017","Gm11744",4.18510991976802e-12,-0.0598533060019236,8.76491154088343e-07,0.999253011756469,0.999999999774867
"2591","Tpbg",4.1731603331109e-12,-0.0604816711307908,8.71493075371172e-07,0.999255144603234,0.999999999774867
"2622","Gm10642",4.16616177638759e-12,-0.0608505122550843,8.68572468953181e-07,0.999256393755152,0.999999999774867
"2773","Gm26541",4.13071645667363e-12,-0.0627280004388551,8.53855871397165e-07,0.999262720286614,0.999999999774867
"785","Htr2b",4.10640943309788e-12,-0.0640247131458358,8.43836481318793e-07,0.999267058776198,0.999999999774867
"2685","Adgra3",4.09727723396944e-12,-0.0645138475151808,8.40087457180819e-07,0.99926868875573,0.999999999774867
"2767","Zfp790",4.0949496301871e-12,-0.0646386893903542,8.39133245290026e-07,0.999269104202927,0.999999999774867
"1495","Rfx4",4.0911114930535e-12,-0.0648447021603168,8.37560967534375e-07,0.999269789260808,0.999999999774867
"2810","Zfp97",4.03613061771486e-12,-0.0678169132885029,8.15200100104474e-07,0.999279602636637,0.999999999774867
"2019","Adgrg5",4.0125331717087e-12,-0.0691048307133974,8.05695746475852e-07,0.999283814475875,0.999999999774867
"1048","Tmlhe",4.00772422282664e-12,-0.0693682126417401,8.03765680004362e-07,0.999284672811123,0.999999999774867
"982","Vstm4",4.00597913455011e-12,-0.0694638666641763,8.03065863045805e-07,0.999284984286835,0.999999999774867
"2952","Disp1",3.97846808085008e-12,-0.070977291600112,7.92073631243836e-07,0.999289894654515,0.999999999774867
"2417","Amot",3.96047126268972e-12,-0.0719729171141225,7.84923862223981e-07,0.999293106854077,0.999999999774867
"2315","Cadm2",3.94884198753111e-12,-0.0726186508347934,7.80321029182638e-07,0.999295182529474,0.999999999774867
"427","Ak8",3.86820409686686e-12,-0.0771484551638135,7.48777111510347e-07,0.999309575351464,0.999999999774867
"2790","Gm20498",3.84774688445255e-12,-0.0783124381691166,7.40878155159675e-07,0.999313226699697,0.999999999774867
"2434","Ss18l1",3.81112730408377e-12,-0.0804113545068748,7.26843165462236e-07,0.999319762821926,0.999999999774867
"2851","1110019D14Rik",3.78848935726049e-12,-0.0817188578081417,7.18233970933484e-07,0.999323803403134,0.999999999774867
"2981","Gm9828",3.77875066304713e-12,-0.0822837084905357,7.14546131208041e-07,0.999325541634311,0.999999999774867
"2635","Ptpdc1",3.77467417823272e-12,-0.0825205735704695,7.13005269933624e-07,0.999326269234218,0.999999999774867
"2323","Loxl3",3.75869253774734e-12,-0.0834516295284197,7.06980447314574e-07,0.999329121750709,0.999999999774867
"780","Hist1h2an",3.74439369306327e-12,-0.0842879638326797,7.01611678713232e-07,0.999331673909882,0.999999999774867
"2729","Ltbp3",3.74231262254134e-12,-0.0844099473340234,7.00832007689446e-07,0.999332045354103,0.999999999774867
"2318","Wnt4",3.73253291131756e-12,-0.0849840895552612,6.97173853111589e-07,0.999333790906302,0.999999999774867
"2946","Mcmdc2",3.71919216448478e-12,-0.0857696875256748,6.92199108782063e-07,0.99933617205739,0.999999999774867
"995","Cideb",3.70270743634565e-12,-0.0867442722141117,6.86076582419068e-07,0.999339114368562,0.999999999774867
"1425","Fbxo10",3.68906919677957e-12,-0.0875538104780786,6.81031817317978e-07,0.999341548618276,0.999999999774867
"2901","Aasdh",3.68603267663152e-12,-0.087734453770804,6.79911146688353e-07,0.999342090597927,0.999999999774867
"1301","Arnt2",3.67679657019208e-12,-0.0882848151630327,6.76508103527171e-07,0.999343739123707,0.999999999774867
"2069","2810442N19Rik",3.67588006699996e-12,-0.088339502107242,6.76170883586319e-07,0.999343902707696,0.999999999774867
"2886","Zfp408",3.6337481684917e-12,-0.0908681004535344,6.60759553650578e-07,0.999351422707779,0.999999999774867
"2659","Yap1",3.6313638007555e-12,-0.0910120642072215,6.59892692883249e-07,0.999351848286646,0.999999999774867
"2045","Vldlr",3.63068906309011e-12,-0.0910528205501773,6.59647488539405e-07,0.999351968718611,0.999999999774867
"439","Gm2564",3.62768527264071e-12,-0.091234349907099,6.58556443211821e-07,0.999352504856439,0.999999999774867
"172","Tox",3.60862080319183e-12,-0.0923899480142989,6.51652845898353e-07,0.999355907618191,0.999999999774867
"2261","Igfbp5",3.59621749562544e-12,-0.0931450145330887,6.47180910195549e-07,0.999358121448522,0.999999999774867
"1047","Gdpd2",3.58134554545268e-12,-0.0940537551687924,6.41839219504876e-07,0.999360775899705,0.999999999774867
"143","Cdkl2",3.57106902695367e-12,-0.0946838714388851,6.38161043667732e-07,0.999362610125643,0.999999999774867
"518","Garem",3.56736625110079e-12,-0.0949113495428141,6.36838334850719e-07,0.999363271023351,0.999999999774867
"2453","Tgfb3",3.54307910361565e-12,-0.0964092143413807,6.28196477114554e-07,0.999367605965778,0.999999999774867
"2749","Dixdc1",3.5295921502827e-12,-0.0972453750054817,6.23423040872124e-07,0.999370013212922,0.999999999774867
"1415","Fzd2",3.52348805120764e-12,-0.0976248514394179,6.21268601904289e-07,0.999371102715845,0.999999999774867
"2554","Myrf",3.52198669232142e-12,-0.0977182864521928,6.20739269378801e-07,0.999371370689035,0.999999999774867
"1155","Ubtd2",3.5116760213126e-12,-0.0983610198534084,6.17110141532367e-07,0.999373211010774,0.999999999774867
"1333","Gm17025",3.50819461782451e-12,-0.098578459390096,6.15887167407333e-07,0.999373832396378,0.999999999774867
"2398","4632404H12Rik",3.4997552752499e-12,-0.0991064433368126,6.12927564783298e-07,0.999375338710141,0.999999999774867
"2876","Fcrlb",3.49314111722775e-12,-0.0995211179003444,6.10613020684609e-07,0.999376519252012,0.999999999774867
"643","Osbpl6",3.48709941246219e-12,-0.0999005796360322,6.08502625988915e-07,0.999377597618363,0.999999999774867
"2706","Sema3g",3.48618980737177e-12,-0.0999577653982397,6.08185213244855e-07,0.999377759971136,0.999999999774867
"1808","Triqk",3.46997897509093e-12,-0.100979395587626,6.02542223994344e-07,0.999380653395555,0.999999999774867
"2800","Foxf1",3.46506244389683e-12,-0.101290172712457,6.00835977949907e-07,0.999381530932944,0.999999999774867
"2272","Xrcc3",3.42225507711415e-12,-0.104014574082355,5.86082228001913e-07,0.999389171495682,0.999999999774867
"2898","Rhof",3.42104793193116e-12,-0.104091886975655,5.85668838850468e-07,0.999389386955525,0.999999999774867
"2366","Slc22a4",3.41275633030703e-12,-0.104623659425874,5.82833305480569e-07,0.999390866899456,0.999999999774867
"331","Brinp3",3.40261137943907e-12,-0.105276029845446,5.79373329851619e-07,0.999392677642323,0.999999999774867
"2469","Zfp760",3.40121621402991e-12,-0.105365895839456,5.78898308862451e-07,0.999392926661352,0.999999999774867
"2342","Wdr35",3.39489651721341e-12,-0.10577341859451,5.7674904064128e-07,0.999394054645716,0.999999999774867
"2296","Wnk2",3.38569013606009e-12,-0.10636842835966,5.73625191726837e-07,0.999395697866001,0.999999999774867
"2549","Lgi1",3.36177353588497e-12,-0.107921648511407,5.65549610353069e-07,0.999399966670649,0.999999999774867
"2623","F830016B08Rik",3.32909608133266e-12,-0.110061531949565,5.54608419702582e-07,0.999405799174831,0.999999999774867
"897","Cand2",3.32600575116592e-12,-0.110264973036947,5.53579234849512e-07,0.99940635075891,0.999999999774867
"1610","Itga2b",3.32470684188847e-12,-0.110350537827197,5.53146939266079e-07,0.999406582597464,0.999999999774867
"2791","Gm16287",3.28842366962462e-12,-0.112754083506557,5.41139617638617e-07,0.999413058675795,0.999999999774867
"2996","Tctn3",3.28382340933741e-12,-0.113060689617511,5.39626648440104e-07,0.999413879762933,0.999999999774867
"2687","Bbs2",3.28181455470929e-12,-0.113194712107415,5.38966625180037e-07,0.999414238317579,0.999999999774867
"2754","Sfxn4",3.2706066390119e-12,-0.113943945785133,5.35291598795631e-07,0.999416238786,0.999999999774867
"2849","Pgm5",3.2406650004972e-12,-0.115957986428759,5.25535522769822e-07,0.999421582982384,0.999999999774867
"2301","Ust",3.23122455741583e-12,-0.116596808839753,5.22478087473355e-07,0.999423267979747,0.999999999774867
"1485","Gm29107",3.22950439660047e-12,-0.116713408046453,5.21921947167645e-07,0.999423575006272,0.999999999774867
"2848","Hdac11",3.22740908248849e-12,-0.116855519357904,5.21244917181434e-07,0.999423948992824,0.999999999774867
"539","Gm36266",3.20273906933357e-12,-0.118535598222393,5.13306678374331e-07,0.999428352272087,0.999999999774867
"2545","Zfp948",3.18685253374549e-12,-0.119624271710574,5.08227001348145e-07,0.999431187813863,0.999999999774867
"1608","Pdlim3",3.18599659926888e-12,-0.119683079057678,5.07954035724681e-07,0.999431340587132,0.999999999774867
"1869","Zfp521",3.18135505617196e-12,-0.120002249802733,5.06475080512358e-07,0.999432169042733,0.999999999774867
"2959","Zfp677",3.17015553550067e-12,-0.120774267293468,5.02915406223754e-07,0.999434168012783,0.999999999774867
"1851","Gm15648",3.15900056739487e-12,-0.121545891418301,4.99382371225762e-07,0.999436159030778,0.999999999774867
"1830","Zbtb26",3.12921893483117e-12,-0.123619216137828,4.9001085214681e-07,0.999441474668257,0.999999999774867
"27","Fndc5",3.1283184714796e-12,-0.123682206797969,4.89728881892692e-07,0.999441635389357,0.999999999774867
"2871","BC094916",3.12050689800499e-12,-0.124229405987485,4.87286178647436e-07,0.999443029654523,0.999999999774867
"2652","Nos1ap",3.08530780756655e-12,-0.126711968828647,4.76355074180618e-07,0.999449312238434,0.999999999774867
"11","Rgs17",3.05646738928123e-12,-0.128766963434023,4.67491083915003e-07,0.999454459881358,0.999999999774867
"2070","Aebp1",3.05346304554422e-12,-0.128982133410482,4.66572498204631e-07,0.999454996117991,0.999999999774867
"1996","Gm16845",3.02167700595734e-12,-0.131271511567136,4.56909174818716e-07,0.999460669516378,0.999999999774867
"2569","Poli",3.00698988689778e-12,-0.132337378430818,4.52478277325981e-07,0.999463290977842,0.999999999774867
"1726","Mex3b",3.00419504953733e-12,-0.132540785292444,4.51637559165256e-07,0.999463789820291,0.999999999774867
"593","Ccl19",2.99887819189423e-12,-0.132928259144953,4.50040347498447e-07,0.999464738810859,0.999999999774867
"2758","Zfp652os",2.99178587992955e-12,-0.133446177576876,4.47914184299497e-07,0.999466004697142,0.999999999774867
"2707","Map3k7cl",2.9835912033764e-12,-0.134046106113635,4.45463818439341e-07,0.999467467341299,0.999999999774867
"170","Lrrtm2",2.98102837072015e-12,-0.134234063463795,4.44698861835867e-07,0.999467924773901,0.999999999774867
"2505","Arvcf",2.9680804581032e-12,-0.135186101845851,4.4084420719988e-07,0.999470235809443,0.999999999774867
"1431","Ankrd28",2.96671542970259e-12,-0.135286708611524,4.40438809506049e-07,0.999470479449422,0.999999999774867
"2347","4732491K20Rik",2.96223755192349e-12,-0.13561706263072,4.39110240730645e-07,0.999471278692901,0.999999999774867
"2324","Jag2",2.95351525363445e-12,-0.136261963472643,4.36528130653975e-07,0.999472835510745,0.999999999774867
"2160","A430105I19Rik",2.94869860582445e-12,-0.136618897390759,4.35105495182278e-07,0.99947369522031,0.999999999774867
"1029","Inadl",2.94178878457771e-12,-0.137131949464365,4.33068678972649e-07,0.999474928534361,0.999999999774867
"412","Has3",2.92899706853746e-12,-0.138084874032363,4.29310661037247e-07,0.999477211690841,0.999999999774867
"2994","Nckap5l",2.92690817562936e-12,-0.138240876686264,4.28698530542443e-07,0.999477584531308,0.999999999774867
"1136","Mgat3",2.92316698240555e-12,-0.138520550962451,4.27603300409239e-07,0.999478252286091,0.999999999774867
"1929","B3gntl1",2.9223393621983e-12,-0.138582467686304,4.27361204739487e-07,0.999478400005634,0.999999999774867
"502","Syt7",2.91977448540847e-12,-0.138774463607243,4.26611361771704e-07,0.999478857803091,0.999999999774867
"2743","Slc6a13",2.91702141245118e-12,-0.138980732237849,4.25807232212148e-07,0.999479349191139,0.999999999774867
"1315","Slc7a4",2.90482928643334e-12,-0.139896516840498,4.22255221179504e-07,0.999481525328534,0.999999999774867
"2140","Dnmt3b",2.89846045551048e-12,-0.14037640555624,4.20405663953298e-07,0.999482662082791,0.999999999774867
"2881","Tmtc4",2.89003288991891e-12,-0.141013019677285,4.17964474533534e-07,0.999484166294661,0.999999999774867
"2307","2310031A07Rik",2.87803010775744e-12,-0.141922870910463,4.14499933427214e-07,0.999486308636625,0.999999999774867
"2250","Frmd5",2.87702585561048e-12,-0.141999166130039,4.14210714893895e-07,0.999486487882694,0.999999999774867
"992","Lepr",2.87519327814972e-12,-0.142138458727579,4.13683203842559e-07,0.99948681497416,0.999999999774867
"2235","Kif5c",2.85463578244566e-12,-0.143707042562228,4.07788721469836e-07,0.999490484222278,0.999999999774867
"1278","Bicc1",2.85134071437831e-12,-0.143959498993241,4.0684785461744e-07,0.999491072349475,0.999999999774867
"1069","3110070M22Rik",2.82951740158951e-12,-0.145638820903118,4.0064390275649e-07,0.999494967529647,0.999999999774867
"1487","Fam69b",2.81588820362098e-12,-0.146694089470667,3.96793561264892e-07,0.999497400165899,0.999999999774867
"2902","Dkk3",2.81165447134753e-12,-0.147022920212889,3.95601287500117e-07,0.999498155832567,0.999999999774867
"2917","Abcc9",2.8105540463331e-12,-0.147108469319257,3.95291687321771e-07,0.999498352244256,0.999999999774867
"1959","AA474408",2.80726885938561e-12,-0.147364062527779,3.94368134089613e-07,0.999498938607804,0.999999999774867
"2933","E330009J07Rik",2.80626351656588e-12,-0.14744233886949,3.94085721396928e-07,0.999499118048546,0.999999999774867
"413","Rgs7",2.8048140204856e-12,-0.147555245823119,3.93678718861462e-07,0.999499376764923,0.999999999774867
"432","Pdzd9",2.79276678363533e-12,-0.14849588482391,3.90304124164863e-07,0.999501527041503,0.999999999774867
"2494","Fbxl2",2.7926450089252e-12,-0.148505413310106,3.90270087570301e-07,0.99950154877672,0.999999999774867
"1578","Sprtn",2.78047041869055e-12,-0.149460110358235,3.86874724737868e-07,0.999503721784242,0.999999999774867
"2983","Gm15261",2.77983240696076e-12,-0.149510255030882,3.8669719917127e-07,0.999503835661117,0.999999999774867
"1518","Plod2",2.77716995611689e-12,-0.149719633497932,3.85956816954163e-07,0.999504310874295,0.999999999774867
"2919","Il34",2.77117993446095e-12,-0.150191420747523,3.84293687585582e-07,0.999505380015998,0.999999999774867
"2056","Pde1a",2.76793216992507e-12,-0.15044764236592,3.83393447205216e-07,0.999505959700131,0.999999999774867
"2009","Gm26764",2.75649106647102e-12,-0.151352617730767,3.80230523943188e-07,0.999508001789719,0.999999999774867
"2429","Klhl42",2.75563075592824e-12,-0.151420816738131,3.7999321841709e-07,0.999508155344069,0.999999999774867
"450","Adamts5",2.75340854825567e-12,-0.151597073993344,3.79380593984942e-07,0.999508551979513,0.999999999774867
"2369","Bahcc1",2.74469805671861e-12,-0.152289312860969,3.76984026742771e-07,0.999510106690051,0.999999999774867
"592","Tmem178",2.7368237343258e-12,-0.152916966528042,3.74824054669384e-07,0.999511512155169,0.999999999774867
"2679","Gm15998",2.73324009816914e-12,-0.153203204055725,3.73843097369443e-07,0.999512151788062,0.999999999774867
"2914","Ccdc189",2.72929944632718e-12,-0.153518385154078,3.72765897084067e-07,0.999512855143657,0.999999999774867
"1860","Rpgr",2.72909650783831e-12,-0.153534628720396,3.7271046473822e-07,0.999512891365564,0.999999999774867
"1965","C330013E15Rik",2.72739365345648e-12,-0.153670975229493,3.72245495001533e-07,0.999513195303137,0.999999999774867
"435","Scgb1c1",2.71493374024437e-12,-0.154671194351198,3.68852107306131e-07,0.999515419237155,0.999999999774867
"2124","Dancr",2.71425597956957e-12,-0.15472573128254,3.68667968558988e-07,0.999515540208706,0.999999999774867
"2373","Scg5",2.70205067030338e-12,-0.155710152921099,3.6535981369335e-07,0.999517718699203,0.999999999774867
"2566","Tuft1",2.6835268308158e-12,-0.157212605126332,3.60367554924918e-07,0.999521024965967,0.999999999774867
"2061","Capsl",2.67799851012925e-12,-0.157662984023164,3.58884301396943e-07,0.999522011700007,0.999999999774867
"2885","Ms4a14",2.67520190708753e-12,-0.15789116578087,3.58135135277973e-07,0.999522510857632,0.999999999774867
"245","Nat8",2.67502806862047e-12,-0.157905357454513,3.58088592518001e-07,0.999522541885559,0.999999999774867
"2153","Col8a1",2.66907165715697e-12,-0.158392171967874,3.56495675896366e-07,0.999523605028291,0.999999999774867
"768","Gm4876",2.65518045849266e-12,-0.159531667518129,3.52794564694451e-07,0.999526084428346,0.999999999774867
"1317","Adam3",2.64908153217817e-12,-0.160033820760828,3.51175694032767e-07,0.999527173008146,0.999999999774867
"2741","Spa17",2.64791531256831e-12,-0.160129970908392,3.50866562111273e-07,0.999527381163327,0.999999999774867
"1871","Lamc3",2.64663964727132e-12,-0.160235192242748,3.50528575107315e-07,0.999527608853153,0.999999999774867
"2911","Als2cl",2.64237409763543e-12,-0.160587393206305,3.49399602265033e-07,0.999528370198829,0.999999999774867
"2241","Dennd2a",2.63243530095294e-12,-0.161410206527394,3.4677614268681e-07,0.999530144146039,0.999999999774867
"2987","Atxn7l2",2.6301008792725e-12,-0.161603912869243,3.46161379006285e-07,0.999530560810246,0.999999999774867
"2889","Card6",2.62098808563079e-12,-0.162361702976615,3.4376676944937e-07,0.999532187326554,0.999999999774867
"2502","Stmn2",2.61806022737106e-12,-0.16260572558362,3.42999167178144e-07,0.999532709911548,0.999999999774867
"565","Ptk7",2.61779151735185e-12,-0.162628134723025,3.42928761935403e-07,0.999532757872826,0.999999999774867
"1018","Gm43878",2.59462878964947e-12,-0.164568370163823,3.36887009453562e-07,0.999536892121436,0.999999999774867
"428","Gfra1",2.59140612005852e-12,-0.164839670838581,3.36050665317278e-07,0.999537467326458,0.999999999774867
"1500","Snai1",2.59023109798249e-12,-0.16493867292351,3.35745983295393e-07,0.999537677052768,0.999999999774867
"916","Gm13479",2.58073778369047e-12,-0.165740164901135,3.33289444751378e-07,0.99953937148712,0.999999999774867
"2143","Arhgap27os1",2.57756630961854e-12,-0.166008570839409,3.32470787890676e-07,0.999539937554403,0.999999999774867
"868","Zfp57",2.56496168594332e-12,-0.167078544952797,3.29227090377302e-07,0.999542187317419,0.999999999774867
"1807","Fam222a",2.5617337455058e-12,-0.167353390360084,3.28398963596913e-07,0.999542763463221,0.999999999774867
"2978","Mapk13",2.55441451525192e-12,-0.167977858775563,3.26525081204267e-07,0.999544069851574,0.999999999774867
"2578","Cd22",2.54747103162552e-12,-0.168571901764892,3.24752353929396e-07,0.999545309173994,0.999999999774867
"2493","Edrf1",2.54638380473273e-12,-0.168665062938059,3.24475213075991e-07,0.999545503229995,0.999999999774867
"178","Gm8113",2.54114872071577e-12,-0.169114191184294,3.23142414088555e-07,0.999546437625083,0.999999999774867
"2774","Bivm",2.53899608548108e-12,-0.169299134779527,3.22595170936506e-07,0.999546821842754,0.999999999774867
"2129","Zfp455",2.5371539437401e-12,-0.169457525138217,3.22127229728167e-07,0.999547150641335,0.999999999774867
"1080","Nov",2.53659859762102e-12,-0.169505296950341,3.21986227225042e-07,0.999547249763467,0.999999999774867
"1529","Paqr3",2.53145174765103e-12,-0.169948528988749,3.20680909520299e-07,0.999548168409915,0.999999999774867
"2715","Dnajb13",2.51141838649837e-12,-0.17168224663462,3.15625394513024e-07,0.999551744106934,0.999999999774867
"1349","Gal3st1",2.50973760102325e-12,-0.171828323830014,3.15203066587528e-07,0.9995520441055,0.999999999774867
"970","Olfml1",2.50540202036533e-12,-0.17220557525083,3.14114978394437e-07,0.999552817950825,0.999999999774867
"2376","Fmo2",2.50456687677339e-12,-0.172278317443091,3.13905600907827e-07,0.999552967013203,0.999999999774867
"2004","Fam122b",2.49942810394126e-12,-0.172726438859479,3.1261880377612e-07,0.99955388421799,0.999999999774867
"2667","Itga3",2.4937327512608e-12,-0.173224158816425,3.11195721600375e-07,0.999554900765114,0.999999999774867
"2294","L3hypdh",2.48536234072569e-12,-0.173957691340512,3.09110121788877e-07,0.999556394775624,0.999999999774867
"2052","Slc27a3",2.47836625473054e-12,-0.174572657498608,3.0737233310113e-07,0.9995576434869,0.999999999774867
"2985","Zfp799",2.47755636667805e-12,-0.174643958351353,3.07171477795305e-07,0.99955778804149,0.999999999774867
"905","Actg2",2.47505193969949e-12,-0.174864588369829,3.06550785785704e-07,0.999558235049462,0.999999999774867
"1454","AI606181",2.47312477295471e-12,-0.175034513980067,3.06073588138999e-07,0.999558579023914,0.999999999774867
"2133","Colgalt2",2.46061272783856e-12,-0.176140934223032,3.02984444232292e-07,0.999560812262879,0.999999999774867
"1672","Cacnb1",2.45857896388766e-12,-0.176321300687175,3.02483801298305e-07,0.99956117526356,0.999999999774867
"601","Nacad",2.45774359680456e-12,-0.176395428709058,3.02278282511812e-07,0.99956132436583,0.999999999774867
"274","A230028O05Rik",2.45607057971802e-12,-0.176543962058942,3.01866893294234e-07,0.999561622977841,0.999999999774867
"1367","Mir124-2hg",2.45261733318717e-12,-0.176850862980412,3.01018637558891e-07,0.999562239337888,0.999999999774867
"912","Gm43573",2.44952611028846e-12,-0.177125951333009,3.00260321703905e-07,0.999562791081378,0.999999999774867
"1121","Gm10767",2.44071960896439e-12,-0.177911523762068,2.98105219427303e-07,0.999564362928488,0.999999999774867
"2631","Cntn2",2.44063253279152e-12,-0.177919305223431,2.98083949144159e-07,0.999564378470464,0.999999999774867
"2972","6330408A02Rik",2.43419072996876e-12,-0.178495729980755,2.96512500829041e-07,0.999565528249336,0.999999999774867
"2233","Tab3",2.43375594924027e-12,-0.178534689151876,2.96406587675851e-07,0.999565605852099,0.999999999774867
"1618","Plxnb3",2.42339757025955e-12,-0.179464902003677,2.93888867696774e-07,0.999567454689395,0.999999999774867
"2966","Gm10501",2.42135627647761e-12,-0.179648678509172,2.93393975018973e-07,0.999567819034056,0.999999999774867
"2397","Aldh1a3",2.42130858395194e-12,-0.179652974065817,2.93382417395654e-07,0.999567827546558,0.999999999774867
"1673","Stox1",2.42128421569754e-12,-0.179655168890929,2.9337651217444e-07,0.999567831895978,0.999999999774867
"1867","Glis2",2.41256355075363e-12,-0.180442032652364,2.9126702752634e-07,0.999569388422405,0.999999999774867
"2216","Adamtsl1",2.40128650606838e-12,-0.181463726412454,2.88550452778713e-07,0.999571401229708,0.999999999774867
"1695","C920006O11Rik",2.39534789463323e-12,-0.18200366445172,2.87124991819089e-07,0.9995724611954,0.999999999774867
"1948","Efna2",2.39062026173327e-12,-0.182434444862848,2.85992728728802e-07,0.999573305017014,0.999999999774867
"146","Cldn9",2.37843241054376e-12,-0.183548883773217,2.83084068039819e-07,0.999575480391559,0.999999999774867
"2644","Ptgir",2.37723004560535e-12,-0.183659131208577,2.82797926358351e-07,0.999575694998223,0.999999999774867
"2755","Tead2",2.37074520106897e-12,-0.184254690145904,2.81257142164722e-07,0.999576852459496,0.999999999774867
"1091","Cpeb1",2.3569151624527e-12,-0.185530205230157,2.77985216251756e-07,0.999579320943363,0.999999999774867
"2109","Meis1",2.35488760978286e-12,-0.185717822097943,2.77507144539043e-07,0.999579682835415,0.999999999774867
"1779","Abca6",2.35139270694319e-12,-0.186041592444215,2.7668405572958e-07,0.999580306630585,0.999999999774867
"2967","Zfp12",2.34881677888163e-12,-0.18628053217959,2.76078178341884e-07,0.999580766400586,0.999999999774867
"1853","Gm20045",2.34657273355578e-12,-0.186488897581077,2.75550903500603e-07,0.999581166933791,0.999999999774867
"2930","Spata7",2.34189509646036e-12,-0.186923860588455,2.74453437019742e-07,0.999582001831802,0.999999999774867
"2812","Bcar1",2.33941304833629e-12,-0.187155008675791,2.73871988557369e-07,0.999582444845444,0.999999999774867
"1676","Rpl13a-ps1",2.33545792586344e-12,-0.187523841301143,2.72946729458631e-07,0.999583150783895,0.999999999774867
"1852","Tlr12",2.33466177254223e-12,-0.187598160571213,2.72760667099801e-07,0.999583292887015,0.999999999774867
"1594","RP23-455C13.7",2.33293442657935e-12,-0.187759490712411,2.72357201598217e-07,0.999583601196036,0.999999999774867
"1832","Morn1",2.33041728674994e-12,-0.187994796775212,2.71769794334573e-07,0.999584050473095,0.999999999774867
"875","Ppp1r18os",2.32733307306505e-12,-0.188283455643641,2.71050917535863e-07,0.999584600965539,0.999999999774867
"1782","Ccdc173",2.32126351053476e-12,-0.188852623533486,2.6963898791928e-07,0.999585684304326,0.999999999774867
"1552","C330011M18Rik",2.31577014505807e-12,-0.18936902552096,2.68364274548585e-07,0.999586664799356,0.999999999774867
"1928","Hsd3b7",2.31475907516012e-12,-0.189464202403432,2.68129988941659e-07,0.999586845262319,0.999999999774867
"268","Ppm1e",2.31416946549017e-12,-0.189519724126599,2.67993411531442e-07,0.999586950500056,0.999999999774867
"2512","Zscan2",2.31200337042442e-12,-0.189723818427867,2.67491955145187e-07,0.999587337120144,0.999999999774867
"2887","Zfp963",2.31128527570949e-12,-0.189791520524462,2.67325818078465e-07,0.999587465290808,0.999999999774867
"2602","Mycl",2.30820914347189e-12,-0.190081773722283,2.66614713872707e-07,0.999588014340819,0.999999999774867
"1687","Slc41a2",2.30141334764411e-12,-0.190724355856163,2.65047098615164e-07,0.999589227302904,0.999999999774867
"563","Ephx3",2.29342520532412e-12,-0.191482077670797,2.63210349456602e-07,0.999590653083492,0.999999999774867
"19","Rerg",2.29176249570356e-12,-0.191640122516767,2.62828838225148e-07,0.999590949855759,0.999999999774867
"1338","Neurl1b",2.28928707417298e-12,-0.191875627307987,2.62261361629727e-07,0.999591391686641,0.999999999774867
"2843","Gm26857",2.2825039986333e-12,-0.19252223938259,2.60709522036151e-07,0.999592602378322,0.999999999774867
"952","C1qtnf1",2.27909177686742e-12,-0.192848233799799,2.59930611020108e-07,0.999593211415989,0.999999999774867
"2632","Arhgef25",2.2574588678545e-12,-0.194926247982315,2.55019559540465e-07,0.999597072611823,0.999999999774867
"99","AI849053",2.25652876199052e-12,-0.195016031745031,2.54809459301473e-07,0.999597238623749,0.999999999774867
"159","Ggt1",2.24563838719718e-12,-0.196070010509206,2.52355890501632e-07,0.99959918241549,0.999999999774867
"158","Mrc2",2.24535060095623e-12,-0.196097930979342,2.52291214104951e-07,0.99959923378163,0.999999999774867
"855","Gm14322",2.24493173304348e-12,-0.196138575048085,2.52197093536633e-07,0.999599308544161,0.999999999774867
"1715","2900089D17Rik",2.23918259549170e-12,-0.19669718879852,2.50907023834063e-07,0.999600334691224,0.999999999774867
"2258","Ccdc3",2.23151019799916e-12,-0.197444882644628,2.49190539981829e-07,0.999601704115434,0.999999999774867
"2097","Ksr1",2.23092460617024e-12,-0.197502054066854,2.49059772219671e-07,0.999601808636039,0.999999999774867
"1210","Xxylt1",2.22145378045172e-12,-0.198428752777407,2.46949620364329e-07,0.999603499056544,0.999999999774867
"1739","Fam109b",2.20537272774949e-12,-0.200011206262911,2.43387235995694e-07,0.999606369317499,0.999999999774867
"2287","Rnd2",2.20326959906049e-12,-0.200219005080281,2.42923250384209e-07,0.999606744698905,0.999999999774867
"1974","Bcl6b",2.19823666235708e-12,-0.200717077539247,2.41814697051576e-07,0.999607643013337,0.999999999774867
"1724","Vasn",2.19553289004024e-12,-0.20098511431587,2.41220211653972e-07,0.9996081256019,0.999999999774867
"2105","Pcdhga8",2.19142966124869e-12,-0.201392507711942,2.40319421853814e-07,0.999608857975435,0.999999999774867
"1562","Dmp1",2.18760860587079e-12,-0.20177256209915,2.39482093357332e-07,0.999609539984648,0.999999999774867
"830","Tbc1d30",2.18604839474402e-12,-0.201927933912672,2.39140616016262e-07,0.999609818462256,0.999999999774867
"306","Osbpl5",2.18433783775732e-12,-0.202098403442505,2.38766513037773e-07,0.999610123774665,0.999999999774867
"2926","Bzrap1",2.18084877332752e-12,-0.202446522688299,2.38004354001373e-07,0.999610746527766,0.999999999774867
"251","Stmn3",2.17999030911047e-12,-0.202532259601915,2.37817015924348e-07,0.999610899752581,0.999999999774867
"35","Gm44257",2.17740163162126e-12,-0.202790998820617,2.37252549164584e-07,0.999611361798201,0.999999999774867
"686","Plac9b",2.17660991844289e-12,-0.202870191396525,2.37080048310317e-07,0.999611503108815,0.999999999774867
"2163","Edil3",2.1759079726066e-12,-0.202940428585247,2.36927158702505e-07,0.999611628397113,0.999999999774867
"1906","1500009L16Rik",2.17519073773234e-12,-0.203012218685647,2.36770989952736e-07,0.999611756414309,0.999999999774867
"510","Pvrl3",2.17140534139724e-12,-0.203391496966733,2.35947621087533e-07,0.999612432058842,0.999999999774867
"183","Tmem79",2.17001533621384e-12,-0.203530932385715,2.35645638369626e-07,0.99961268015688,0.999999999774867
"2011","Cachd1",2.16885659824368e-12,-0.203647236046481,2.35394046924605e-07,0.999612886976696,0.999999999774867
"1394","Fam81a",2.16853561848457e-12,-0.203679463934338,2.35324377833956e-07,0.999612944267453,0.999999999774867
"2024","Gm38079",2.16770962967229e-12,-0.203762418752486,2.35145143254454e-07,0.999613091695826,0.999999999774867
"1028","Nkapl",2.16638469031781e-12,-0.20389554874808,2.34857782035123e-07,0.999613328180451,0.999999999774867
"1439","Tceal3",2.14842145072539e-12,-0.205708461682369,2.3097913955157e-07,0.999616534387563,0.999999999774867
"1781","Gm17491",2.1460570276824e-12,-0.205948199844333,2.30471015896749e-07,0.999616956406651,0.999999999774867
"1093","BC051077",2.14272852238587e-12,-0.206286131836902,2.29756655478763e-07,0.999617550502015,0.999999999774867
"2625","Ascl2",2.14173490388565e-12,-0.206387110915249,2.29543620994903e-07,0.999617727850132,0.999999999774867
"577","Zfp563",2.14116443646408e-12,-0.206445107033436,2.29421355892921e-07,0.999617829671226,0.999999999774867
"1661","Usp35",2.14008341053718e-12,-0.20655505047936,2.29189754973135e-07,0.999618022620443,0.999999999774867
"2293","Mtcp1",2.13746444294274e-12,-0.206821634206221,2.28629147605744e-07,0.999618490072458,0.999999999774867
"1000","Ctsw",2.13417825855124e-12,-0.207156589633701,2.27926689145852e-07,0.999619076614086,0.999999999774867
"2015","Tespa1",2.13397570637758e-12,-0.207177252082222,2.27883426728283e-07,0.999619112767043,0.999999999774867
"2834","Sgpp2",2.13333681992291e-12,-0.20724243788024,2.27746996083867e-07,0.999619226800054,0.999999999774867
"1895","1110046J04Rik",2.12719980652348e-12,-0.207869581696141,2.26438551981444e-07,0.999620322177976,0.999999999774867
"2073","Gm9949",2.12548990125626e-12,-0.208044635373695,2.26074662463542e-07,0.999620627374064,0.999999999774867
"1953","Nkrf",2.12489260557417e-12,-0.208105816986562,2.25947619332077e-07,0.999620733983657,0.999999999774867
"2788","AU041133",2.12090516049429e-12,-0.208514690074228,2.25100415682355e-07,0.999621445691295,0.999999999774867
"2780","Pter",2.11993060692116e-12,-0.20861473616997,2.24893596426303e-07,0.999621619636568,0.999999999774867
"1036","Kdm8",2.11398667445697e-12,-0.209225914170321,2.23634236021847e-07,0.999622680552029,0.999999999774867
"77","Kcnj12",2.10444751194442e-12,-0.210210318088074,2.21620533449254e-07,0.999624383169794,0.999999999774867
"2079","Thnsl2",2.10362503473961e-12,-0.210295400409,2.21447336240776e-07,0.999624529971392,0.999999999774867
"2180","Ctxn1",2.10050460178187e-12,-0.210618496572237,2.20790851320133e-07,0.999625086928524,0.999999999774867
"2251","Tle2",2.09396161834027e-12,-0.211297510097536,2.19417485224373e-07,0.999626254766879,0.999999999774867
"2375","AK157302",2.0930369778196e-12,-0.211393635512635,2.19223749577875e-07,0.999626419803315,0.999999999774867
"2067","Clec1a",2.09040112496421e-12,-0.211667888147193,2.18671941175185e-07,0.999626890269134,0.999999999774867
"1995","Dync2h1",2.08958609341445e-12,-0.211752758769536,2.18501457352938e-07,0.999627035741779,0.999999999774867
"1480","Zfp335os",2.08723598829752e-12,-0.211997662083052,2.18010247506619e-07,0.999627455205303,0.999999999774867
"2551","Acy3",2.08457346880452e-12,-0.212275450661538,2.17454405890246e-07,0.999627930430774,0.999999999774867
"587","Lipg",2.07979998883255e-12,-0.212774358996062,2.16459645294227e-07,0.99962878243553,0.999999999774867
"2907","Sall3",2.07418226437437e-12,-0.213362953209941,2.15291871110427e-07,0.999629785127064,0.999999999774867
"2059","6430573P05Rik",2.07230645061041e-12,-0.213559840736288,2.14902643172578e-07,0.999630119935686,0.999999999774867
"806","Lca5",2.06413085224141e-12,-0.214420017740138,2.1321033366757e-07,0.999631579174802,0.999999999774867
"2463","Gtf2ird2",2.06411697754991e-12,-0.214421480387675,2.13207467359304e-07,0.999631581651256,0.999999999774867
"2255","Gm684",2.06003976137136e-12,-0.214851714449578,2.12366008861786e-07,0.999632309381885,0.999999999774867
"2842","Ctu1",2.05849408304929e-12,-0.215015036291405,2.12047445698926e-07,0.999632585265578,0.999999999774867
"1341","Tmem125",2.05233590905163e-12,-0.215666933519299,2.107806246482e-07,0.999633684420404,0.999999999774867
"1484","Atp6v1g2",2.04819051139803e-12,-0.216106847567269,2.09929996771843e-07,0.999634424320549,0.999999999774867
"2947","Osbpl3",2.04630999701387e-12,-0.21630669929761,2.09544685788813e-07,0.999634759968172,0.999999999774867
"1264","Fam198b",2.04135823434775e-12,-0.216833815514573,2.08531779516902e-07,0.999635643794098,0.999999999774867
"1526","Dab1",2.04102591542662e-12,-0.216869236065896,2.08463889996954e-07,0.999635703108749,0.999999999774867
"2021","Map3k15",2.02936433760283e-12,-0.218115811708917,2.06088542439589e-07,0.999637784550354,0.999999999774867
"1162","Fmr1nb",2.02151095139806e-12,-0.218959293231624,2.04496555033846e-07,0.999639186278751,0.999999999774867
"2890","6330562C20Rik",2.00985670986861e-12,-0.220216973855004,2.02145459797918e-07,0.999641266410925,0.999999999774867
"2548","Gfod1",2.00762671558806e-12,-0.220458445577685,2.01697136155289e-07,0.999641664436215,0.999999999774867
"1308","Cep170b",2.00383206112029e-12,-0.220869952814301,2.00935393335641e-07,0.999642341733217,0.999999999774867
"1426","Chrnb1",1.99777475930086e-12,-0.221528425259256,1.99722430686147e-07,0.999643422883663,0.999999999774867
"2669","Gzma",1.99653057531787e-12,-0.221663920713718,1.99473739916797e-07,0.999643644954497,0.999999999774867
"2156","Nccrp1",1.99279125403739e-12,-0.222071645956863,1.98727247064128e-07,0.999644312375238,0.999999999774867
"2416","Alg10b",1.9870084077854e-12,-0.222703679253006,1.97575554252788e-07,0.999645344538897,0.999999999774867
"645","Echdc2",1.98634932045366e-12,-0.22277582897551,1.97444505035726e-07,0.999645462177507,0.999999999774867
"2401","Nexn",1.98533597048568e-12,-0.222886805582021,1.97243101038359e-07,0.999645643047439,0.999999999774867
"2064","Stbd1",1.98115961295892e-12,-0.223344767848799,1.9641413174298e-07,0.999646388473529,0.999999999774867
"2779","Asgr2",1.98034470130896e-12,-0.223434238702183,1.96252582674138e-07,0.999646533924774,0.999999999774867
"2579","Tspan8",1.97169747774056e-12,-0.22438587811655,1.94542441127669e-07,0.999648077342936,0.999999999774867
"2514","Gm26631",1.97005274615322e-12,-0.224567348899284,1.94218013423292e-07,0.999648370906365,0.999999999774867
"2162","Ptgs2os2",1.96780507217874e-12,-0.224815586791168,1.93775091530022e-07,0.999648772087254,0.999999999774867
"2125","Tlr8",1.96379806647247e-12,-0.225258823276961,1.92986733612963e-07,0.999649487286223,0.999999999774867
"2582","Zfp202",1.95858496213142e-12,-0.225836809444447,1.91963487230382e-07,0.999650417758283,0.999999999774867
"2465","Mill2",1.95736827680791e-12,-0.225971923826393,1.91725063452127e-07,0.999650634920961,0.999999999774867
"2719","Arhgap42",1.95697863561546e-12,-0.226015211460348,1.91648740005179e-07,0.999650704466902,0.999999999774867
"1963","4933427D14Rik",1.94978331700007e-12,-0.22681611470312,1.90242042301306e-07,0.99965198873871,0.999999999774867
"2169","Ccdc8",1.9482181398456e-12,-0.226990718769642,1.89936733519268e-07,0.999652268102697,0.999999999774867
"2709","Cd209d",1.94713575176798e-12,-0.227111545989969,1.89725742622213e-07,0.999652461295045,0.999999999774867
"84","Sfrp1",1.93927704457911e-12,-0.22799080629441,1.88197353865297e-07,0.999653863973181,0.999999999774867
"2616","St8sia1",1.93831341713109e-12,-0.228098862100552,1.8801036966996e-07,0.999654035968284,0.999999999774867
"1648","4933406P04Rik",1.9372981078685e-12,-0.228212770536254,1.87813457577889e-07,0.999654217187926,0.999999999774867
"1891","Lgr4",1.93302406465276e-12,-0.22869292549734,1.86985668243542e-07,0.999654980049658,0.999999999774867
"2195","6330403K07Rik",1.93281181437499e-12,-0.228716797411977,1.86944607625779e-07,0.999655017933603,0.999999999774867
"282","Shank1",1.93204735433657e-12,-0.228802798110719,1.86796757308576e-07,0.999655154379885,0.999999999774867
"1922","Gm3604",1.91982421162698e-12,-0.230182460688721,1.84440685734301e-07,0.99965733605362,0.999999999774867
"2042","1810034E14Rik",1.91967300030616e-12,-0.230199582540761,1.84411632635376e-07,0.999657363042896,0.999999999774867
"2521","Creg2",1.90803068961689e-12,-0.231521865043188,1.8218159960874e-07,0.999659441045589,0.999999999774867
"2390","2610021A01Rik",1.90340787567684e-12,-0.232049111715279,1.8129988276455e-07,0.999660266158411,0.999999999774867
"551","Dnajc28",1.90275393789099e-12,-0.232123797320639,1.81175328821809e-07,0.999660382877894,0.999999999774867
"2968","Mllt1",1.89837997406477e-12,-0.232623995234673,1.80343331063405e-07,0.999661163574172,0.999999999774867
"2618","Polr3g",1.89673221804e-12,-0.232812724103929,1.80030398089946e-07,0.999661457677427,0.999999999774867
"2740","Nrap",1.88380376552679e-12,-0.234299143717632,1.77584526119747e-07,0.999663765239896,0.999999999774867
"2474","Gm9530",1.88363701710803e-12,-0.234318380869469,1.77553089057255e-07,0.999663795002344,0.999999999774867
"807","Setbp1",1.88197509464954e-12,-0.234510202567116,1.77239919067376e-07,0.999664091634125,0.999999999774867
"2085","2610020H08Rik",1.88192945533966e-12,-0.234515472683851,1.77231322769231e-07,0.999664099780155,0.999999999774867
"1456","Eps8l1",1.88144456713212e-12,-0.234571472055175,1.7714000552343e-07,0.999664186326462,0.999999999774867
"2352","Gkn3",1.87713466984578e-12,-0.235069845102078,1.76329372242673e-07,0.999664955587689,0.999999999774867
"2568","Dvl3",1.87498440448957e-12,-0.23531891209232,1.75925631600358e-07,0.999665339382396,0.999999999774867
"1469","Krtcap3",1.87303127631833e-12,-0.235545388727751,1.75559307119554e-07,0.999665687990651,0.999999999774867
"2252","Ptpn21",1.86611606605038e-12,-0.236349123761247,1.74265374181092e-07,0.999666922266733,0.999999999774867
"2526","Gm26511",1.86219445948226e-12,-0.236806226727528,1.73533713195731e-07,0.999667622223062,0.999999999774867
"2680","Gm38399",1.86192767281724e-12,-0.236837357887343,1.73483994258966e-07,0.99966766984105,0.999999999774867
"2256","Lif",1.8615165765326e-12,-0.23688533705254,1.73407395416507e-07,0.999667743216449,0.999999999774867
"2407","Rhox8",1.8540744439951e-12,-0.237755721662547,1.72023640731927e-07,0.999669071541379,0.999999999774867
"218","Gm26847",1.85276261118044e-12,-0.237909502349071,1.71780299453447e-07,0.999669305686663,0.999999999774867
"248","Gm26668",1.85267520573509e-12,-0.237919752339169,1.71764092110614e-07,0.999669321287411,0.999999999774867
"116","Gm20659",1.85063358225913e-12,-0.238159308175197,1.71385737199117e-07,0.99966968569094,0.999999999774867
"1319","Foxg1",1.84801210497312e-12,-0.238467284093797,1.70900535147668e-07,0.999670153590916,0.999999999774867
"1350","Arhgap27os3",1.84789244446221e-12,-0.23848135230608,1.70878403925459e-07,0.999670174948778,0.999999999774867
"1033","Plag1",1.84710229277125e-12,-0.238574271185655,1.70732301274052e-07,0.999670315980692,0.999999999774867
"2134","Gm9776",1.84644672389842e-12,-0.238651393381891,1.70611131027711e-07,0.999670432991303,0.999999999774867
"2710","Kif19a",1.84538746630396e-12,-0.238776063253062,1.70415436999351e-07,0.999670622055159,0.999999999774867
"757","Zfyve28",1.84256575400411e-12,-0.239108510782101,1.69894683815042e-07,0.99967112569451,0.999999999774867
"515","Gm15972",1.83979687160187e-12,-0.239435222343251,1.69384455137612e-07,0.999671619904404,0.999999999774867
"1030","Gm43936",1.83937950174055e-12,-0.239484511532697,1.69307611928753e-07,0.999671694399555,0.999999999774867
"1418","Sorcs2",1.83528689711923e-12,-0.23996841170852,1.68555033947166e-07,0.999672424876839,0.999999999774867
"459","Slc13a2",1.83329902043644e-12,-0.24020383771695,1.68190093555691e-07,0.999672779687258,0.999999999774867
"1400","Flnc",1.83168376452114e-12,-0.240395319340376,1.6789385125045e-07,0.999673067989663,0.999999999774867
"2331","Rpl39l",1.83129003286099e-12,-0.240442019768585,1.67821679381909e-07,0.9996731382657,0.999999999774867
"1653","B230208H11Rik",1.81720733893561e-12,-0.242118907736119,1.65250492891745e-07,0.999675651845429,0.999999999774867
"2852","Angel1",1.8150573241099e-12,-0.242376046240748,1.64859694525308e-07,0.999676035595422,0.999999999774867
"157","Cd2",1.81411858086905e-12,-0.242488412709076,1.64689208556758e-07,0.999676203149016,0.999999999774867
"2607","Pgap3",1.81224965344479e-12,-0.242712291926368,1.64350053623957e-07,0.999676536728523,0.999999999774867
"2610","Zfp40",1.80966042989479e-12,-0.243022832018035,1.63880763934936e-07,0.999676998871624,0.999999999774867
"1634","Spred3",1.80700752077505e-12,-0.243341464991594,1.63400627338319e-07,0.99967747238178,0.999999999774867
"190","Gm42836",1.80586239855645e-12,-0.243479144732748,1.63193595105569e-07,0.999677676771367,0.999999999774867
"1517","Slamf1",1.80445739034874e-12,-0.243648188601689,1.6293975611475e-07,0.999677927547261,0.999999999774867
"1858","Zfp324",1.80150976613177e-12,-0.244003254787439,1.62407858941725e-07,0.999678453660271,0.999999999774867
"1368","Nek4",1.80017668544366e-12,-0.24416402374504,1.6216759082818e-07,0.999678691598028,0.999999999774867
"2506","Ndn",1.79480010430515e-12,-0.24481363078581,1.61200346716952e-07,0.999679651248608,0.999999999774867
"471","Col1a1",1.7937919392111e-12,-0.24493565248042,1.61019300461862e-07,0.999679831193111,0.999999999774867
"2795","Nbea",1.79061792546756e-12,-0.245320256330337,1.60449975446974e-07,0.99968039771374,0.999999999774867
"1063","Nlrp1a",1.78089412196873e-12,-0.246502713836842,1.58712086213409e-07,0.9996821332876,0.999999999774867
"878","Ccdc153",1.77687293749067e-12,-0.246993569310495,1.57996164875587e-07,0.999682851017311,0.999999999774867
"1362","Tead4",1.77684278922659e-12,-0.246997253565324,1.57990803468373e-07,0.999682856398388,0.999999999774867
"2300","Gm37401",1.77598186021719e-12,-0.247102489020913,1.5783773881424e-07,0.999683010063143,0.999999999774867
"888","Efcab10",1.77396601447737e-12,-0.247349092354634,1.57479631599536e-07,0.999683369865681,0.999999999774867
"2181","Gjc3",1.77393432549017e-12,-0.247352971151307,1.5747400542021e-07,0.999683375521758,0.999999999774867
"2815","Gm28592",1.76839056996133e-12,-0.248032591731181,1.56491293416284e-07,0.999684365010819,0.999999999774867
"165","Lox",1.76733225319603e-12,-0.248162571756831,1.56304040889261e-07,0.99968455390675,0.999999999774867
"1318","Nova1",1.76644653039013e-12,-0.24827141319492,1.56147412318316e-07,0.999684711996879,0.999999999774867
"767","Arhgap20",1.76110858756725e-12,-0.248928504165775,1.5520512895102e-07,0.99968566475102,0.999999999774867
"46","Gm5577",1.75966499995742e-12,-0.249106544510417,1.54950788730908e-07,0.999685922412842,0.999999999774867
"2517","Pitpnm2",1.75840817896483e-12,-0.249261667890572,1.54729524050711e-07,0.999686146739225,0.999999999774867
"2979","Atp13a5",1.74804982002095e-12,-0.250544329537324,1.52911944629487e-07,0.999687995573076,0.999999999774867
"1329","C1qtnf7",1.74461417852461e-12,-0.250971415931679,1.52311464768418e-07,0.999688608790897,0.999999999774867
"1972","Zfp229",1.74426975019233e-12,-0.251014277723803,1.52251330893572e-07,0.999688670266924,0.999999999774867
"2165","Tsku",1.73787491865715e-12,-0.251811590979696,1.51137011426596e-07,0.999689811662109,0.999999999774867
"2736","Pcgf2",1.73673614189343e-12,-0.251953878051395,1.50939005315525e-07,0.999690014919116,0.999999999774867
"2756","Parp16",1.73462745952755e-12,-0.252217595247328,1.50572698439489e-07,0.999690391291799,0.999999999774867
"2534","Zfp369",1.73370038428172e-12,-0.252333637690537,1.50411793666562e-07,0.999690556762807,0.999999999774867
"536","Tmem158",1.73342595449665e-12,-0.252367999931722,1.50364179661686e-07,0.999690605744994,0.999999999774867
"2937","Sox10",1.73303186687539e-12,-0.252417354300747,1.5029581801538e-07,0.999690676084566,0.999999999774867
"2846","Rtn4ip1",1.73194010713664e-12,-0.252554140877876,1.50106513662529e-07,0.999690870949639,0.999999999774867
"1129","Lrrc4b",1.72746089737055e-12,-0.253116232430078,1.49331095252314e-07,0.999691670430976,0.999999999774867
"2714","Ptprf",1.72612874427868e-12,-0.253283680258183,1.49100866972008e-07,0.99969190820317,0.999999999774867
"1721","Tmem91",1.71961728072326e-12,-0.254103990458326,1.47978084362458e-07,0.999693070415673,0.999999999774867
"1593","Slc22a23",1.71537256896332e-12,-0.254640387272666,1.4724844633269e-07,0.999693828042132,0.999999999774867
"2121","Abat",1.71521571525568e-12,-0.254660233666814,1.47221518761154e-07,0.999693856038502,0.999999999774867
"101","Ntng2",1.712035417995e-12,-0.255063016922886,1.46676078184253e-07,0.999694423680662,0.999999999774867
"377","Atad3aos",1.71183094396454e-12,-0.255088938703998,1.46641044261971e-07,0.999694460176647,0.999999999774867
"1920","Gm17690",1.70674463695823e-12,-0.255734729382609,1.45770919444117e-07,0.999695368017035,0.999999999774867
"1828","2010005H15Rik",1.69892749474736e-12,-0.256730953341358,1.44438672760765e-07,0.999696763276388,0.999999999774867
"1878","Npy",1.69885973070697e-12,-0.25673960899888,1.44427150723614e-07,0.999696775371398,0.999999999774867
"2733","Gm26520",1.69864002815585e-12,-0.256767674454805,1.44389797478837e-07,0.999696814585478,0.999999999774867
"2183","Tmem202",1.69470631852866e-12,-0.257270784850711,1.43721816206293e-07,0.999697516702057,0.999999999774867
"1516","F2",1.69235480861845e-12,-0.257572086531763,1.43323247086737e-07,0.999697936416335,0.999999999774867
"2903","Rab44",1.69126925620497e-12,-0.257711318907991,1.43139438116633e-07,0.999698130173481,0.999999999774867
"809","Smkr-ps",1.68811916459458e-12,-0.258115847385898,1.42606722908824e-07,0.999698692424322,0.999999999774867
"2225","Zfp341",1.68665100309357e-12,-0.258304640103841,1.4235877991988e-07,0.99969895447227,0.999999999774867
"1879","Defb11",1.68305036134757e-12,-0.25876833796649,1.41751617161188e-07,0.999699597140516,0.999999999774867
"2922","Poll",1.6830045855432e-12,-0.258774239360718,1.41743906511282e-07,0.999699605310909,0.999999999774867
"2126","Fcrla",1.68256521401508e-12,-0.258830890973475,1.41669907773495e-07,0.999699683733076,0.999999999774867
"1892","Peg10",1.68156555763259e-12,-0.25895983886645,1.41501618121624e-07,0.999699862158885,0.999999999774867
"50","Gm10384",1.68080718092922e-12,-0.25905771398866,1.41374014018728e-07,0.999699997519374,0.999999999774867
"1632","Afp",1.68044470593226e-12,-0.259104509926011,1.41313044479445e-07,0.999700062216499,0.999999999774867
"847","Rnft2",1.67893884890754e-12,-0.25929902440994,1.41059894946476e-07,0.999700330992612,0.999999999774867
"1424","Kcnj2",1.67814562017226e-12,-0.259401556492905,1.40926636573423e-07,0.999700472573741,0.999999999774867
"202","Frem2",1.67735409890291e-12,-0.25950391551299,1.40793727816644e-07,0.999700613850108,0.999999999774867
"1369","6330403L08Rik",1.67629760880955e-12,-0.259640614363356,1.40616424366937e-07,0.999700802420004,0.999999999774867
"758","Spry4",1.67361825546781e-12,-0.2599876761307,1.40167267866716e-07,0.999701280650119,0.999999999774867
"1505","5330439K02Rik",1.66926544891372e-12,-0.260552673130801,1.39439111863487e-07,0.999702057570112,0.999999999774867
"654","2810029C07Rik",1.667200855241e-12,-0.26082116677596,1.39094400869633e-07,0.999702426073532,0.999999999774867
"1166","Dcstamp",1.66069829457395e-12,-0.26166895085633,1.38011500831866e-07,0.999703586696989,0.999999999774867
"1299","Sdr42e1",1.6600263905878e-12,-0.261756738153446,1.37899846934373e-07,0.99970370662321,0.999999999774867
"1744","Dnah2os",1.65854045801697e-12,-0.261951006448648,1.37653081985131e-07,0.999703971843065,0.999999999774867
"2219","Dppa3",1.65393350661608e-12,-0.262554404100462,1.36889422230274e-07,0.999704794124646,0.999999999774867
"2599","Gm16861",1.65280729750819e-12,-0.262702161942051,1.36703062106985e-07,0.99970499513849,0.999999999774867
"2361","Igsf9",1.65142970260560e-12,-0.262883036462553,1.36475276375415e-07,0.999705241021464,0.999999999774867
"1936","Mapk11",1.65073985751567e-12,-0.262973667183718,1.36361281652691e-07,0.999705364149942,0.999999999774867
"522","Cbx2",1.64781044797209e-12,-0.263358944676974,1.35877736534283e-07,0.999705887011874,0.999999999774867
"363","Gm8817",1.64688365953111e-12,-0.263480977019719,1.35724934369468e-07,0.999706052431693,0.999999999774867
"2964","Fgfbp1",1.64561686513258e-12,-0.263647888295705,1.35516213542615e-07,0.999706278538202,0.999999999774867
"1429","Egflam",1.64198416932961e-12,-0.264127231315999,1.34918570401104e-07,0.999706926927688,0.999999999774867
"2738","Ajuba",1.64135620127321e-12,-0.264210199210608,1.34815392364698e-07,0.999707039011911,0.999999999774867
"1894","Gm11491",1.63798106815072e-12,-0.264656662717197,1.34261518604183e-07,0.999707641429771,0.999999999774867
"1589","Gm15859",1.63662375483562e-12,-0.264836464271156,1.34039099131897e-07,0.999707883692744,0.999999999774867
"1557","Rph3al",1.63446933112684e-12,-0.265122160134264,1.33686437817232e-07,0.999708268229671,0.999999999774867
"2873","Rpusd3",1.62841778257192e-12,-0.265926640311751,1.32698334470354e-07,0.999709348353269,0.999999999774867
"1843","Rgs16",1.6272007049667e-12,-0.266088792046167,1.32500051426721e-07,0.999709565585971,0.999999999774867
"2447","Asb10",1.62511353614781e-12,-0.266367144957886,1.32160360553682e-07,0.999709938118766,0.999999999774867
"2584","C130026I21Rik",1.62453934373883e-12,-0.266443783304824,1.32066986068746e-07,0.999710040604727,0.999999999774867
"1762","1700049G17Rik",1.60237554968505e-12,-0.269422616580466,1.28487955424634e-07,0.999713996556959,0.999999999774867
"1113","Chadl",1.59627908827816e-12,-0.270249111849687,1.27512114607568e-07,0.999715084696927,0.999999999774867
"1148","Doc2b",1.59321186826135e-12,-0.270666111416972,1.27022561170262e-07,0.999715632156259,0.999999999774867
"1966","Gm15537",1.59194777143889e-12,-0.270838200296094,1.26821074953192e-07,0.999715857781287,0.999999999774867
"1134","Boc",1.58939762903979e-12,-0.271185776515476,1.26415090825666e-07,0.999716312948914,0.999999999774867
"409","Mb21d2",1.58913088203871e-12,-0.271222165036049,1.26372662151953e-07,0.999716360559823,0.999999999774867
"1303","2010109A12Rik",1.58515736026111e-12,-0.271764930615844,1.2574147847737e-07,0.999717069782366,0.999999999774867
"66","Echdc3",1.58082464916678e-12,-0.272358290862383,1.25055039440585e-07,0.999717843115584,0.999999999774867
"2344","Fam221a",1.58026931674629e-12,-0.27243445896121,1.24967192986969e-07,0.99971794223528,0.999999999774867
"2751","Med12l",1.57748370202063e-12,-0.272816926035404,1.24527010248465e-07,0.99971843943169,0.999999999774867
"2999","Ackr3",1.57577184446511e-12,-0.273052295909797,1.2425688785346e-07,0.999718744976251,0.999999999774867
"1437","Tmem45a",1.57417261389558e-12,-0.273272408156716,1.24004802404199e-07,0.999719030418344,0.999999999774867
"1982","BC068281",1.56974218324748e-12,-0.273883349870546,1.23307773945918e-07,0.999719821193246,0.999999999774867
"784","Mtap7d3",1.56836305481595e-12,-0.274073874138174,1.23091200096929e-07,0.999720067349938,0.999999999774867
"1577","Scarf2",1.56821999525374e-12,-0.274093647031044,1.23068745385291e-07,0.99972009288423,0.999999999774867
"2867","Zfyve1",1.56718176363734e-12,-0.274237198912137,1.22905845324282e-07,0.999720278195223,0.999999999774867
"1222","F9",1.56465866069732e-12,-0.27458644885136,1.22510416435332e-07,0.999720728536655,0.999999999774867
"759","Gm26908",1.56342469653915e-12,-0.274757457410264,1.22317257562548e-07,0.999720948783391,0.999999999774867
"2128","Akr1c14",1.56318091811867e-12,-0.274791257112768,1.2227911567674e-07,0.999720992294704,0.999999999774867
"903","AI854517",1.56176836320142e-12,-0.274987209199958,1.22058222595251e-07,0.999721244417594,0.999999999774867
"1607","Rab11fip3",1.56035585325761e-12,-0.275183329864827,1.21837536235451e-07,0.999721496532456,0.999999999774867
"2864","Mir143hg",1.55816165996127e-12,-0.275488331188171,1.21495118011313e-07,0.999721888167746,0.999999999774867
"1473","Gm28285",1.55801730119366e-12,-0.275508412457748,1.21472606774519e-07,0.99972191393393,0.999999999774867
"2565","Tfb1m",1.55308292526613e-12,-0.27619592250814,1.20704396634851e-07,0.999722794656585,0.999999999774867
"1313","Gp9",1.55302449945041e-12,-0.276204075912882,1.20695315187789e-07,0.999722805084842,0.999999999774867
"280","D730045B01Rik",1.54728652945096e-12,-0.277006294673097,1.1980509520669e-07,0.999723829238707,0.999999999774867
"1002","Iqck",1.54482378618414e-12,-0.277351507918708,1.1942402243449e-07,0.999724268806714,0.999999999774867
"2299","Pou6f1",1.54084140783879e-12,-0.277910884722623,1.18809093230545e-07,0.999724979610043,0.999999999774867
"23","Fam19a1",1.53468812366494e-12,-0.278778002549091,1.17862069910993e-07,0.999726077892149,0.999999999774867
"2485","Ccnj",1.53385726807241e-12,-0.278895348915299,1.17734487178656e-07,0.999726226189189,0.999999999774867
"2106","Dpysl3",1.53299197918111e-12,-0.27901762512995,1.17601690456287e-07,0.99972638063213,0.999999999774867
"186","Gm14420",1.53267532184706e-12,-0.279062389807407,1.17553111478489e-07,0.999726437151393,0.999999999774867
"1513","Qprt",1.53195730964092e-12,-0.27916392633047,1.17442997095867e-07,0.999726565307339,0.999999999774867
"1255","Pkd1l2",1.53116415221245e-12,-0.279276143952034,1.1732141841873e-07,0.999726706875742,0.999999999774867
"2801","Dnaaf3",1.52915232536577e-12,-0.279561038813635,1.17013319099093e-07,0.999727065960966,0.999999999774867
"2778","Slc22a18",1.52662824828401e-12,-0.279918996599864,1.16627344629974e-07,0.999727516476271,0.999999999774867
"1375","Zscan20",1.52299991041654e-12,-0.280434581317257,1.16073626925526e-07,0.999728164087928,0.999999999774867
"1154","Shpk",1.5217791249942e-12,-0.280608326548897,1.15887620085564e-07,0.999728381982429,0.999999999774867
"2092","Syn1",1.5201572779824e-12,-0.280839364555063,1.15640735591404e-07,0.999728671461267,0.999999999774867
"2854","Oas1c",1.51731127175858e-12,-0.281245376552708,1.15208140651894e-07,0.999729179436785,0.999999999774867
"1228","Ube2cbp",1.51508200626327e-12,-0.281563928933049,1.14869856915594e-07,0.999729577332013,0.999999999774867
"2086","Rpgrip1l",1.51384935701179e-12,-0.281740267645172,1.14683019974722e-07,0.999729797344055,0.999999999774867
"1850","Klhl11",1.51383172815764e-12,-0.281742790597248,1.14680349010863e-07,0.999729800490579,0.999999999774867
"2155","Nudt17",1.51299691670103e-12,-0.281862297751898,1.14553901572615e-07,0.99972994949369,0.999999999774867
"2681","Adgrg6",1.51129643663489e-12,-0.282105930635527,1.14296548558158e-07,0.999730253007518,0.999999999774867
"2752","Slc13a4",1.50647139047194e-12,-0.2827987038616,1.13567894989467e-07,0.999731114216219,0.999999999774867
"2443","Gm42641",1.50540249760159e-12,-0.282952469961939,1.13406791568359e-07,0.999731304999853,0.999999999774867
"2648","Dusp26",1.50507618044027e-12,-0.282999433923715,1.13357631863218e-07,0.999731363243271,0.999999999774867
"523","1700034P13Rik",1.50126298230177e-12,-0.283548979374499,1.12783963174988e-07,0.99973204385011,0.999999999774867
"1564","Ntn4",1.50042163221034e-12,-0.283670417277439,1.12657583974131e-07,0.999732194020284,0.999999999774867
"1814","A130057D12Rik",1.49861434279479e-12,-0.283931503087851,1.12386350566718e-07,0.999732516598207,0.999999999774867
"2197","Epb41l5",1.48972670144795e-12,-0.285219969374995,1.11057272534229e-07,0.999734102927915,0.999999999774867
"1567","Lrrn1",1.48702290671769e-12,-0.285613449970979,1.10654509298017e-07,0.999734585520511,0.999999999774867
"2077","Numbl",1.4846187735088e-12,-0.285963914055394,1.10296998825547e-07,0.999735014627378,0.999999999774867
"1045","Zfp251",1.48125769701643e-12,-0.286454816324487,1.0979815424965e-07,0.999735614536318,0.999999999774867
"2829","Ugt8a",1.47832728850453e-12,-0.286883714388697,1.09364151199301e-07,0.99973613757656,0.999999999774867
"1326","Anks1b",1.47600982870459e-12,-0.287223494566782,1.09021536446477e-07,0.999736551213338,0.999999999774867
"2137","Gm10110",1.47460282921101e-12,-0.287430042040979,1.08813786968271e-07,0.999736802344658,0.999999999774867
"1229","Gm16279",1.47329739526612e-12,-0.287621853552553,1.0862121127016e-07,0.999737035347833,0.999999999774867
"2363","Nynrin",1.4717916667526e-12,-0.287843303198889,1.08399300231215e-07,0.999737304101013,0.999999999774867
"2970","Zfp113",1.46915784546992e-12,-0.288231200715248,1.0801167889796e-07,0.999737774204249,0.999999999774867
"1719","Slfn3",1.46825276245592e-12,-0.288364655636205,1.07878637477629e-07,0.99973793574993,0.999999999774867
"2891","Dnaja4",1.46661862362893e-12,-0.288605815749258,1.07638637156763e-07,0.9997382274227,0.999999999774867
"2630","Camk2b",1.46545312762894e-12,-0.288777977221312,1.07467628072843e-07,0.999738435448752,0.999999999774867
"2388","Ttc21b",1.46235405367637e-12,-0.289236415127004,1.07013573335826e-07,0.999738988593607,0.999999999774867
"2750","Mlh3",1.46152568651799e-12,-0.2893591155616,1.06892369552093e-07,0.999739136446495,0.999999999774867
"867","Slc13a5",1.46050922578255e-12,-0.289509770754388,1.06743738412726e-07,0.999739317871667,0.999999999774867
"2612","Klhl13",1.4589049732794e-12,-0.28974775624132,1.06509368293513e-07,0.999739604210113,0.999999999774867
"2516","Pcdhga12",1.45843230061213e-12,-0.28981792486236,1.06440363234788e-07,0.999739688576107,0.999999999774867
"1151","Gm15614",1.45770250619417e-12,-0.289926307453538,1.06333865116766e-07,0.999739818835028,0.999999999774867
"2556","Kcnab1",1.45657473259583e-12,-0.290093899645968,1.06169395156654e-07,0.999740020128116,0.999999999774867
"2208","Kazald1",1.4549139238473e-12,-0.290340936326671,1.05927421255892e-07,0.999740316561124,0.999999999774867
"1409","Shf",1.45114790513641e-12,-0.290902143717969,1.05379748518352e-07,0.999740988747045,0.999999999774867
"960","1700055D18Rik",1.44944122950137e-12,-0.29115694339322,1.05132022852959e-07,0.999741293366703,0.999999999774867
"1650","Chn1",1.44764107672888e-12,-0.291426019583722,1.04871044793976e-07,0.999741614670829,0.999999999774867
"1061","Gm42747",1.44574514577127e-12,-0.291709769071186,1.04596531913746e-07,0.999741953070129,0.999999999774867
"2533","Zfp629",1.4448057182978e-12,-0.291850501960797,1.04460644988381e-07,0.999742120745855,0.999999999774867
"2796","Mettl4",1.44064670526604e-12,-0.292474637427478,1.03860110438222e-07,0.99974286307621,0.999999999774867
"948","Scube2",1.43849244106336e-12,-0.29279862269578,1.0354972923049e-07,0.999743247584673,0.999999999774867
"1475","Apol10b",1.43592416620732e-12,-0.293185497798769,1.03180305310179e-07,0.999743705988716,0.999999999774867
"2949","Garnl3",1.43489420334122e-12,-0.293340839167523,1.03032339599988e-07,0.999743889823845,0.999999999774867
"2154","Kif9",1.43201076343883e-12,-0.293776311639825,1.0261866581449e-07,0.999744404480797,0.999999999774867
"1252","Gm20404",1.43190989026639e-12,-0.293791561691526,1.02604209071496e-07,0.999744422485361,0.999999999774867
"677","Tnfrsf14",1.42344078700282e-12,-0.295075717143499,1.01394082823698e-07,0.99974593411141,0.999999999774867
"142","Pnck",1.41895054169702e-12,-0.2957596244506,1.00755396323773e-07,0.999746735562468,0.999999999774867
"2480","Prss36",1.41781363214604e-12,-0.29593312519222,1.00594003972852e-07,0.999746938486207,0.999999999774867
"1020","Zkscan4",1.41626848189771e-12,-0.296169146494976,1.00374866350801e-07,0.999747214275661,0.999999999774867
"1446","Tmem116",1.41605809538376e-12,-0.296201302617425,1.00345047216948e-07,0.999747251826949,0.999999999774867
"1643","Vsig4",1.41342249120954e-12,-0.296604536089707,9.99718652025821e-08,0.999747722248409,0.999999999774867
"1935","Lbhd1",1.41261113227902e-12,-0.296728818959598,9.98571227457071e-08,0.999747867065547,0.999999999774867
"1789","March3",1.41215346042609e-12,-0.296798955570867,9.9792427813196e-08,0.999747948754089,0.999999999774867
"2278","Pars2",1.4116715469228e-12,-0.29687283135894,9.97243288225684e-08,0.999748034769454,0.999999999774867
"1729","Erbb3",1.41010558258013e-12,-0.297113060448315,9.95032035519498e-08,0.999748314273957,0.999999999774867
"994","Gm5127",1.40957151772881e-12,-0.297195049617347,9.94278459320707e-08,0.999748409597666,0.999999999774867
"256","Msantd1",1.40773485626049e-12,-0.2974772462574,9.91689072148727e-08,0.999748737418126,0.999999999774867
"228","Gm15445",1.40556712537944e-12,-0.297810778006478,9.88637276032413e-08,0.999749124330219,0.999999999774867
"1619","Tecrl",1.40403517029552e-12,-0.298046793927656,9.86483380275801e-08,0.999749397764506,0.999999999774867
"2816","Bdh1",1.40197200470414e-12,-0.298365050710407,9.83586325792834e-08,0.99974976601304,0.999999999774867
"881","Lmntd1",1.40171128215873e-12,-0.298405301729072,9.83220527781934e-08,0.999749812548662,0.999999999774867
"2592","Ica1l",1.40149170531029e-12,-0.29843920629575,9.82912510634784e-08,0.999749851740307,0.999999999774867
"2977","Plxna1",1.40105134117112e-12,-0.298507218119539,9.8229492378996e-08,0.999749930339644,0.999999999774867
"1987","Hpn",1.39831675408689e-12,-0.298930032500475,9.7846415830135e-08,0.999750418428282,0.999999999774867
"1864","Tmem147os",1.39828589579587e-12,-0.298934808375521,9.78420972952249e-08,0.99975042393609,0.999999999774867
"1954","Gm9796",1.390298811349e-12,-0.300174460911543,9.67275309713122e-08,0.999751849527981,0.999999999774867
"1223","Pcolce2",1.38769717107321e-12,-0.300579770594646,9.63658608265984e-08,0.999752313887323,0.999999999774867
"2910","Nphp3",1.38475943548622e-12,-0.301038342220228,9.59582823318521e-08,0.999752838235358,0.999999999774867
"2670","Gpr165",1.38085644292485e-12,-0.301649073527493,9.54181211349585e-08,0.999753534869354,0.999999999774867
"630","Pip5k1b",1.38065160090209e-12,-0.301681173727225,9.53898137880215e-08,0.999753571431021,0.999999999774867
"1202","Gm42997",1.37985890242617e-12,-0.301805439470784,9.5280309474621e-08,0.999753712917508,0.999999999774867
"1150","Ppp1r13l",1.37685477991927e-12,-0.302277014239764,9.48658871903579e-08,0.999754249114755,0.999999999774867
"1923","Zfp2",1.37647859549677e-12,-0.302336137579552,9.4814055734644e-08,0.999754316258838,0.999999999774867
"2201","Cacnb3",1.37498527712295e-12,-0.302570993465686,9.46084429935435e-08,0.99975458279697,0.999999999774867
"1098","Ccdc190",1.36936725233385e-12,-0.303456805160438,9.38369049436092e-08,0.99975558554217,0.999999999774867
"2224","Zbtb12",1.36777231798735e-12,-0.303708936575418,9.3618444126781e-08,0.999755870217447,0.999999999774867
"2935","Zfp866",1.36764639066603e-12,-0.303728855843229,9.36012064958642e-08,0.999755892693855,0.999999999774867
"2662","Mpp7",1.36686387462352e-12,-0.303852675301571,9.3494126928636e-08,0.999756032362908,0.999999999774867
"1837","Kif5a",1.36543428003504e-12,-0.304079064194874,9.32986593272406e-08,0.999756287527164,0.999999999774867
"890","Slc4a11",1.36511918351407e-12,-0.304128993935383,9.32556038812949e-08,0.999756343767842,0.999999999774867
"887","Chl1",1.36361479532308e-12,-0.304367533864795,9.30501781158405e-08,0.999756612281794,0.999999999774867
"1772","Zfp169",1.36303370899016e-12,-0.304459741988438,9.29708908181105e-08,0.999756715998234,0.999999999774867
"722","Fgf2",1.36045314115219e-12,-0.304869701282669,9.26191892032907e-08,0.999757176596418,0.999999999774867
"2702","Celf4",1.36028036658887e-12,-0.304897176317725,9.2595665829554e-08,0.999757207434457,0.999999999774867
"2722","A530032D15Rik",1.35521740105384e-12,-0.305703833019042,9.19076661744688e-08,0.999758111108717,0.999999999774867
"1040","Zfp651",1.35257012752889e-12,-0.306126793503807,9.15489531056804e-08,0.999758583613008,0.999999999774867
"1365","Capn5",1.34944343242638e-12,-0.306627404787327,9.11261804821954e-08,0.999759141687889,0.999999999774867
"2312","2610305D13Rik",1.34926222980127e-12,-0.306656451965263,9.1101709364562e-08,0.999759174030228,0.999999999774867
"2564","Shb",1.34903228046649e-12,-0.306693318885653,9.10706598148222e-08,0.999759215073228,0.999999999774867
"2234","Tspyl3",1.34892650061573e-12,-0.30671028025592,9.10563783728482e-08,0.999759233953571,0.999999999774867
"2617","Ffar4",1.34318668244692e-12,-0.30763260860624,9.02831189005292e-08,0.999760258437326,0.999999999774867
"1846","Mpzl3",1.34285080598559e-12,-0.307686700706483,9.02379722600915e-08,0.999760318386957,0.999999999774867
"481","Jakmip1",1.33812889296423e-12,-0.308448568769974,8.96044741730421e-08,0.999761161187728,0.999999999774867
"489","Gm37168",1.33720380959771e-12,-0.308598138988941,8.94806251828671e-08,0.999761326303217,0.999999999774867
"1901","Ctse",1.33501514469136e-12,-0.308952415435669,8.9187950528664e-08,0.999761716951766,0.999999999774867
"1533","Fxyd7",1.33467574490599e-12,-0.309007404936386,8.91426079367364e-08,0.999761777530265,0.999999999774867
"1371","Pxdn",1.33358356881411e-12,-0.309184452755293,8.89967753769993e-08,0.999761972469657,0.999999999774867
"1286","Trpc1",1.33172457073888e-12,-0.309486135710753,8.87488276307546e-08,0.999762304276915,0.999999999774867
"777","Gm26582",1.33158478639788e-12,-0.309508837052858,8.87301975843072e-08,0.999762329226623,0.999999999774867
"2995","Ubox5",1.33149984142835e-12,-0.309522633485606,8.87188773235182e-08,0.999762344388208,0.999999999774867
"2408","Amigo2",1.33149721735789e-12,-0.30952305969078,8.87185276361229e-08,0.999762344856571,0.999999999774867
"1339","Gm26735",1.3280655493937e-12,-0.310081145923281,8.82618083994888e-08,0.999762957365187,0.999999999774867
"615","Fam124b",1.31558806894362e-12,-0.312122390502954,8.66111194304684e-08,0.999765184435046,0.999999999774867
"702","Hist1h2bp",1.31427033097423e-12,-0.312339078287047,8.6437701010672e-08,0.999765419634334,0.999999999774867
"2619","Cnr2",1.3129885580622e-12,-0.312550057628406,8.62691824431529e-08,0.999765648414322,0.999999999774867
"1943","Retnla",1.31045392380153e-12,-0.312967855976234,8.59364304640687e-08,0.999766100813954,0.999999999774867
"1556","1700066B19Rik",1.30983072334036e-12,-0.313070703728193,8.58547139112801e-08,0.999766212047225,0.999999999774867
"2820","Smpd5",1.30922462627739e-12,-0.313170775169747,8.57752773098046e-08,0.999766320227759,0.999999999774867
"2247","Tbc1d32",1.30748514701302e-12,-0.313458230889499,8.55475009689354e-08,0.999766630702447,0.999999999774867
"2658","Zfp105",1.30599942983302e-12,-0.313704050165863,8.53531933248209e-08,0.999766895883865,0.999999999774867
"2488","Rhobtb2",1.30545007062386e-12,-0.313795014203388,8.52814020210332e-08,0.999766993937421,0.999999999774867
"289","Dyrk4",1.30380622616191e-12,-0.314067430992982,8.50667617231245e-08,0.999767287342526,0.999999999774867
"2945","Gm26759",1.2981239879262e-12,-0.315011703160505,8.43269028583202e-08,0.999768301549006,0.999999999774867
"1755","Prss30",1.29682175206143e-12,-0.315228682191919,8.41577996946633e-08,0.999768533981367,0.999999999774867
"2954","Sbk1",1.29239827489017e-12,-0.315967331273519,8.3584652003598e-08,0.999769323515179,0.999999999774867
"2305","Rsad1",1.28896650564826e-12,-0.316542100318761,8.31413484045931e-08,0.999769936041873,0.999999999774867
"1756","Dnah6",1.2854483138151e-12,-0.317132912265939,8.26881046356517e-08,0.99977056399389,0.999999999774867
"1219","Rps6ka2",1.28522258042257e-12,-0.317170874213647,8.26590660079756e-08,0.999770604284399,0.999999999774867
"2448","Pard3b",1.28520571049668e-12,-0.317173711520225,8.26568960442867e-08,0.999770607295464,0.999999999774867
"2717","Bcorl1",1.28219543177761e-12,-0.317680590853336,8.22701425574292e-08,0.999771144591518,0.999999999774867
"2468","Adal",1.28180629960554e-12,-0.317746199665427,8.22202139731677e-08,0.999771214046609,0.999999999774867
"2393","Tgif2",1.2803653984077e-12,-0.317989310894639,8.20354674681058e-08,0.99977147122895,0.999999999774867
"1311","Gm15545",1.27565259268634e-12,-0.318786351558219,8.14326619173857e-08,0.99977231240419,0.999999999774867
"2633","Tnks1bp1",1.27420882959455e-12,-0.31903110516,8.12484378726926e-08,0.999772570097342,0.999999999774867
"1886","Kit",1.27224779830153e-12,-0.319363986829875,8.09985445757864e-08,0.99977292011622,0.999999999774867
"1849","Prdm9",1.2694577562898e-12,-0.319838464596164,8.06436741723747e-08,0.999773418102854,0.999999999774867
"2572","Adat1",1.26764312625702e-12,-0.320147614834257,8.04132862915084e-08,0.999773741990988,0.999999999774867
"1918","Glcci1",1.26547656846179e-12,-0.320517293397739,8.01386488214934e-08,0.999774128693704,0.999999999774867
"394","Ttc25",1.26405819863309e-12,-0.320759647208867,7.99591076987164e-08,0.999774381854486,0.999999999774867
"367","Evc2",1.25864367912537e-12,-0.321687286552972,7.92755744373607e-08,0.999775348276617,0.999999999774867
"1927","Tfdp1",1.25829613931359e-12,-0.321746962913701,7.92318009454773e-08,0.999775410308006,0.999999999774867
"783","Tnfrsf4",1.25724532960018e-12,-0.321927497259934,7.90995224157464e-08,0.999775597864032,0.999999999774867
"929","Me3",1.25646429398955e-12,-0.322061779483216,7.90012753151125e-08,0.999775737268849,0.999999999774867
"2500","Taco1os",1.25639098974964e-12,-0.322074386790253,7.89920574494962e-08,0.999775750352713,0.999999999774867
"1568","Gm5616",1.25618523170617e-12,-0.322109778179773,7.89661866490329e-08,0.999775787077879,0.999999999774867
"2723","Arc",1.25406130707134e-12,-0.322475437980131,7.86993845275802e-08,0.999776166171125,0.999999999774867
"1261","Dnah2",1.25158315008962e-12,-0.322902855902821,7.83886553330861e-08,0.99977660849029,0.999999999774867
"2492","Dcun1d4",1.25057555250966e-12,-0.323076879057353,7.82624912409155e-08,0.999776788333506,0.999999999774867
"2676","Slc6a9",1.24901861891054e-12,-0.323346050605009,7.80677430672283e-08,0.99977706622614,0.999999999774867
"2253","Fbxl22",1.24812445339702e-12,-0.323500788628855,7.79560065473192e-08,0.99977722582319,0.999999999774867
"2111","Usp28",1.24728423553461e-12,-0.323646290491322,7.78510843463197e-08,0.999777375791278,0.999999999774867
"1683","Rec114",1.24653354223076e-12,-0.323776371011847,7.77574012884434e-08,0.999777509780383,0.999999999774867
"2705","Zfp930",1.2454113523189e-12,-0.323970968759794,7.761746234393e-08,0.999777710076857,0.999999999774867
"2402","Ttc12",1.24216029079875e-12,-0.324535709342126,7.72127610577693e-08,0.999778290349548,0.999999999774867
"1293","Zfand4",1.23989464371847e-12,-0.324930136347239,7.69313524033853e-08,0.999778694738429,0.999999999774867
"1916","Gm3488",1.23884641834401e-12,-0.325112862644479,7.68013295689921e-08,0.999778881833184,0.999999999774867
"364","Zfr2",1.2342931375459e-12,-0.325908362385187,7.62378127835446e-08,0.999779694535277,0.999999999774867
"398","Gm10941",1.23083609294388e-12,-0.326514274417891,7.58113526156757e-08,0.999780311573301,0.999999999774867
"999","Irx3",1.22957413229139e-12,-0.326735874885803,7.56559754708911e-08,0.999780536817056,0.999999999774867
"2527","Pla2g6",1.22907809640836e-12,-0.32682304025859,7.55949453828161e-08,0.999780625353085,0.999999999774867
"761","Col5a2",1.22863337262373e-12,-0.326901218362128,7.55402494476087e-08,0.999780704730564,0.999999999774867
"1861","Glis3",1.22601634789195e-12,-0.327361831732229,7.52187863293422e-08,0.999781171835839,0.999999999774867
"1360","Fat3",1.22571030535382e-12,-0.327415760509767,7.51812382572677e-08,0.999781226460498,0.999999999774867
"1107","1110006O24Rik",1.22554742192689e-12,-0.327444468155987,7.51612580645412e-08,0.999781255533096,0.999999999774867
"2367","Gm12981",1.22399821563692e-12,-0.327717698660082,7.49713564810113e-08,0.999781532046505,0.999999999774867
"1389","Mreg",1.22283324090098e-12,-0.327923387698075,7.48287122008499e-08,0.999781739979521,0.999999999774867
"2351","Pdcd1lg2",1.22223584982785e-12,-0.328028938583087,7.47556178752355e-08,0.999781846606148,0.999999999774867
"2605","Zfp456",1.21786566714837e-12,-0.328802641173606,7.42219865867234e-08,0.999782626627582,0.999999999774867
"1143","Ncald",1.21605929794931e-12,-0.329123242922084,7.40019740116842e-08,0.999782949041265,0.999999999774867
"1951","Azin2",1.21356890366764e-12,-0.329566019011234,7.36991838709709e-08,0.999783393544632,0.999999999774867
"2906","Ptprcap",1.20970124224144e-12,-0.330255443571848,7.32301717351087e-08,0.999784083872482,0.999999999774867
"1761","Srgap1",1.20683481517614e-12,-0.330767798186027,7.28835402762914e-08,0.999784595492868,0.999999999774867
"2490","Tcea2",1.20358747412683e-12,-0.331349690262817,7.24918391354558e-08,0.999785175101504,0.999999999774867
"943","Kcnq1",1.20321416572822e-12,-0.331416682693447,7.24468775249808e-08,0.999785241732255,0.999999999774867
"1949","Cercam",1.20254170775744e-12,-0.331537411032791,7.23659212531713e-08,0.999785361757359,0.999999999774867
"1444","Plxna3",1.20228185442344e-12,-0.33158408109097,7.23346499981619e-08,0.999785408137839,0.999999999774867
"860","4833403J16Rik",1.20190680047926e-12,-0.331651458895506,7.22895271941346e-08,0.999785475080147,0.999999999774867
"2513","Eif5a2",1.20156400822017e-12,-0.331713059077947,7.22482981128629e-08,0.999785536264159,0.999999999774867
"734","4930580E04Rik",1.19904586947315e-12,-0.332166103528583,7.19457913809738e-08,0.999785985719557,0.999999999774867
"812","Gm29554",1.19872899105976e-12,-0.332223180333679,7.19077693897914e-08,0.999786042278281,0.999999999774867
"2951","Txnrd3",1.195889077927e-12,-0.332735376569567,7.15674590766445e-08,0.999786549166272,0.999999999774867
"1039","Il12rb2",1.19476583032476e-12,-0.332938292405975,7.14330816903291e-08,0.99978674965153,0.999999999774867
"2590","Bbs12",1.19431645066307e-12,-0.333019525988531,7.1379356455849e-08,0.999786829860024,0.999999999774867
"128","Gm27253",1.19335489841175e-12,-0.333193445403018,7.12644667185165e-08,0.999787001484741,0.999999999774867
"462","Thsd4",1.19057191444487e-12,-0.333697593494612,7.09324672243527e-08,0.999787498211607,0.999999999774867
"259","Map9",1.18587161103864e-12,-0.334551715601151,7.03734989100913e-08,0.999788337155349,0.999999999774867
"490","2810405F17Rik",1.18366197090852e-12,-0.334954397487806,7.0111488699537e-08,0.99978873154771,0.999999999774867
"1442","Armcx6",1.18066320168353e-12,-0.335502076332032,6.97566883404408e-08,0.999789266789471,0.999999999774867
"1924","Siglecf",1.18009840974199e-12,-0.335605380318999,6.96899655154986e-08,0.999789367597573,0.999999999774867
"362","Sbspon",1.17963747677905e-12,-0.335689723980069,6.96355359379215e-08,0.999789449868182,0.999999999774867
"1471","Sept3",1.17818548360244e-12,-0.335955629023033,6.94642153455525e-08,0.999789709030301,0.999999999774867
"1941","Rnf180",1.17708511319816e-12,-0.336157356318887,6.93345232490496e-08,0.999789905432274,0.999999999774867
"201","Pou2f3",1.17610247526612e-12,-0.336337657329381,6.92188097907749e-08,0.999790080820515,0.999999999774867
"383","Kirrel",1.17565561511327e-12,-0.336419699369253,6.91662204077375e-08,0.999790160579308,0.999999999774867
"684","Il11",1.17563064947783e-12,-0.336424283883837,6.91632828803064e-08,0.999790165035353,0.999999999774867
"2475","Gm17586",1.17143738517903e-12,-0.337195670896174,6.86707766660242e-08,0.999790913479132,0.999999999774867
"1160","Cited4",1.17035186938643e-12,-0.337395804481669,6.8543567690686e-08,0.999791107229748,0.999999999774867
"2035","Acad10",1.16968583513436e-12,-0.337518690019588,6.84655751229663e-08,0.999791226108301,0.999999999774867
"750","Grem2",1.16856957025916e-12,-0.337724799401855,6.8334960137738e-08,0.999791425347233,0.999999999774867
"1120","2410080I02Rik",1.16700530717366e-12,-0.338013954930938,6.81521343761769e-08,0.999791704548088,0.999999999774867
"1468","Farp2",1.1668275723535e-12,-0.338046833556992,6.81313768271451e-08,0.999791736271469,0.999999999774867
"82","Gm16751",1.16513395117203e-12,-0.338360379354058,6.79337383693223e-08,0.999792038561081,0.999999999774867
"2730","Zfp74",1.16321290630062e-12,-0.338716573271354,6.77099080126028e-08,0.999792381442898,0.999999999774867
"984","Gm26525",1.16292173100994e-12,-0.33877061266381,6.76760139860565e-08,0.999792433413945,0.999999999774867
"1309","Gm10101",1.16103775886083e-12,-0.33912058289975,6.74569167842362e-08,0.999792769678758,0.999999999774867
"1749","Gm5",1.16038397888577e-12,-0.339242161187057,6.73809682388404e-08,0.99979288637008,0.999999999774867
"392","Ccdc113",1.15743387187332e-12,-0.339791610560984,6.70387911929913e-08,0.999793412926263,0.999999999774867
"542","Car11",1.15588660494012e-12,-0.340080337077661,6.6859675001748e-08,0.999793689093523,0.999999999774867
"2874","Asb1",1.15563800836498e-12,-0.340126761772719,6.68309190687694e-08,0.999793733464816,0.999999999774867
"2276","Bend5",1.15552459164082e-12,-0.340147945290642,6.68178018609368e-08,0.999793753708243,0.999999999774867
"2464","Sbsn",1.15303677346697e-12,-0.340613126335001,6.65303971657548e-08,0.99979419775181,0.999999999774867
"751","Rhobtb3",1.15301125580224e-12,-0.340617902843788,6.6527452452069e-08,0.999794202306385,0.999999999774867
"1854","Tbc1d8b",1.152744066369e-12,-0.340667922798083,6.64966229650901e-08,0.999794249996265,0.999999999774867
"859","Catsper2",1.15166278246048e-12,-0.340870464419862,6.63719326574001e-08,0.999794442991545,0.999999999774867
"2904","Fbxo45",1.14735086483761e-12,-0.341680023993542,6.5875859413157e-08,0.999795212613418,0.999999999774867
"1058","Ephb1",1.14608460743029e-12,-0.341918332826628,6.57305337465721e-08,0.999795438624089,0.999999999774867
"1774","Gm24362",1.14579225815835e-12,-0.341973389659346,6.56970042450562e-08,0.999795490804677,0.999999999774867
"1478","Sh3yl1",1.1450145775775e-12,-0.342119914225476,6.56078537982262e-08,0.999795629610665,0.999999999774867
"2316","Il2ra",1.14328275778221e-12,-0.342446563199548,6.54095418168355e-08,0.999795938718238,0.999999999774867
"2690","Natd1",1.14069091834068e-12,-0.342936338235336,6.51133091229286e-08,0.999796401328265,0.999999999774867
"2787","Bcl2a1c",1.13851952571427e-12,-0.343347507664682,6.4865648714729e-08,0.999796788893939,0.999999999774867
"2257","C920021L13Rik",1.13842680071139e-12,-0.343365083046537,6.48550833754445e-08,0.999796805444161,0.999999999774867
"1486","Ppp1r3f",1.13761844282773e-12,-0.343518361497753,6.47630133277009e-08,0.999796949725653,0.999999999774867
"2184","Dagla",1.1356516020136e-12,-0.343891757067942,6.4539267966335e-08,0.999797300781458,0.999999999774867
"2524","Gm14325",1.13342182288097e-12,-0.344315842213755,6.42860793382076e-08,0.999797698768373,0.999999999774867
"821","Gm10561",1.13337370627356e-12,-0.344325002650182,6.42806212425167e-08,0.999797707356569,0.999999999774867
"1787","Gm28707",1.1312028671533e-12,-0.344738686257981,6.40346136850718e-08,0.99979809482345,0.999999999774867
"247","Gm13594",1.12964584381553e-12,-0.345035881062973,6.38584564751132e-08,0.999798372732103,0.999999999774867
"619","4930556M19Rik",1.1277875031472e-12,-0.345391118571847,6.36485266873299e-08,0.999798704422027,0.999999999774867
"2535","Ccdc73",1.12406292190335e-12,-0.346104844631314,6.32288152624294e-08,0.999799369211906,0.999999999774867
"2805","Fam161a",1.12124291591952e-12,-0.346646783484424,6.29119611597894e-08,0.999799872546729,0.999999999774867
"549","Adam22",1.12052373843658e-12,-0.346785207559438,6.28312822008314e-08,0.999800000910666,0.999999999774867
"689","Cldn2",1.11997375653899e-12,-0.346891124745291,6.27696189158441e-08,0.999800099075365,0.999999999774867
"721","Gm26718",1.11994863557952e-12,-0.34689596384066,6.27668031081358e-08,0.999800103559134,0.999999999774867
"773","Angptl3",1.11958692795745e-12,-0.34696565209401,6.27262663117742e-08,0.999800168119295,0.999999999774867
"1083","Gm28192",1.118708395316e-12,-0.34713500671217,6.26278631418656e-08,0.99980032492608,0.999999999774867
"2653","Ednra",1.11568962985167e-12,-0.347717934815691,6.22903243348569e-08,0.999800863736915,0.999999999774867
"2748","Ttc37",1.11521970337331e-12,-0.347808818179493,6.223786223906e-08,0.999800947612752,0.999999999774867
"2306","Sap25",1.11118869844461e-12,-0.348589965703806,6.17887530296607e-08,0.999801667095321,0.999999999774867
"2604","Zfp784",1.11078728856066e-12,-0.34866790575304,6.17441195010369e-08,0.999801738741826,0.999999999774867
"2678","Fosl1",1.10895616104102e-12,-0.349023800645347,6.15407175229886e-08,0.999802065574553,0.999999999774867
"255","C1qtnf4",1.09908133711122e-12,-0.3509530991264,6.0449604838165e-08,0.999803828103704,0.999999999774867
"110","Gm15851",1.09299804686094e-12,-0.352150150741767,5.97822933288245e-08,0.999804913892826,0.999999999774867
"2481","Focad",1.08805254447693e-12,-0.353128162849432,5.9242521823324e-08,0.999805796601438,0.999999999774867
"1588","Fancf",1.08778541426003e-12,-0.353181114650104,5.92134358658268e-08,0.999805844280749,0.999999999774867
"1421","Gzmb",1.08302281329547e-12,-0.354127337860506,5.86960679963334e-08,0.999806694343809,0.999999999774867
"1707","Me1",1.08203676534607e-12,-0.354323756297653,5.85892359159876e-08,0.999806870340694,0.999999999774867
"1654","Tctex1d4",1.07682067894434e-12,-0.355365733502316,5.8025724729851e-08,0.999807801345076,0.999999999774867
"9","Dusp4",1.07571933796477e-12,-0.35558637609172,5.79070913694319e-08,0.999807997920286,0.999999999774867
"2725","Smpd3",1.07532653519849e-12,-0.355665124065392,5.78648091272691e-08,0.999808068030531,0.999999999774867
"395","Clec4g",1.07512105967429e-12,-0.355706328509475,5.78426973953706e-08,0.999808104705271,0.999999999774867
"2103","Plxna4",1.07266371114323e-12,-0.356199708426928,5.75785834603661e-08,0.999808543310401,0.999999999774867
"2636","Grk4",1.07161351962885e-12,-0.356410903090645,5.74658940158232e-08,0.999808730756088,0.999999999774867
"590","Col16a1",1.0666863879101e-12,-0.357404487239394,5.69386682951601e-08,0.999809610185774,0.999999999774867
"2244","Gm14403",1.05910085301469e-12,-0.358943034518019,5.61317309669754e-08,0.99981096410626,0.999999999774867
"2990","Ephb4",1.05846216322801e-12,-0.359073073235094,5.60640510037487e-08,0.999811078104178,0.999999999774867
"39","Sptbn4",1.05767286491688e-12,-0.359233883122094,5.59804679279206e-08,0.999811218983782,0.999999999774867
"2628","RP24-416M6.5",1.05651589260862e-12,-0.359469816060762,5.58580625433102e-08,0.999811425488469,0.999999999774867
"980","Hcn2",1.05489370729772e-12,-0.359801045843648,5.56866641463868e-08,0.999811715027698,0.999999999774867
"252","Gm14399",1.05147519214196e-12,-0.360500710966252,5.5326329731479e-08,0.999812325188717,0.999999999774867
"2405","Cfap45",1.05143458013583e-12,-0.360509036471084,5.53220559837635e-08,0.999812332437438,0.999999999774867
"1736","Gm26883",1.05056180090942e-12,-0.360688033816473,5.52302501743133e-08,0.999812488217313,0.999999999774867
"1292","Dpf1",1.04989441269641e-12,-0.360825006694708,5.51601004507228e-08,0.999812607337531,0.999999999774867
"253","Mfap2",1.04970811004602e-12,-0.360863258253897,5.51405259849273e-08,0.99981264059016,0.999999999774867
"814","Ccr9",1.04957484466443e-12,-0.360890624336634,5.51265261754294e-08,0.999812664376318,0.999999999774867
"400","Frmpd1",1.04929287575206e-12,-0.360948538025251,5.50969106053547e-08,0.999812714704145,0.999999999774867
"1296","Gm6169",1.04901148402708e-12,-0.361006348464729,5.50673635909328e-08,0.999812764928951,0.999999999774867
"2770","Acacb",1.04795900641871e-12,-0.361222710043169,5.49569203904926e-08,0.999812952782677,0.999999999774867
"1586","Gm10392",1.0467960366083e-12,-0.361462035207613,5.48350114701628e-08,0.999813160357842,0.999999999774867
"865","Zfp661",1.04472213065426e-12,-0.36188947137845,5.46179491208879e-08,0.9998135305234,0.999999999774867
"1386","Il4",1.04364426493197e-12,-0.362111952178766,5.45053058749701e-08,0.999813722908578,0.999999999774867
"2431","Zfp747",1.04021697717532e-12,-0.36282088249331,5.41479070122896e-08,0.999814334635394,0.999999999774867
"1558","Gm9725",1.04008572816729e-12,-0.362848076956242,5.41342436884149e-08,0.999814358061655,0.999999999774867
"1377","Zfp935",1.03756795155635e-12,-0.363370409975116,5.38724711094281e-08,0.999814807452421,0.999999999774867
"1233","1700022N22Rik",1.03756451567072e-12,-0.363371123630783,5.3872114314787e-08,0.999814808065683,0.999999999774867
"2087","Zfp445",1.0369606192496e-12,-0.363496593033338,5.38094219060615e-08,0.999814915853433,0.999999999774867
"2206","Aldh1a2",1.03639376102056e-12,-0.363614432713536,5.37506077602941e-08,0.999815017030341,0.999999999774867
"935","Gm10306",1.03568790380205e-12,-0.363761256662108,5.36774167861315e-08,0.999815143016783,0.999999999774867
"2530","Pstpip2",1.03315690488678e-12,-0.36428853706781,5.34153851839498e-08,0.99981559476756,0.999999999774867
"1330","Irgc1",1.03129989555751e-12,-0.364676216583057,5.32235387705267e-08,0.999815926219858,0.999999999774867
"904","Prss22",1.03048784091753e-12,-0.364845961939044,5.31397544014395e-08,0.999816071161175,0.999999999774867
"1547","Lrrc29",1.02776204752571e-12,-0.365416705748053,5.28590011243591e-08,0.999816557680263,0.999999999774867
"744","A730015C16Rik",1.02494893730896e-12,-0.36600729961707,5.2570034054777e-08,0.999817059784282,0.999999999774867
"625","Gm28935",1.02430895601869e-12,-0.366141882601401,5.25044047666406e-08,0.999817174012717,0.999999999774867
"2491","Dhdh",1.02305893164296e-12,-0.366404992090445,5.23763345428188e-08,0.999817397126003,0.999999999774867
"760","9130604C24Rik",1.01979040631566e-12,-0.367094463553777,5.20421995254134e-08,0.999817980515767,0.999999999774867
"790","Ly6d",1.01907727191303e-12,-0.367245183561137,5.19694392677322e-08,0.999818107801092,0.999999999774867
"1742","C1s1",1.01813624189019e-12,-0.367444228236369,5.1873504986234e-08,0.999818275762857,0.999999999774867
"2657","Slc25a35",1.01554117043294e-12,-0.367994073535037,5.16094069418164e-08,0.99981873894976,0.999999999774867
"1476","Cyp2u1",1.01479656611914e-12,-0.368152096536618,5.1533753684106e-08,0.99981887185206,0.999999999774867
"815","Catsperg1",1.01459439202527e-12,-0.368195022492348,5.15132219786302e-08,0.999818907937538,0.999999999774867
"2006","Gm26722",1.01424738190369e-12,-0.368268719950405,5.1477991047596e-08,0.999818969874385,0.999999999774867
"1239","Actr3b",1.01421693647328e-12,-0.368275187088781,5.14749005864338e-08,0.999818975308503,0.999999999774867
"2522","Gm11110",1.01262408062361e-12,-0.368613804599939,5.13133420319816e-08,0.9998192596128,0.999999999774867
"1950","Slc2a3",1.01243079365976e-12,-0.368654930265469,5.12937547958171e-08,0.999819294112039,0.999999999774867
"2559","Gjb1",1.01125052158252e-12,-0.368906224832487,5.11742299880306e-08,0.999819504775436,0.999999999774867
"2819","Lpar1",1.01080571883604e-12,-0.369001003890305,5.11292214931315e-08,0.99981958416701,0.999999999774867
"2840","Zfp3",1.00983421450302e-12,-0.369208156175919,5.10309862164036e-08,0.999819757568048,0.999999999774867
"1084","Srms",1.00918599179928e-12,-0.369346484970646,5.09654926405836e-08,0.999819873267469,0.999999999774867
"2119","Dmpk",1.0084675446921e-12,-0.369499901837808,5.08929530345169e-08,0.999820001501044,0.999999999774867
"2772","A130051J06Rik",1.00828205595448e-12,-0.369539528521143,5.08742331431341e-08,0.9998200346084,0.999999999774867
"2317","Prdm11",1.0069013023575e-12,-0.369834730395417,5.07349929712645e-08,0.999820281055172,0.999999999774867
"1805","Gm5595",1.00687284077387e-12,-0.36984081961271,5.07321248096411e-08,0.999820286135199,0.999999999774867
"1405","AI427809",1.00474543598094e-12,-0.37029644862609,5.05179691750397e-08,0.999820665849613,0.999999999774867
"581","Pcdh11x",1.00235279699236e-12,-0.370810021065333,5.02776548811834e-08,0.999821092904922,0.999999999774867
"2422","Tango6",9.992473461172e-13,-0.37147840183722,4.99666008841799e-08,0.999821647187992,0.999999999774867
"1157","Ptger1",9.99164829041046e-13,-0.371496189763843,4.99583488180919e-08,0.99982166191623,0.999999999774867
"2063","Zbtb10",9.9779626855474e-13,-0.37179141712367,4.98215862017108e-08,0.999821906186688,0.999999999774867
"1905","Sv2a",9.95208949249011e-13,-0.372350648986476,4.95635430936787e-08,0.999822367989932,0.999999999774867
"981","Pianp",9.93105638218553e-13,-0.372806323033266,4.93542656616681e-08,0.99982274340392,0.999999999774867
"1111","Fignl2",9.92678825205692e-13,-0.372898906520508,4.93118522156284e-08,0.999822819584557,0.999999999774867
"2634","Fam84b",9.90873855974063e-13,-0.373290871550266,4.91326896215719e-08,0.999823141748368,0.999999999774867
"633","Snap91",9.88071064159612e-13,-0.373900920107521,4.8855128683556e-08,0.999823642010686,0.999999999774867
"1563","Mir155hg",9.854832762019e-13,-0.37446568829732,4.85995576814915e-08,0.999824103897578,0.999999999774867
"533","Figf",9.84593105415842e-13,-0.374660300447839,4.85117989774639e-08,0.999824262781623,0.999999999774867
"2955","Casc4",9.8423333961896e-13,-0.374739002893876,4.8476353477553e-08,0.999824326995194,0.999999999774867
"473","Pcsk2",9.83017888034834e-13,-0.375005105304561,4.83566983570826e-08,0.999824543937681,0.999999999774867
"2054","Gm42469",9.81710070713211e-13,-0.375291792190374,4.8228115429411e-08,0.999824777366266,0.999999999774867
"206","Hunk",9.81546424762455e-13,-0.375327691555327,4.82120380187123e-08,0.999824806574965,0.999999999774867
"2421","Gm29340",9.79156033587505e-13,-0.375852750565849,4.79774993425354e-08,0.999825233229069,0.999999999774867
"70","Bsn",9.78924331653951e-13,-0.375903711998023,4.79547957820953e-08,0.999825274584886,0.999999999774867
"627","Ccdc74a",9.77993476074754e-13,-0.376108567963518,4.78636390619399e-08,0.999825440730644,0.999999999774867
"1931","Gm15133",9.76491752641381e-13,-0.376439462000621,4.77167612650691e-08,0.999825708768977,0.999999999774867
"1081","Matn4",9.75583630327743e-13,-0.376639803802835,4.7628050825538e-08,0.999825870857139,0.999999999774867
"293","Gm12185",9.7534121113329e-13,-0.37669331524583,4.76043839273864e-08,0.99982591412585,0.999999999774867
"2783","Fam57b",9.74363482100765e-13,-0.376909271654844,4.75089899080594e-08,0.999826088637917,0.999999999774867
"2789","Adcy6",9.72620393977393e-13,-0.377294807702386,4.73391594824009e-08,0.999826399756745,0.999999999774867
"1364","Vsig10l",9.70016568488706e-13,-0.377871992342926,4.70860331531929e-08,0.999826864506131,0.999999999774867
"1823","Gm28809",9.68124926150418e-13,-0.378292267641495,4.69025660073561e-08,0.999827202139978,0.999999999774867
"781","Aldoart1",9.65761642053575e-13,-0.37881846898827,4.66738583376579e-08,0.999827623955817,0.999999999774867
"1305","Mturn",9.65519304534292e-13,-0.378872498843836,4.66504376353941e-08,0.99982766720995,0.999999999774867
"1323","Gm26714",9.63542266641366e-13,-0.379313785359418,4.64595864410011e-08,0.999828020085806,0.999999999774867
"667","Gm37800",9.62699222498006e-13,-0.379502229357742,4.63783230673875e-08,0.999828170558351,0.999999999774867
"2487","Mdfi",9.62152471335887e-13,-0.379624530569544,4.63256582251272e-08,0.999828268146407,0.999999999774867
"2449","Fkbp11",9.61184661740784e-13,-0.379841185242033,4.62325090229974e-08,0.999828440887981,0.999999999774867
"345","Icos",9.56332863188964e-13,-0.380930565246054,4.57669487633566e-08,0.99982930687167,0.999999999774867
"303","Eya1",9.52857225804739e-13,-0.381714309451269,4.54348881005502e-08,0.999829927228275,0.999999999774867
"1370","Rab36",9.52280533521244e-13,-0.381844624155007,4.53799081525952e-08,0.999830030160437,0.999999999774867
"2948","Lmln",9.52045034948826e-13,-0.381897861959824,4.53574660637844e-08,0.999830072193905,0.999999999774867
"1747","Igf2",9.5074910552888e-13,-0.382191057777146,4.52340683953242e-08,0.999830303500652,0.999999999774867
"1327","Csmd3",9.45482126844163e-13,-0.38338674748641,4.4734279438787e-08,0.999831243588659,0.999999999774867
"1119","AV099323",9.44061848710097e-13,-0.383710298011003,4.45999830904085e-08,0.999831497090053,0.999999999774867
"786","D630023F18Rik",9.42244105113621e-13,-0.384125095207035,4.4428398390976e-08,0.999831821533925,0.999999999774867
"1378","Htr2c",9.41708811551957e-13,-0.384247396087081,4.43779327418273e-08,0.999831917076946,0.999999999774867
"1232","Eml5",9.41592667094692e-13,-0.384273941172844,4.4366986825206e-08,0.999831937807239,0.999999999774867
"1717","Espn",9.41176842227822e-13,-0.384369005390602,4.43278089017867e-08,0.999832012026634,0.999999999774867
"2243","Slc29a2",9.41044410071593e-13,-0.384399290195276,4.43153351263195e-08,0.999832035664072,0.999999999774867
"2269","Fndc7",9.40908560815668e-13,-0.384430360794539,4.43025413182912e-08,0.999832059911418,0.999999999774867
"2724","Zfp709",9.40315177855708e-13,-0.384566127539817,4.42466802392688e-08,0.999832165822651,0.999999999774867
"1998","Hexim2",9.37643763503662e-13,-0.385178398483409,4.39956297066448e-08,0.999832642635781,0.999999999774867
"86","Gm7694",9.3703965124371e-13,-0.385317095558655,4.39389562912396e-08,0.999832750462056,0.999999999774867
"906","Cdh20",9.3688326796462e-13,-0.385353013687165,4.39242915015998e-08,0.999832778374462,0.999999999774867
"766","Bcat1",9.35668633129953e-13,-0.385632192579707,4.38104728607322e-08,0.99983299517117,0.999999999774867
"2982","Agbl3",9.34550014388582e-13,-0.385889618825306,4.37057821197827e-08,0.999833194830239,0.999999999774867
"2884","Fam229b",9.33795700023225e-13,-0.386063379753271,4.36352570672757e-08,0.99983332946566,0.999999999774867
"756","2700012I20Rik",9.32927869350369e-13,-0.386263461142788,4.35541891890975e-08,0.999833484362282,0.999999999774867
"68","Pfkfb1",9.29027083152933e-13,-0.387165073201479,4.3190730449504e-08,0.999834180602488,0.999999999774867
"1810","Dennd2d",9.28914322670946e-13,-0.38719119168089,4.31802465527244e-08,0.999834200728785,0.999999999774867
"1003","Gm2026",9.27815359207365e-13,-0.387445906159132,4.30781371505493e-08,0.99983439687964,0.999999999774867
"2693","Smarcd3",9.27270818391144e-13,-0.387572228445911,4.30275863163465e-08,0.999834494073178,0.999999999774867
"167","Trpm6",9.27129198718923e-13,-0.387605093286474,4.30144443361969e-08,0.999834519350469,0.999999999774867
"1440","Fam120aos",9.25201688879056e-13,-0.388052891916457,4.28357754328322e-08,0.999834863386204,0.999999999774867
"1088","Best1",9.23853354008288e-13,-0.388366683868792,4.27110136979368e-08,0.999835104046651,0.999999999774867
"950","Fgfrl1",9.21873499046107e-13,-0.388828265952159,4.2528147006872e-08,0.999835457425318,0.999999999774867
"1706","Ildr1",9.21704559611318e-13,-0.388867697629539,4.25125613049179e-08,0.999835487578836,0.999999999774867
"2341","Adck3",9.21552077465886e-13,-0.388903294176543,4.24984963417371e-08,0.99983551479494,0.999999999774867
"1256","Cacna1c",9.20184685281723e-13,-0.389222767998284,4.23724719965164e-08,0.999835758856872,0.999999999774867
"1848","Llgl2",9.1883370629812e-13,-0.389538867106092,4.22481441346513e-08,0.999835999989259,0.999999999774867
"1465","Mmp13",9.16017449739841e-13,-0.390199284611119,4.19895570348641e-08,0.999836502654862,0.999999999774867
"321","Gm28626",9.13896064854085e-13,-0.390698076706037,4.17952968336424e-08,0.999836881294802,0.999999999774867
"880","Sfn",9.13695266229639e-13,-0.390745348750244,4.17769325656387e-08,0.999836917134776,0.999999999774867
"1874","Kcne4",9.10710217951934e-13,-0.391449299844716,4.15044074529618e-08,0.999837449927532,0.999999999774867
"2327","Trim62",9.10709872192366e-13,-0.391449381515407,4.15043759379025e-08,0.999837449989246,0.999999999774867
"2518","Adgrb2",9.08901393473912e-13,-0.391876974951339,4.13397016406131e-08,0.999837772779456,0.999999999774867
"843","Csrnp2",9.08376375116298e-13,-0.392001266466203,4.12919564532255e-08,0.999837866488485,0.999999999774867
"2368","Eml6",9.07345428243813e-13,-0.392245536449837,4.11982823824903e-08,0.999838050499253,0.999999999774867
"2171","Zfp937",9.06379972783983e-13,-0.39247453732024,4.11106554563108e-08,0.999838222820646,0.999999999774867
"2486","Mypop",9.06109630757206e-13,-0.392538704105443,4.10861353195056e-08,0.999838271073223,0.999999999774867
"288","Gm2415",9.04843090910916e-13,-0.392839574107187,4.09713570244546e-08,0.99983849713431,0.999999999774867
"794","Tnfsf18",9.04308053921545e-13,-0.392966798382296,4.09229183267553e-08,0.999838592631536,0.999999999774867
"1542","Ttc23",9.02640072683103e-13,-0.39336389775187,4.07720942603074e-08,0.999838890344752,0.999999999774867
"1777","Zfp595",9.01114439028972e-13,-0.393727742210971,4.06343855249237e-08,0.999839162650753,0.999999999774867
"1898","Snx33",9.00883559609055e-13,-0.393782856958861,4.06135658796234e-08,0.999839203859762,0.999999999774867
"187","Scel",8.99396107097738e-13,-0.394138270792603,4.0479562150286e-08,0.99983946935092,0.999999999774867
"547","Noxo1",8.97492575083672e-13,-0.394593949561736,4.03083970740273e-08,0.999839809106922,0.999999999774867
"476","Tnni1",8.96950206844623e-13,-0.394723959329001,4.02596938553468e-08,0.999839905912683,0.999999999774867
"1904","B230217C12Rik",8.88554616709395e-13,-0.396746392954135,3.95095474098674e-08,0.99984140441763,0.999999999774867
"1366","Ispd",8.88533640099223e-13,-0.396751469619015,3.95076819835317e-08,0.999841408161686,0.999999999774867
"2338","Gad1-ps",8.85474164510073e-13,-0.39749317855989,3.92360778857989e-08,0.999841954238761,0.999999999774867
"1827","Gm42809",8.84843887238822e-13,-0.397646290592079,3.91802415714874e-08,0.999842066735154,0.999999999774867
"2936","Dgke",8.82423467284971e-13,-0.398235279604017,3.89661858803112e-08,0.999842498749011,0.999999999774867
"1073","Lrrc1",8.81901265408413e-13,-0.398362561968181,3.89200805911966e-08,0.999842591955336,0.999999999774867
"701","Nap1l3",8.77539806940297e-13,-0.399428542642711,3.85360725960772e-08,0.999843370419623,0.999999999774867
"1873","Loxl2",8.75034888887915e-13,-0.400043131839219,3.83163858486623e-08,0.999843817515305,0.999999999774867
"335","Upk1b",8.73030713518747e-13,-0.400536112800403,3.81410675502454e-08,0.999844175234853,0.999999999774867
"2000","Spns3",8.71669833394744e-13,-0.40087149445298,3.80222516486881e-08,0.999844418134467,0.999999999774867
"586","Ogn",8.66082418751765e-13,-0.402253915891739,3.75363676901944e-08,0.999845415416178,0.999999999774867
"1417","Gm43660",8.64400227389297e-13,-0.402671841250089,3.73906955682526e-08,0.999845715665719,0.999999999774867
"1178","Mss51",8.63047749878611e-13,-0.403008434125171,3.72737809464964e-08,0.999845957065574,0.999999999774867
"475","Zfp869",8.61904661309214e-13,-0.403293321880999,3.71751096580242e-08,0.999846161092194,0.999999999774867
"2022","Nupr1l",8.59014836939429e-13,-0.404015206860599,3.69262435226372e-08,0.999846676888707,0.999999999774867
"2112","Srpk3",8.57286029520125e-13,-0.404448212642408,3.67777615123517e-08,0.999846985458615,0.999999999774867
"2799","Nova2",8.57223354737641e-13,-0.404463926650358,3.67723841846808e-08,0.999846996645259,0.999999999774867
"716","Adamts8",8.56261876231986e-13,-0.404705133491872,3.66899411926902e-08,0.999847168256816,0.999999999774867
"957","Gnal",8.55615278608731e-13,-0.404867496158775,3.66345500276742e-08,0.999847283666183,0.999999999774867
"463","Zfhx4",8.55282835417441e-13,-0.404951020770815,3.66060873739241e-08,0.99984734300302,0.999999999774867
"2211","Ano1",8.51060522214826e-13,-0.406014648936372,3.62455496847719e-08,0.999848096631667,0.999999999774867
"1404","B430305J03Rik",8.51047857701149e-13,-0.406017847029642,3.62444709627953e-08,0.99984809889212,0.999999999774867
"494","Mzf1",8.50748342174408e-13,-0.406093495560396,3.62189638859933e-08,0.999848152351793,0.999999999774867
"638","Grid2",8.49384748614058e-13,-0.406438230151607,3.61029522205888e-08,0.99984839573572,0.999999999774867
"381","Rgsl1",8.489781438962e-13,-0.406541130854163,3.60683951670999e-08,0.999848468309437,0.999999999774867
"1449","Zfp41",8.479225364347e-13,-0.406808503670644,3.5978757060496e-08,0.999848656721804,0.999999999774867
"2343","4933433G15Rik",8.46815438769403e-13,-0.407089271174489,3.58848664213661e-08,0.99984885432451,0.999999999774867
"540","2700016F22Rik",8.45908124476245e-13,-0.407319642234985,3.58080104542954e-08,0.999849016268452,0.999999999774867
"176","Clec11a",8.43178381310293e-13,-0.40801420795038,3.55772786410379e-08,0.999849503492528,0.999999999774867
"1710","Crnde",8.42812424540552e-13,-0.408107491809049,3.55464028006764e-08,0.999849568811108,0.999999999774867
"555","Aplnr",8.42692450707735e-13,-0.408138082316332,3.55362835035982e-08,0.999849590224896,0.999999999774867
"1525","Scd1",8.4146103749365e-13,-0.40845231220554,3.54325021625889e-08,0.99984981001633,0.999999999774867
"2144","Gm34342",8.40317658797416e-13,-0.408744483808116,3.53362760940872e-08,0.999850014094734,0.999999999774867
"1883","Hhat",8.38875460089301e-13,-0.40911357347317,3.52150881138399e-08,0.999850271508671,0.999999999774867
"560","Gpr82",8.36498160270847e-13,-0.409723343445276,3.50157779576274e-08,0.999850695826139,0.999999999774867
"1999","Adamtsl5",8.35425461294825e-13,-0.409999047027592,3.49260292715704e-08,0.999850887289121,0.999999999774867
"2507","Slc26a10",8.3512988462878e-13,-0.410075077067355,3.49013197228341e-08,0.999850940045757,0.999999999774867
"1268","Gm37170",8.34587873978275e-13,-0.410214565325939,3.48560315618041e-08,0.999851036787693,0.999999999774867
"1977","Wdr25",8.34223887839526e-13,-0.410308288519796,3.48256348926433e-08,0.999851101754542,0.999999999774867
"1937","Jade3",8.32890695429653e-13,-0.410651918351677,3.47144125386936e-08,0.999851339712255,0.999999999774867
"2418","Rnf122",8.32546667311414e-13,-0.410740679498213,3.46857406671142e-08,0.999851401116853,0.999999999774867
"1835","A330009N23Rik",8.3220650754244e-13,-0.410828478153038,3.46574028365629e-08,0.999851461831,0.999999999774867
"666","Proscos",8.32074880954197e-13,-0.410862461793776,3.46464404735238e-08,0.999851485324655,0.999999999774867
"2150","Megf10",8.30462242731428e-13,-0.411279247085013,3.45122745883548e-08,0.999851773159854,0.999999999774867
"87","Nol3",8.29029804641118e-13,-0.411650129537714,3.43933190037088e-08,0.999852028831646,0.999999999774867
"550","Zfp712",8.28789237842199e-13,-0.411712478312699,3.43733614818991e-08,0.999852071769728,0.999999999774867
"2802","Caprin2",8.2770021967955e-13,-0.411994947435561,3.42830885394408e-08,0.999852266145476,0.999999999774867
"211","Olfr433",8.26059356134316e-13,-0.412421246784262,3.4147295147125e-08,0.999852559018533,0.999999999774867
"2939","Gm10762",8.25461681818899e-13,-0.412576731137732,3.40979002025475e-08,0.999852665695717,0.999999999774867
"1445","Atoh8",8.25140478506809e-13,-0.412660337709335,3.40713690434811e-08,0.999852723026381,0.999999999774867
"2993","Hus1",8.24476590170822e-13,-0.412833244117975,3.40165650785827e-08,0.999852841521918,0.999999999774867
"1175","Lrfn4",8.24272031018645e-13,-0.412886548196182,3.39996876157695e-08,0.999852878033098,0.999999999774867
"2248","Zc4h2",8.24142973823604e-13,-0.412920184665045,3.39890417109194e-08,0.999852901068149,0.999999999774867
"2699","Hspb2",8.23980155713753e-13,-0.412962627727444,3.3975613252388e-08,0.999852930129089,0.999999999774867
"2074","Gm11696",8.22279281917515e-13,-0.4134065027773,3.38354919492964e-08,0.999853233713204,0.999999999774867
"2353","Fbln5",8.22124459107718e-13,-0.413446951647516,3.38227517212894e-08,0.999853261347086,0.999999999774867
"2976","Prr7",8.21999711286011e-13,-0.4134795486172,3.38124880819129e-08,0.99985328361297,0.999999999774867
"1812","Gdf9",8.21663612127009e-13,-0.413567396587539,3.37848432413486e-08,0.99985334360235,0.999999999774867
"1914","Slco4a1",8.19771230991644e-13,-0.414062680313013,3.36294020710136e-08,0.999853681368065,0.999999999774867
"1649","M1ap",8.19028691102822e-13,-0.414257329687635,3.35685073671675e-08,0.999853813901893,0.999999999774867
"15","Rbm3os",8.1901075778787e-13,-0.414262032877636,3.35670373624386e-08,0.999853817102759,0.999999999774867
"1447","Sec14l2",8.15990063741557e-13,-0.415055692438228,3.33198885578624e-08,0.999854356257829,0.999999999774867
"1693","Chml",8.15362549011925e-13,-0.415220929518025,3.32686607742166e-08,0.999854468261145,0.999999999774867
"1240","Spib",8.1500650582505e-13,-0.415314738516823,3.32396123617466e-08,0.999854531810279,0.999999999774867
"1723","Arhgap32",8.14080779968926e-13,-0.415558834727119,3.31641447602276e-08,0.999854697040448,0.999999999774867
"2292","Spata2l",8.13485406606717e-13,-0.41571596795285,3.31156536801241e-08,0.999854803306942,0.999999999774867
"1392","Gm29367",8.12461327614772e-13,-0.415986512263971,3.30323290162333e-08,0.999854986091882,0.999999999774867
"2809","2610008E11Rik",8.1206687141649e-13,-0.416090810612925,3.30002619049855e-08,0.999855056497245,0.999999999774867
"858","Mpped2",8.11804622183264e-13,-0.416160179704428,3.29789511083633e-08,0.999855103305363,0.999999999774867
"967","Ccdc114",8.09718070914646e-13,-0.416712894242996,3.28096398293163e-08,0.999855475727951,0.999999999774867
"2044","Sacs",8.08673618004247e-13,-0.416990091000065,3.27250523071553e-08,0.999855662149374,0.999999999774867
"1462","Rdh12",8.08578361158174e-13,-0.417015389634579,3.27173431359834e-08,0.999855679151497,0.999999999774867
"869","B3galt5",8.07974603991406e-13,-0.417175805870896,3.26685019684728e-08,0.999855786914393,0.999999999774867
"942","Crygn",8.03218775210298e-13,-0.418443561383319,3.22850529073294e-08,0.999856635768716,0.999999999774867
"1346","Gm20939",8.02360309406897e-13,-0.418673189901907,3.2216078416788e-08,0.999856788993831,0.999999999774867
"2170","Bex2",8.01837275543225e-13,-0.418813213493016,3.21740907767222e-08,0.999856882348654,0.999999999774867
"2953","Myo1d",7.98607401395501e-13,-0.419679896942052,3.1915412436275e-08,0.999857458839685,0.999999999774867
"1623","Npy1r",7.974778772899e-13,-0.419983801962016,3.18251960566081e-08,0.999857660445223,0.999999999774867
"1289","Gpc3",7.96939257969795e-13,-0.42012887009348,3.17822208790386e-08,0.99985775658185,0.999999999774867
"275","Thrb",7.94377440302603e-13,-0.420820178986896,3.15782169011932e-08,0.999858213833383,0.999999999774867
"369","Tle6",7.91955978847464e-13,-0.421475636443019,3.13859936877101e-08,0.999858646033137,0.999999999774867
"1133","Hectd2",7.91890383551183e-13,-0.42149341969525,3.13807946909248e-08,0.999858657741054,0.999999999774867
"1022","Zfp93",7.91084547170581e-13,-0.421712005050643,3.13169603017864e-08,0.999858801572493,0.999999999774867
"524","Gm28874",7.89744425266345e-13,-0.422076003435496,3.12109463577329e-08,0.999859040767032,0.999999999774867
"305","Sema3f",7.88100585238917e-13,-0.422523329084698,3.1081151438808e-08,0.999859334171353,0.999999999774867
"1351","Col15a1",7.87401187051052e-13,-0.422713930019335,3.10260101137429e-08,0.999859459004942,0.999999999774867
"1975","Adgb",7.86323720437624e-13,-0.423007889582438,3.0941157262573e-08,0.999859651318887,0.999999999774867
"573","Ehf",7.85931806165927e-13,-0.423114912009478,3.09103219746414e-08,0.999859721270548,0.999999999774867
"1627","Pacrg",7.85129590954923e-13,-0.423334142010379,3.08472526980739e-08,0.999859864455655,0.999999999774867
"1353","Gm16174",7.84484826456094e-13,-0.423510503909721,3.07966087102776e-08,0.999859979537833,0.999999999774867
"406","Sema5a",7.8369381471182e-13,-0.423727064022608,3.07345343481656e-08,0.999860120723264,0.999999999774867
"2049","Cpn1",7.83088783052937e-13,-0.423892852749829,3.06870969742737e-08,0.999860228713641,0.999999999774867
"819","Slc24a3",7.81492564831098e-13,-0.424330849937327,3.05621216673133e-08,0.999860513618082,0.999999999774867
"527","Phtf1os",7.8002780777814e-13,-0.424733551400502,3.04476634303839e-08,0.999860775058393,0.999999999774867
"2271","Adarb1",7.79355276349919e-13,-0.42491869836473,3.03951827807412e-08,0.999860895096611,0.999999999774867
"1337","Gm26632",7.78986481330087e-13,-0.425020294008231,3.03664232659024e-08,0.999860960921783,0.999999999774867
"52","Ccdc103",7.77768750925132e-13,-0.425356091494805,3.02715584248678e-08,0.999861178271012,0.999999999774867
"810","Rep15",7.76009807708391e-13,-0.425842048410601,3.01347934962925e-08,0.999861492219774,0.999999999774867
"1994","Mipol1",7.72299487190316e-13,-0.426870699167225,2.98473165993735e-08,0.999862154464308,0.999999999774867
"1690","Fzd5",7.68801319875561e-13,-0.427845004965506,2.95775392862981e-08,0.999862778842222,0.999999999774867
"1078","Slain1",7.68310639002757e-13,-0.4279820183189,2.95397961113689e-08,0.999862866422452,0.999999999774867
"1786","Ribc1",7.64535826236397e-13,-0.429038957405747,2.9250243243168e-08,0.999863540178024,0.999999999774867
"1025","Adcy5",7.63878007130361e-13,-0.429223671598055,2.91999301239979e-08,0.999863657590282,0.999999999774867
"2132","Zfp956",7.63429046558398e-13,-0.429349828833671,2.91656163600369e-08,0.999863737723975,0.999999999774867
"2260","Gal3st4",7.60908450615999e-13,-0.430059473510009,2.89733434208799e-08,0.999864187617961,0.999999999774867
"2438","Il17rc",7.55692132912703e-13,-0.431535458647868,2.85774584154956e-08,0.999865118663641,0.999999999774867
"212","Pik3c2b",7.55590795082963e-13,-0.431564232097859,2.85697944917499e-08,0.999865136751141,0.999999999774867
"1294","Gprasp2",7.51931208623691e-13,-0.432605878065638,2.82937179722438e-08,0.999865789940299,0.999999999774867
"520","1700028J19Rik",7.49570793544996e-13,-0.43328038964831,2.81163610697377e-08,0.999866211244059,0.999999999774867
"168","Rell2",7.49529819468088e-13,-0.433292116873154,2.81132872828091e-08,0.999866218557405,0.999999999774867
"1461","Ankrd66",7.48100676397153e-13,-0.433701549121153,2.80061811886198e-08,0.999866473641079,0.999999999774867
"1515","Gm6904",7.47281828021299e-13,-0.433936486965995,2.79449053044509e-08,0.999866619794992,0.999999999774867
"477","Etnk2",7.46960029127267e-13,-0.434028884579244,2.79208428876973e-08,0.999866677231959,0.999999999774867
"2145","2210408I21Rik",7.43091927135256e-13,-0.435142608293626,2.76324177370367e-08,0.99986736763846,0.999999999774867
"1244","Myl4",7.42702126413475e-13,-0.435255158584943,2.76034352897794e-08,0.99986743721288,0.999999999774867
"467","Shc4",7.42430889780211e-13,-0.435333509284586,2.75832772871523e-08,0.999867485625134,0.999999999774867
"411","Cacnb2",7.41086057873838e-13,-0.435722401154975,2.74834396450275e-08,0.999867725660348,0.999999999774867
"2333","Tmem82",7.40704462045368e-13,-0.435832875894127,2.74551436982608e-08,0.9998677937703,0.999999999774867
"285","Hist2h2bb",7.40208089488475e-13,-0.435976663325713,2.74183586800058e-08,0.999867882366423,0.999999999774867
"1964","Gm20633",7.39098105199897e-13,-0.436298543918055,2.73361895465837e-08,0.999868080484355,0.999999999774867
"2620","Slc9a7",7.39015833238246e-13,-0.436322420655829,2.73301040844521e-08,0.999868095168843,0.999999999774867
"2462","Gm20390",7.38930150767766e-13,-0.436347289968144,2.73237670752012e-08,0.999868110462063,0.999999999774867
"479","Samd12",7.38661418198703e-13,-0.436425307966222,2.73038965883617e-08,0.999868158427374,0.999999999774867
"2704","Nod2",7.3777690959704e-13,-0.436682294843188,2.72385457488715e-08,0.999868316300793,0.999999999774867
"2571","Zfp27",7.3777146712421e-13,-0.436683877050159,2.72381438807825e-08,0.999868317272204,0.999999999774867
"1325","Tekt1",7.36043655259096e-13,-0.437186760058008,2.71107134181554e-08,0.99986862566442,0.999999999774867
"1110","Zfp14",7.33910101338117e-13,-0.437809343556383,2.69537707271198e-08,0.999869006476379,0.999999999774867
"2025","Slc8a1",7.33266943672643e-13,-0.437997370809892,2.69065498800863e-08,0.999869121271758,0.999999999774867
"987","Jph2",7.32994687661103e-13,-0.438077013892765,2.68865732260877e-08,0.999869169865958,0.999999999774867
"931","Fgf11",7.32961927528315e-13,-0.438086599184154,2.68841699671263e-08,0.99986917571322,0.999999999774867
"209","Serinc2",7.29933271187362e-13,-0.438974583817892,2.66624539792909e-08,0.999869716289459,0.999999999774867
"2614","Lmo7",7.26853650429738e-13,-0.439881243768318,2.6437948434533e-08,0.999870265962192,0.999999999774867
"1613","Car6",7.25740775605778e-13,-0.440209813142987,2.63570529109247e-08,0.999870464596048,0.999999999774867
"1741","Myoz1",7.25492641816755e-13,-0.440283140830588,2.63390328200422e-08,0.999870508884741,0.999999999774867
"1123","Cdhr4",7.25045377228296e-13,-0.4404153774821,2.63065669212452e-08,0.999870588715723,0.999999999774867
"185","Gm2245",7.21806143545327e-13,-0.441375485217937,2.60720360352311e-08,0.999871166877311,0.999999999774867
"1934","Stxbp4",7.20824556364794e-13,-0.441667266169636,2.60011733105129e-08,0.99987134207801,0.999999999774867
"989","Sh3bgr",7.20394224972778e-13,-0.44179530754525,2.59701372392245e-08,0.999871418886634,0.999999999774867
"1124","Eva1c",7.1692485877311e-13,-0.442830350776878,2.57205989839187e-08,0.99987203812392,0.999999999774867
"2158","Akap17b",7.16892390527076e-13,-0.442840060590508,2.57182693567184e-08,0.999872043919085,0.999999999774867
"556","Gm42918",7.16415105728489e-13,-0.442982845380845,2.5684035898435e-08,0.999872129108288,0.999999999774867
"1103","A330048O09Rik",7.13692236020156e-13,-0.443799218763696,2.54891729380915e-08,0.999872615105543,0.999999999774867
"893","Lao1",7.13021368421425e-13,-0.444000830441648,2.54412760366462e-08,0.999872734846789,0.999999999774867
"1732","Sdsl",7.11743146124113e-13,-0.444385484865175,2.53501414394369e-08,0.999872962993044,0.999999999774867
"2030","Cpt1c",7.10776820628438e-13,-0.444676732800257,2.52813529760004e-08,0.999873135469728,0.999999999774867
"344","Rsph10b",7.08957934274668e-13,-0.445226000900815,2.51521279649537e-08,0.99987346011757,0.999999999774867
"1764","Mamstr",7.08307457645741e-13,-0.445422769477453,2.51059944357851e-08,0.99987357621929,0.999999999774867
"2182","Mapk4",7.04993092049503e-13,-0.446428136910083,2.48715884273978e-08,0.99987416779096,0.999999999774867
"687","C1qtnf2",7.04602758854637e-13,-0.44654684574937,2.48440547703659e-08,0.99987423746042,0.999999999774867
"2684","Gstt1",7.00184337385733e-13,-0.447895123628288,2.45334476200592e-08,0.999875026091877,0.999999999774867
"2673","Foxo4",6.99221305893305e-13,-0.448190105245087,2.44660075660114e-08,0.999875197980624,0.999999999774867
"2442","Gm13431",6.99124862455376e-13,-0.448219668441842,2.44592588495934e-08,0.999875215194538,0.999999999774867
"584","Cyp4f14",6.98964311186053e-13,-0.448268891791087,2.44480261947134e-08,0.999875243850877,0.999999999774867
"332","Nlgn1",6.9837868270227e-13,-0.448448533936729,2.4407075713185e-08,0.999875348378036,0.999999999774867
"2319","Tmem52",6.97253416566666e-13,-0.448794127761727,2.4328487032493e-08,0.999875549223582,0.999999999774867
"1144","Gm15635",6.93533942453424e-13,-0.449940385386571,2.40696203997857e-08,0.999876213101917,0.999999999774867
"1847","Otub2",6.93520933069774e-13,-0.449944405211513,2.40687174072426e-08,0.999876215423925,0.999999999774867
"1197","Hykk",6.93496029979411e-13,-0.449952100331005,2.40669889095015e-08,0.999876219868807,0.999999999774867
"2817","Tppp",6.93344632460883e-13,-0.449998888420758,2.40564819000461e-08,0.999876246891318,0.999999999774867
"2023","Gm13710",6.93067789082893e-13,-0.450084470522436,2.40372748627394e-08,0.999876296304304,0.999999999774867
"1159","Lyzl4",6.92946846115699e-13,-0.450121868860285,2.40288864028008e-08,0.99987631789107,0.999999999774867
"1668","Cd276",6.92417641356058e-13,-0.450285586830754,2.39921986094106e-08,0.999876412347319,0.999999999774867
"277","Lrrc48",6.91681835145388e-13,-0.450513425410964,2.39412344866695e-08,0.999876543679273,0.999999999774867
"2776","Mfsd9",6.90106235911132e-13,-0.451002106366827,2.38322860508201e-08,0.99987682490349,0.999999999774867
"2060","Trim45",6.89195231358802e-13,-0.451285161709694,2.37694059043383e-08,0.999876987506097,0.999999999774867
"1265","Gm14154",6.87143714242892e-13,-0.451923935253115,2.36281084481863e-08,0.999877353675541,0.999999999774867
"436","4930539J05Rik",6.86615782656247e-13,-0.452088619630778,2.35918155079009e-08,0.999877447904546,0.999999999774867
"1576","Plekhn1",6.85904880531121e-13,-0.452310577685988,2.35429882311177e-08,0.99987757479144,0.999999999774867
"44","1810019N24Rik",6.84886023333231e-13,-0.452629081369241,2.34730977015398e-08,0.999877756644358,0.999999999774867
"956","Zfp354a",6.84548596221521e-13,-0.452734667027612,2.34499741213259e-08,0.999877816870762,0.999999999774867
"1605","Zswim3",6.84104838204384e-13,-0.452873603259044,2.3419581126005e-08,0.999877896075866,0.999999999774867
"2037","Dnajc27",6.8403133782119e-13,-0.452896624077263,2.34145489858421e-08,0.99987790919474,0.999999999774867
"933","Fbp1",6.83244963106323e-13,-0.453143074719048,2.33607443586802e-08,0.999878049552522,0.999999999774867
"850","Frk",6.83112427048424e-13,-0.453184639194161,2.33516821896519e-08,0.999878073208505,0.999999999774867
"675","Teddm2",6.82754719132897e-13,-0.45329685924925,2.33272326431124e-08,0.999878137054772,0.999999999774867
"2337","Gm11827",6.82633040532257e-13,-0.453335045449188,2.33189187581482e-08,0.999878158772838,0.999999999774867
"1491","Gm13546",6.80377413694246e-13,-0.454044143167984,2.3165067787867e-08,0.999878561373245,0.999999999774867
"1042","Gm29394",6.80305711714403e-13,-0.454066721995281,2.31601855161501e-08,0.999878574171127,0.999999999774867
"2868","Slmo1",6.7906583181105e-13,-0.454457529529338,2.30758420208998e-08,0.999878795473758,0.999999999774867
"2191","Proser3",6.78763954164006e-13,-0.454552787228718,2.30553299227013e-08,0.999878849355039,0.999999999774867
"1753","Sox6",6.78645930818523e-13,-0.454590040935209,2.30473129071168e-08,0.99987887042069,0.999999999774867
"2497","Nkg7",6.7802621815112e-13,-0.454785756226724,2.30052403331702e-08,0.999878981031438,0.999999999774867
"124","Cacna1h",6.7611645261137e-13,-0.455390002274148,2.28758272227815e-08,0.999879321900047,0.999999999774867
"2374","Fam131a",6.73365681823143e-13,-0.456263304923155,2.26900658796823e-08,0.999879812877287,0.999999999774867
"2807","Enkur",6.72701676379972e-13,-0.456474637469139,2.26453386260994e-08,0.999879931393726,0.999999999774867
"990","Serpinb2",6.72318251678987e-13,-0.456596763472927,2.26195313239869e-08,0.999879999830109,0.999999999774867
"1479","Gm16638",6.71368002025847e-13,-0.45689972720691,2.25556359533999e-08,0.999880169437461,0.999999999774867
"2433","Il17rd",6.7010152046815e-13,-0.457304171643356,2.24706174453268e-08,0.999880395488146,0.999999999774867
"1785","Gm21887",6.6921607008115e-13,-0.457587383629366,2.24112727910198e-08,0.999880553529662,0.999999999774867
"2116","Cdc42ep5",6.68718377605731e-13,-0.457746733192955,2.23779508946261e-08,0.999880642361374,0.999999999774867
"695","Fam184a",6.68217116030271e-13,-0.457907343737731,2.23444150948967e-08,0.999880731830124,0.999999999774867
"2311","Meox1",6.67553517509363e-13,-0.45812015191971,2.23000571823715e-08,0.999880850273934,0.999999999774867
"1038","BC025920",6.66218686308862e-13,-0.458548848960104,2.22109645458779e-08,0.999881088524151,0.999999999774867
"2735","Tacstd2",6.65026971363893e-13,-0.458932298668217,2.21315748041125e-08,0.999881301229956,0.999999999774867
"1044","B230303O12Rik",6.64417503335168e-13,-0.459128664820773,2.20910281585004e-08,0.999881410012168,0.999999999774867
"2960","Gm26881",6.63443959646761e-13,-0.45944270222538,2.20263374344567e-08,0.999881583777207,0.999999999774867
"1298","Efs",6.62674879503657e-13,-0.459691106939577,2.19753001166485e-08,0.99988172104813,0.999999999774867
"1225","Tram1l1",6.62259115402892e-13,-0.45982551272096,2.19477340355167e-08,0.99988179525668,0.999999999774867
"1522","Atl1",6.61387311411286e-13,-0.460107614742005,2.18899876715122e-08,0.99988195086249,0.999999999774867
"1667","Ephb3",6.61329916635666e-13,-0.460126199647328,2.18861886375861e-08,0.99988196110672,0.999999999774867
"2860","Wdr5b",6.60639678175085e-13,-0.460349829247037,2.18405266911009e-08,0.999882084305416,0.999999999774867
"816","Arhgef9",6.6012814139901e-13,-0.460515710164454,2.18067173162751e-08,0.999882175608158,0.999999999774867
"752","Klhdc7a",6.57887821603296e-13,-0.461243696262288,2.16589547293116e-08,0.999882575476454,0.999999999774867
"606","Gm28731",6.56323158001692e-13,-0.461753580778576,2.15560536641384e-08,0.999882854748802,0.999999999774867
"225","Fam161b",6.55078682607042e-13,-0.462159980465028,2.14743849152456e-08,0.999883076871669,0.999999999774867
"631","Arhgef37",6.52226428141383e-13,-0.463094300481165,2.12877903341873e-08,0.999883585962442,0.999999999774867
"166","Apol9b",6.52036899321725e-13,-0.463156527567802,2.12754202020007e-08,0.999883619790901,0.999999999774867
"737","Gm5113",6.5192296371966e-13,-0.463193944080135,2.12679856042729e-08,0.999883640126942,0.999999999774867
"2384","4932422M17Rik",6.51594033558926e-13,-0.463302001107237,2.12465293357755e-08,0.999883698836749,0.999999999774867
"1207","Gm9830",6.51571119592442e-13,-0.463309530590623,2.12450350504509e-08,0.999883702926598,0.999999999774867
"287","Ap3b2",6.51102415069271e-13,-0.463463603271956,2.12144810181057e-08,0.999883786584332,0.999999999774867
"899","Fan1",6.48095450549663e-13,-0.464454662413736,2.10189852316176e-08,0.999884323288862,0.999999999774867
"1819","Uggt2",6.47752649883696e-13,-0.464567933134827,2.09967557388661e-08,0.999884384474376,0.999999999774867
"1665","Nat14",6.47689215906937e-13,-0.464588899936989,2.099264354419e-08,0.999884395796525,0.999999999774867
"770","Notumos",6.47578883721428e-13,-0.464625372805623,2.09854920681158e-08,0.999884415489403,0.999999999774867
"724","Clec4a4",6.4523163791018e-13,-0.46540276463805,2.08336377136077e-08,0.99988483444262,0.999999999774867
"2753","Tubgcp6",6.44418841624545e-13,-0.465672607329089,2.0781182636036e-08,0.999884979516313,0.999999999774867
"848","Zfp418",6.4119894906137e-13,-0.466744897319344,2.05740316265443e-08,0.999885554225762,0.999999999774867
"309","Ccr3",6.40296030380157e-13,-0.467046540913102,2.05161288556551e-08,0.999885715385145,0.999999999774867
"1131","Gm12708",6.39399569177358e-13,-0.46734644241897,2.04587209141167e-08,0.999885875391951,0.999999999774867
"2510","Ift88",6.38917420120352e-13,-0.467507911723759,2.04278781223363e-08,0.999885961449362,0.999999999774867
"852","Vash1",6.36613938410228e-13,-0.46828099807818,2.02808468526139e-08,0.999886372591249,0.999999999774867
"1343","Xlr4c",6.35002583659022e-13,-0.468823436493275,2.017830973018e-08,0.999886660197367,0.999999999774867
"1601","Zfp697",6.34362226702126e-13,-0.469039379993126,2.01376333417389e-08,0.999886774492856,0.999999999774867
"2360","Chp2",6.33735512407404e-13,-0.469250931075135,2.00978632925397e-08,0.999886886353305,0.999999999774867
"1962","RP23-60P18.10",6.33321644490671e-13,-0.469390747733226,2.00716216045994e-08,0.99988696022341,0.999999999774867
"2096","Apoc4",6.29135944611363e-13,-0.47080988387325,1.98071867595543e-08,0.999887707317056,0.999999999774867
"2389","Itpkc",6.29070818564402e-13,-0.470832037936406,1.98030862244641e-08,0.999887718941218,0.999999999774867
"1751","Slc16a11",6.27755634092451e-13,-0.471279911595367,1.97203690321237e-08,0.999887953684747,0.999999999774867
"1204","Xylb",6.27420203718618e-13,-0.47139428731333,1.96993001857685e-08,0.999888013554759,0.999999999774867
"81","Dnaic1",6.26251684642238e-13,-0.471793202667764,1.96259918274868e-08,0.9998882221204,0.999999999774867
"2142","Myo1h",6.25459953701449e-13,-0.472063905357201,1.95763993611573e-08,0.999888363434199,0.999999999774867
"1380","Ccdc64",6.24783157213264e-13,-0.472295578510512,1.95340558988602e-08,0.999888484233676,0.999999999774867
"1198","Gm17669",6.24760079573756e-13,-0.472303482543261,1.95326128651633e-08,0.999888488352738,0.999999999774867
"1423","Hormad2",6.23409995052962e-13,-0.472766384801906,1.94482855014671e-08,0.999888729325478,0.999999999774867
"531","Lrfn1",6.22627845978165e-13,-0.473035011946846,1.93995152980582e-08,0.999888868929038,0.999999999774867
"25","Tesc",6.22363621686093e-13,-0.473125834309899,1.93830536649731e-08,0.999888916089679,0.999999999774867
"1598","Spag6l",6.2234441488125e-13,-0.473132437786866,1.93818573200343e-08,0.999888919517847,0.999999999774867
"269","Gm10311",6.21555738497049e-13,-0.473403765689707,1.93327644799384e-08,0.999889060286447,0.999999999774867
"2161","Prrx1",6.21137817296831e-13,-0.473547680520536,1.93067753196226e-08,0.999889134880012,0.999999999774867
"682","Peak1os",6.2111171753118e-13,-0.473556671370891,1.93051528400037e-08,0.999889139538484,0.999999999774867
"2529","Hlf",6.20636251351525e-13,-0.473720525254541,1.92756076431275e-08,0.999889224403088,0.999999999774867
"40","Fam227a",6.20116942900522e-13,-0.473899629418069,1.92433639639365e-08,0.999889317092974,0.999999999774867
"399","Dok7",6.19999043179176e-13,-0.473940312422332,1.92360473711598e-08,0.999889338136559,0.999999999774867
"861","Olfr920",6.19139998975895e-13,-0.474236968523537,1.91827790080248e-08,0.999889491464912,0.999999999774867
"1267","Lypd1",6.18219820430866e-13,-0.47455518683926,1.91258017019702e-08,0.999889655704958,0.999999999774867
"822","1110020A21Rik",6.15391137326914e-13,-0.47553634124012,1.89511807650155e-08,0.999890160588546,0.999999999774867
"1422","5830454E08Rik",6.1485229986769e-13,-0.47572374601237,1.89180079263953e-08,0.999890256764109,0.999999999774867
"1616","Aoc3",6.12089698758851e-13,-0.476687114439708,1.87483883345168e-08,0.99989074985291,0.999999999774867
"122","Klhl35",6.11830675340015e-13,-0.476777660259993,1.8732523848909e-08,0.999890796085262,0.999999999774867
"1701","Lamb3",6.11230093728412e-13,-0.47698774876342,1.86957656802338e-08,0.999890903281363,0.999999999774867
"80","Camk2a",6.10007974997823e-13,-0.477415885396806,1.86210782471662e-08,0.999891121413853,0.999999999774867
"1281","Gm6297",6.08362734486866e-13,-0.477993589002237,1.85207686136466e-08,0.999891415068144,0.999999999774867
"2647","Szt2",6.07026688001566e-13,-0.478463857894341,1.84395097357938e-08,0.999891653535275,0.999999999774867
"1062","Gnmt",6.04146776417087e-13,-0.479481025273783,1.82649599575249e-08,0.999892167562489,0.999999999774867
"1621","Slc7a13",6.03192602773325e-13,-0.479819088286,1.82073111163616e-08,0.999892337870224,0.999999999774867
"270","Klhdc9",6.03096998277122e-13,-0.47985298994553,1.82015399485782e-08,0.999892354934398,0.999999999774867
"1796","Gli3",6.02652434441465e-13,-0.480010703340904,1.8174715858645e-08,0.99989243428333,0.999999999774867
"445","Rtp3",6.02034200573937e-13,-0.480230218677744,1.81374457478238e-08,0.999892544630132,0.999999999774867
"401","Slit2",6.01338052884071e-13,-0.480477664956435,1.80955244056032e-08,0.99989266888355,0.999999999774867
"594","Gm26624",5.97514278409206e-13,-0.481841885556548,1.78661252783451e-08,0.999893351378161,0.999999999774867
"1800","Marveld2",5.96766548510543e-13,-0.48210966157096,1.7821437886691e-08,0.999893484838341,0.999999999774867
"1112","Abca14",5.96456686257368e-13,-0.482220725982981,1.78029356524288e-08,0.999893540144772,0.999999999774867
"2066","Gm42893",5.95992292596551e-13,-0.482387285896601,1.77752241617598e-08,0.999893623033073,0.999999999774867
"617","Gm42726",5.94886978794892e-13,-0.482784234200643,1.77093542429341e-08,0.999893820317384,0.999999999774867
"308","Tmem212",5.94047139971141e-13,-0.483086329696554,1.76593867526502e-08,0.999893970217823,0.999999999774867
"2603","Gm26809",5.9212087499372e-13,-0.483780813368374,1.75450473189246e-08,0.999894314031371,0.999999999774867
"21","Fam89a",5.91769450803876e-13,-0.483907753908302,1.75242275011803e-08,0.999894376756074,0.999999999774867
"873","Cntd1",5.91726241801857e-13,-0.483923366883628,1.75216684750725e-08,0.999894384468325,0.999999999774867
"1938","Gm15587",5.91688401823234e-13,-0.483937040759896,1.75194275794888e-08,0.999894391222275,0.999999999774867
"336","Gm10399",5.91515563346239e-13,-0.483999508736079,1.75091938520361e-08,0.999894422071723,0.999999999774867
"2745","Htr7",5.90800437622599e-13,-0.484258163769561,1.74668831952617e-08,0.999894549712475,0.999999999774867
"1122","Gm9958",5.90392124874904e-13,-0.48440598557957,1.74427481875411e-08,0.999894622591055,0.999999999774867
"2214","Traf4",5.90235347640058e-13,-0.484462770558524,1.74334856563283e-08,0.999894650573777,0.999999999774867
"152","Gm26912",5.90112072652682e-13,-0.484507431412217,1.74262041937598e-08,0.999894672576778,0.999999999774867
"1971","Cacna1e",5.90040847049526e-13,-0.484533239673999,1.74219978165072e-08,0.999894685289633,0.999999999774867
"127","Gm5117",5.89866687479922e-13,-0.484596358514193,1.741171459676e-08,0.999894716374878,0.999999999774867
"620","Doc2g",5.89642114950857e-13,-0.484677775126994,1.73984592340618e-08,0.999894756458189,0.999999999774867
"1407","Hoxaas3",5.88964557650939e-13,-0.484923602423421,1.7358497095295e-08,0.999894877393461,0.999999999774867
"2419","Nlgn2",5.88921620789732e-13,-0.484939189912813,1.7355966239395e-08,0.999894885057139,0.999999999774867
"841","Bbs10",5.88743712785869e-13,-0.485003788297882,1.7345481656026e-08,0.999894916811432,0.999999999774867
"741","Enpep",5.8864167101828e-13,-0.485040848343438,1.73394694976511e-08,0.999894935024576,0.999999999774867
"2122","Zfp69",5.88505841271522e-13,-0.485090189507244,1.73314682156069e-08,0.999894959268441,0.999999999774867
"2742","Ffar2",5.8709130147549e-13,-0.48560469997817,1.72482520900984e-08,0.999895211745619,0.999999999774867
"1983","Plin4",5.87007390748684e-13,-0.485635259213345,1.72433219883037e-08,0.999895226722606,0.999999999774867
"697","Stx1b",5.86960403410629e-13,-0.485652373294301,1.72405615958962e-08,0.999895235109242,0.999999999774867
"1499","Ddx11",5.85291528801639e-13,-0.48626110098494,1.71426625489847e-08,0.999895532981916,0.999999999774867
"2624","B130006D01Rik",5.84108554710625e-13,-0.486693632198565,1.70734360843595e-08,0.999895744127591,0.999999999774867
"1677","Mrap",5.77508512876804e-13,-0.489122773807958,1.66897787790385e-08,0.999896922150255,0.999999999774867
"1200","Larp6",5.77420815530393e-13,-0.489155234700414,1.66847103232582e-08,0.999896937803104,0.999999999774867
"2746","Fat1",5.77058280913352e-13,-0.489289477333399,1.66637658542159e-08,0.999897002510875,0.999999999774867
"1005","Epn3",5.75558901867138e-13,-0.489845565691942,1.65772829378812e-08,0.99989727013077,0.999999999774867
"208","Gm42835",5.73776727842217e-13,-0.490508397656294,1.64747813061325e-08,0.999897588225934,0.999999999774867
"2094","Fxyd4",5.7199647068257e-13,-0.491172546458329,1.63727072906937e-08,0.999897905978963,0.999999999774867
"433","Cfap69",5.71943597972193e-13,-0.491192302481481,1.63696805957898e-08,0.999897915416062,0.999999999774867
"1032","Exoc3l",5.70323841630153e-13,-0.491798402776719,1.62770933242953e-08,0.999898204521757,0.999999999774867
"1183","Zfp526",5.70302249271375e-13,-0.491806493928601,1.62758608519343e-08,0.999898208375716,0.999999999774867
"452","Cacnb4",5.69103021098443e-13,-0.49225634711939,1.62074832530904e-08,0.999898422422536,0.999999999774867
"1663","Plekhh1",5.65655198982713e-13,-0.493554916022005,1.60116970934008e-08,0.999899037814483,0.999999999774867
"2151","Rtn2",5.64333717731908e-13,-0.494054701414117,1.59369715659983e-08,0.999899273681906,0.999999999774867
"244","Eya4",5.64049503133415e-13,-0.494162342398018,1.59209229790199e-08,0.999899324410561,0.999999999774867
"1799","Zfp449",5.63269812487176e-13,-0.494457910518841,1.58769381334192e-08,0.999899463575323,0.999999999774867
"955","Olig2",5.63249527075189e-13,-0.494465605773685,1.58757945804557e-08,0.999899467196008,0.999999999774867
"1537","Gm26542",5.61797080435498e-13,-0.495017301693968,1.57940226030559e-08,0.999899726439071,0.999999999774867
"2432","Rnf24",5.60684026375655e-13,-0.495441035708343,1.57315011450448e-08,0.999899925104919,0.999999999774867
"442","Ooep",5.60656166149868e-13,-0.495451652591148,1.57299377964771e-08,0.999899930077611,0.999999999774867
"646","Tnfrsf8",5.60650398428747e-13,-0.495453850600254,1.57296141563095e-08,0.999899931107076,0.999999999774867
"959","Gm43062",5.60548229294577e-13,-0.495492789723509,1.57238817618194e-08,0.999899949342953,0.999999999774867
"111","Adra2a",5.59597184347777e-13,-0.495855592023711,1.56705716925579e-08,0.999900119092256,0.999999999774867
"391","Vgll3",5.59522871473878e-13,-0.495883966319873,1.56664099564809e-08,0.99990013235615,0.999999999774867
"2193","Arhgef19",5.58929157581955e-13,-0.496110792914943,1.56331801071658e-08,0.999900238326451,0.999999999774867
"460","Clec1b",5.57968655289107e-13,-0.496478253440138,1.55794960109841e-08,0.999900409763769,0.999999999774867
"1549","Gm26533",5.57232597156686e-13,-0.496760270446309,1.55384189688685e-08,0.999900541140688,0.999999999774867
"188","Gm16316",5.56957896790033e-13,-0.496865614651164,1.55231027174309e-08,0.999900590171174,0.999999999774867
"2100","Strip2",5.56871215646256e-13,-0.496898866434753,1.55182712729022e-08,0.999900605642644,0.999999999774867
"845","Srcin1",5.56439469168422e-13,-0.497064564901645,1.54942177340894e-08,0.999900682703843,0.999999999774867
"1263","Gm29336",5.5608303900214e-13,-0.497201453536969,1.54743742896818e-08,0.999900746322048,0.999999999774867
"323","Efhc1",5.54895834008599e-13,-0.497658029830437,1.54083710406673e-08,0.999900958222885,0.999999999774867
"2504","9930022D16Rik",5.54711177395932e-13,-0.497729131768404,1.5398117641703e-08,0.999900991181718,0.999999999774867
"2768","Pik3r3",5.54240340363976e-13,-0.497910533005568,1.53719889916466e-08,0.999901075220078,0.999999999774867
"1060","Gm20655",5.53794471211627e-13,-0.498082454895489,1.5347266363828e-08,0.999901154801993,0.999999999774867
"776","Bche",5.53446826517203e-13,-0.498216597309045,1.53280039068906e-08,0.999901216852104,0.999999999774867
"2348","Agbl5",5.51892711907049e-13,-0.498817286653085,1.52420407120444e-08,0.999901494241594,0.999999999774867
"1432","Gm16315",5.51531904983068e-13,-0.49895698265158,1.52221178681899e-08,0.999901558640994,0.999999999774867
"1280","St14",5.50759871076163e-13,-0.499256199043424,1.51795318788416e-08,0.999901696439126,0.999999999774867
"1792","4933424M12Rik",5.49482019954161e-13,-0.499752364413583,1.51091757015824e-08,0.999901924519133,0.999999999774867
"1824","Gm17501",5.49134495559606e-13,-0.49988749833026,1.50900699019771e-08,0.999901986547772,0.999999999774867
"1857","Pfkfb2",5.47201730537378e-13,-0.500640590732124,1.49840330999048e-08,0.999902331521495,0.999999999774867
"1141","Sgtb",5.46181621189246e-13,-0.501039129443105,1.49282178358548e-08,0.999902513597906,0.999999999774867
"2174","4930599N23Rik",5.41324278162257e-13,-0.502946931418054,1.46638770386231e-08,0.999903380571225,0.999999999774867
"396","Zc3hav1l",5.40784801145162e-13,-0.503159860497633,1.46346639290388e-08,0.999903476860941,0.999999999774867
"203","Gm10603",5.40396237799764e-13,-0.503313354439842,1.4613640960049e-08,0.999903546214506,0.999999999774867
"1427","Cdkl3",5.38871704352631e-13,-0.503916642870344,1.45313030131699e-08,0.999903818324138,0.999999999774867
"1279","Magi2",5.37302994163177e-13,-0.504539172185242,1.44468219648845e-08,0.999904098318751,0.999999999774867
"2345","Pkdcc",5.3712318577812e-13,-0.504610642061741,1.44371543281817e-08,0.999904130412237,0.999999999774867
"688","Mapk10",5.36164198197001e-13,-0.504992217390215,1.43856477371616e-08,0.999904301579199,0.999999999774867
"746","Ldb3",5.3608134517658e-13,-0.5050252156776,1.43812020756329e-08,0.999904316367398,0.999999999774867
"339","Dapk2",5.3460407124207e-13,-0.50561442262615,1.43020510181192e-08,0.999904580041814,0.999999999774867
"54","Gm10643",5.34429765799847e-13,-0.505684049764442,1.42927262895676e-08,0.999904611153096,0.999999999774867
"1896","9930111J21Rik1",5.3245724636508e-13,-0.506473546174126,1.41874153424773e-08,0.999904963222471,0.999999999774867
"2547","Gm20632",5.31825625797964e-13,-0.506726960509357,1.41537760281002e-08,0.999905075958627,0.999999999774867
"640","Folh1",5.31798050004442e-13,-0.506738031033673,1.41523082857893e-08,0.999905080880551,0.999999999774867
"1932","A230005M16Rik",5.3065985724582e-13,-0.507195462189197,1.40917935208521e-08,0.999905284033335,0.999999999774867
"923","Gm18025",5.30407118110223e-13,-0.507297167405122,1.40783736266213e-08,0.999905329144023,0.999999999774867
"83","Kcng2",5.29490162921526e-13,-0.507666562604825,1.40297389883835e-08,0.999905492808742,0.999999999774867
"1269","Mest",5.28354695413576e-13,-0.508124860544733,1.39696312358092e-08,0.999905695475103,0.999999999774867
"1413","Cfap74",5.28268153324077e-13,-0.508159830522424,1.39650552868264e-08,0.999905710921754,0.999999999774867
"2573","Gm28901",5.27709649101304e-13,-0.508385647177659,1.39355421718655e-08,0.999905810607582,0.999999999774867
"2081","Snx25",5.27575284093649e-13,-0.508440009338345,1.39284465621754e-08,0.999905834590009,0.999999999774867
"134","Klrg2",5.25800165164419e-13,-0.509159481354706,1.3834874877916e-08,0.99990615142593,0.999999999774867
"1700","Cc2d2a",5.24192229015822e-13,-0.509813262875821,1.37503880992745e-08,0.999906438421873,0.999999999774867
"120","Lin7a",5.24001202142958e-13,-0.509891065145027,1.37403680536416e-08,0.999906472517715,0.999999999774867
"650","A930015D03Rik",5.23527402820944e-13,-0.510084156992594,1.37155313402665e-08,0.999906557084807,0.999999999774867
"1383","Gm16998",5.22812314020848e-13,-0.510375910298305,1.36780886982276e-08,0.99990668471897,0.999999999774867
"837","Ccdc171",5.18847184221254e-13,-0.512000841034334,1.34713998780257e-08,0.999907392443692,0.999999999774867
"1158","Mid2",5.17966570639575e-13,-0.512363382363041,1.34257100073519e-08,0.999907549621902,0.999999999774867
"1403","Gm29994",5.17181106238458e-13,-0.512687264711192,1.33850223563337e-08,0.999907689817205,0.999999999774867
"1735","Klhl23",5.1241781329949e-13,-0.514661834724663,1.3139602798883e-08,0.999908540003793,0.999999999774867
"205","Adamts14",5.11637251447703e-13,-0.514987132824139,1.3099602389926e-08,0.999908679324054,0.999999999774867
"164","Cyp2s1",5.11242156113277e-13,-0.515151974843747,1.30793787121907e-08,0.999908749843495,0.999999999774867
"1458","Kifc2",5.11047754278511e-13,-0.515233129458692,1.30694336332822e-08,0.999908784541725,0.999999999774867
"795","Serpina3f",5.10568853543806e-13,-0.515433180359641,1.30449504858918e-08,0.999908870019353,0.999999999774867
"1692","Kdelr3",5.10455835627059e-13,-0.515480418245219,1.30391759465987e-08,0.999908890191599,0.999999999774867
"736","Ikzf3",5.09716264764686e-13,-0.515789790052631,1.30014198547302e-08,0.999909022195495,0.999999999774867
"1657","Pycr1",5.09143846611944e-13,-0.516029543775973,1.29722347163376e-08,0.999909124364781,0.999999999774867
"2646","Prdm15",5.08822102434679e-13,-0.516164420991986,1.29558447618912e-08,0.999909181791983,0.999999999774867
"1085","Kank4",5.06183778075346e-13,-0.517273606015899,1.28218368176197e-08,0.999909652698982,0.999999999774867
"1322","Pifo",5.05442498951896e-13,-0.517586275038259,1.27843105241737e-08,0.999909785007781,0.999999999774867
"204","Tnfrsf10b",5.04174663511828e-13,-0.51812209316172,1.27202554687315e-08,0.999910011300117,0.999999999774867
"1670","Slc22a21",5.02034635594267e-13,-0.519029542081143,1.26124994430922e-08,0.999910393267604,0.999999999774867
"1230","Prr18",5.00899398144299e-13,-0.519512473113375,1.25555233221976e-08,0.999910595892903,0.999999999774867
"1628","1110002L01Rik",5.00190883416411e-13,-0.519814423159467,1.25200292419339e-08,0.999910722353678,0.999999999774867
"1560","Col3a1",5.00124659548739e-13,-0.519842667549832,1.25167142280048e-08,0.999910734173788,0.999999999774867
"534","Zfp773",4.99935450994029e-13,-0.519923385066953,1.2507245303094e-08,0.999910767945083,0.999999999774867
"65","Fzd3",4.99531340917365e-13,-0.520095881789649,1.24870336494119e-08,0.99991084007354,0.999999999774867
"919","Gm10069",4.98889632152342e-13,-0.520370081806281,1.24549720291512e-08,0.999910954610309,0.999999999774867
"464","Kcnab3",4.98127211929665e-13,-0.520696313815877,1.24169328880693e-08,0.999911090692523,0.999999999774867
"1531","Zfp7",4.95635659036849e-13,-0.521765868308664,1.22930285028668e-08,0.999911535402702,0.999999999774867
"1190","Ablim2",4.94164858172539e-13,-0.522399733463529,1.2220177530606e-08,0.999911797921758,0.999999999774867
"1314","Zbtb3",4.92240641919162e-13,-0.523231819792188,1.21251951253174e-08,0.999912141369636,0.999999999774867
"1985","Foxs1",4.91723680452436e-13,-0.523455915342439,1.2099740229503e-08,0.999912233640616,0.999999999774867
"1625","Gm21738",4.89839938345047e-13,-0.524274461209167,1.20072121180338e-08,0.999912569864379,0.999999999774867
"2053","F2rl2",4.89450592552952e-13,-0.524444031336834,1.19881320095381e-08,0.9999126393576,0.999999999774867
"1575","Uprt",4.89411935200575e-13,-0.524460874867705,1.19862384123113e-08,0.999912646257441,0.999999999774867
"147","Cysltr2",4.87975285575298e-13,-0.525087774576209,1.19159714272566e-08,0.99991290268094,0.999999999774867
"283","Gm26664",4.87821176040465e-13,-0.525155130208054,1.19084461492643e-08,0.999912930187512,0.999999999774867
"267","BC034090",4.87247436132058e-13,-0.525406075487892,1.18804509195349e-08,0.999913032592714,0.999999999774867
"936","Evi2b",4.86630088914832e-13,-0.525676419570657,1.18503646987922e-08,0.99991314278126,0.999999999774867
"1451","4930524J08Rik",4.85942153594623e-13,-0.525978073721142,1.18168833243716e-08,0.999913265568876,0.999999999774867
"1840","E430018J23Rik",4.84560398088017e-13,-0.526585236781322,1.17497772730003e-08,0.99991351219448,0.999999999774867
"673","Gm26569",4.83267229208917e-13,-0.527155022048655,1.16871466027979e-08,0.99991374300851,0.999999999774867
"1771","Vil1",4.82914611274784e-13,-0.527310650472814,1.16700976751898e-08,0.999913805946281,0.999999999774867
"2845","Ppargc1b",4.82386169109922e-13,-0.52754408907319,1.1644571019548e-08,0.999913900266417,0.999999999774867
"1125","Gm26789",4.81872917312679e-13,-0.527771058849663,1.16198048969653e-08,0.999913991875269,0.999999999774867
"788","Setmar",4.81030477915649e-13,-0.528144118902321,1.15792115196049e-08,0.999914142239877,0.999999999774867
"532","Syngap1",4.81010098068757e-13,-0.528153151751512,1.15782303861017e-08,0.999914145877418,0.999999999774867
"2212","Rwdd3",4.80585673684104e-13,-0.528341352881945,1.15578070505841e-08,0.999914221631717,0.999999999774867
"1152","Gm26910",4.80250363546221e-13,-0.528490154284606,1.15416846477953e-08,0.999914281480269,0.999999999774867
"1750","Il1f9",4.78838687006173e-13,-0.529117742966218,1.14739317414245e-08,0.999914533446393,0.999999999774867
"24","Tnc",4.7882361523236e-13,-0.529124453258637,1.14732094531589e-08,0.999914536136511,0.999999999774867
"89","Gm20517",4.77129610469165e-13,-0.529879992504315,1.13921721332435e-08,0.999914838494596,0.999999999774867
"922","Bfsp1",4.77043950877793e-13,-0.529918267564181,1.13880820026342e-08,0.999914853783732,0.999999999774867
"1410","1810041H14Rik",4.75617970814458e-13,-0.530556431963424,1.13201012357242e-08,0.999915108302852,0.999999999774867
"1973","Ncs1",4.7500936365586e-13,-0.530829374619012,1.12911490634954e-08,0.99991521693141,0.999999999774867
"2489","Elavl3",4.73078502990956e-13,-0.531697597546964,1.11995410800276e-08,0.99991556156523,0.999999999774867
"2284","Atp8b1",4.72366232659177e-13,-0.532018756558287,1.11658422516057e-08,0.999915688696333,0.999999999774867
"2643","Wee1",4.72056736128352e-13,-0.532158455785436,1.11512152225033e-08,0.999915743937487,0.999999999774867
"2135","Fendrr",4.71607859731919e-13,-0.532361228256727,1.11300180355498e-08,0.999915824056157,0.999999999774867
"2726","Col14a1",4.71457424586474e-13,-0.532429227416085,1.11229185828878e-08,0.999915850906897,0.999999999774867
"692","Ttll9",4.70003245515134e-13,-0.533087645377487,1.10544085980779e-08,0.999916110459177,0.999999999774867
"291","Ccdc136",4.69090711474053e-13,-0.533501845732296,1.10115249306231e-08,0.999916273334779,0.999999999774867
"926","Sytl2",4.67151182249333e-13,-0.534384845639396,1.09206554182056e-08,0.999916619515826,0.999999999774867
"458","Elavl4",4.65138796123951e-13,-0.535304843900778,1.08267704357284e-08,0.999916978700893,0.999999999774867
"1041","Col8a2",4.64417649419089e-13,-0.535635484453614,1.07932250191537e-08,0.999917107416314,0.999999999774867
"2076","Reep1",4.63728998683895e-13,-0.535951698699521,1.07612397937608e-08,0.999917230331622,0.999999999774867
"1336","6720489N17Rik",4.63717565944121e-13,-0.535956952284576,1.07607091867124e-08,0.99991723237222,0.999999999774867
"1574","Wnt7b",4.6285737442962e-13,-0.536352595160063,1.07208241952172e-08,0.999917385905353,0.999999999774867
"511","Plagl1",4.62476876367886e-13,-0.536527835587532,1.0703205047939e-08,0.999917453819368,0.999999999774867
"2595","Aif1l",4.60897476419878e-13,-0.53725675965631,1.06302250702307e-08,0.999917735721966,0.999999999774867
"246","Gm26536",4.60477104832416e-13,-0.537451184396098,1.06108428563804e-08,0.999917810752893,0.999999999774867
"215","Fxyd6",4.59155525603863e-13,-0.538063565774252,1.05500235621596e-08,0.999918046637805,0.999999999774867
"2220","Klre1",4.58463470646478e-13,-0.538384937584724,1.05182448144662e-08,0.999918170160723,0.999999999774867
"281","Kif7",4.57871110107869e-13,-0.538660394124501,1.04910820482955e-08,0.999918275889469,0.999999999774867
"647","Cdh23",4.57866666912692e-13,-0.538662461604327,1.0490878437725e-08,0.999918276682522,0.999999999774867
"2335","1700008J07Rik",4.57158389413975e-13,-0.538992286037473,1.04584466991296e-08,0.999918403100955,0.999999999774867
"292","1200007C13Rik",4.57096860598234e-13,-0.539020962016427,1.04556316899301e-08,0.999918414083058,0.999999999774867
"2459","Npnt",4.56419999134826e-13,-0.539336669982929,1.04246895635959e-08,0.999918534894133,0.999999999774867
"132","Ucn2",4.55671324923015e-13,-0.539686411654622,1.03905179884546e-08,0.99991866852286,0.999999999774867
"2609","Camkmt",4.5501269854773e-13,-0.539994556433613,1.03605028303438e-08,0.999918786079206,0.999999999774867
"1554","C1qtnf9",4.54330170177358e-13,-0.54031434835756,1.03294442090776e-08,0.999918907901751,0.999999999774867
"135","Erp27",4.51309221663488e-13,-0.541735495766273,1.01925350738124e-08,0.999919447102246,0.999999999774867
"98","Dock3",4.51301637248188e-13,-0.541739075499773,1.01921924981871e-08,0.999919448455967,0.999999999774867
"1352","Sned1",4.49938893389799e-13,-0.542383235480439,1.01307330371543e-08,0.999919691688237,0.999999999774867
"2242","Kantr",4.48574000837195e-13,-0.543030342225229,1.00693629729906e-08,0.999919935304021,0.999999999774867
"632","A830008E24Rik",4.48069950015187e-13,-0.543269807820417,1.0046746329638e-08,0.999920025270616,0.999999999774867
"1626","Grhl1",4.47780076855074e-13,-0.543407641736082,1.00337513047524e-08,0.999920077009251,0.999999999774867
"397","1700109H08Rik",4.46350252293804e-13,-0.544088809331707,9.96977526116225e-09,0.999920332214564,0.999999999774867
"1481","Ifitm5",4.4632001573938e-13,-0.544103237226744,9.96842456654386e-09,0.999920337611401,0.999999999774867
"2232","Lig4",4.45529896033639e-13,-0.544480598544017,9.93316163075051e-09,0.999920478637617,0.999999999774867
"316","Serpinb12",4.44654118183528e-13,-0.544899642009161,9.89414879247934e-09,0.999920634952711,0.999999999774867
"1483","Mnd1",4.44413063238306e-13,-0.545015125154844,9.8834241104713e-09,0.999920677977921,0.999999999774867
"1684","Rbm41",4.44071362170101e-13,-0.545178931106105,9.86823158563033e-09,0.999920738967171,0.999999999774867
"866","Vwa3a",4.43725011994632e-13,-0.545345092638796,9.85284428005952e-09,0.999920800786228,0.999999999774867
"672","Il12rb1",4.43318387559165e-13,-0.545540334029854,9.83479449056199e-09,0.999920873363465,0.999999999774867
"1335","Ccdc57",4.41023461799017e-13,-0.546645567714188,9.73323450798912e-09,0.999921282978227,0.999999999774867
"347","Gm3248",4.40998994086575e-13,-0.546657381862996,9.73215455012976e-09,0.9999212873454,0.999999999774867
"1540","Cdr2l",4.40775121258295e-13,-0.5467655080894,9.72227601539679e-09,0.999921327303823,0.999999999774867
"892","H1fx",4.39876335803829e-13,-0.547200149767183,9.68266701405303e-09,0.999921487725479,0.999999999774867
"1969","Map2k3os",4.3986687268931e-13,-0.54720473067061,9.68225040968609e-09,0.999921489414523,0.999999999774867
"180","Pi15",4.39147319769988e-13,-0.547553336676521,9.65059904600538e-09,0.999921617845474,0.999999999774867
"509","A230072E10Rik",4.37808246344313e-13,-0.548203587304417,9.59183444662832e-09,0.999921856852876,0.999999999774867
"1635","Tmtc1",4.37691614326148e-13,-0.548260316320069,9.58672460227962e-09,0.999921877670193,0.999999999774867
"75","4930432K21Rik",4.37667634984645e-13,-0.548271981554913,9.58567419583624e-09,0.999921881950197,0.999999999774867
"909","Gm13391",4.37263951186344e-13,-0.548468456347325,9.56799961128565e-09,0.999921954002568,0.999999999774867
"621","Podxl2",4.37254685992103e-13,-0.54847296785988,9.56759414252719e-09,0.999921955656286,0.999999999774867
"493","Alx1",4.3698971276677e-13,-0.54860203151161,9.55600186820062e-09,0.999922002950603,0.999999999774867
"2091","Btbd7",4.36293225325168e-13,-0.548941646235127,9.52556485276405e-09,0.999922127264662,0.999999999774867
"390","Vpreb1",4.34994595643114e-13,-0.549576301929566,9.46894343131704e-09,0.999922359053375,0.999999999774867
"2346","Zbtb40",4.34919641066145e-13,-0.549612990120887,9.46568049652149e-09,0.999922372431804,0.999999999774867
"972","Slc25a34",4.34583607360166e-13,-0.549777545983696,9.45105913384085e-09,0.999922432409503,0.999999999774867
"1247","Gm14410",4.30459014880503e-13,-0.551807644736241,9.27251221853161e-09,0.999923168596267,0.999999999774867
"656","9430098F02Rik",4.29999263791695e-13,-0.552035118363259,9.25271581111322e-09,0.999923250655929,0.999999999774867
"407","Sdcbp2",4.29207964445249e-13,-0.552427196127306,9.21869281713032e-09,0.999923391892696,0.999999999774867
"2988","Uevld",4.27549974648943e-13,-0.553251023238389,9.14760850088714e-09,0.999923687822572,0.999999999774867
"2553","Zkscan5",4.26837617391012e-13,-0.553605949382393,9.11715153860223e-09,0.99992381496919,0.999999999774867
"1545","4732419C18Rik",4.26111290969341e-13,-0.553968437389266,9.08614961370004e-09,0.999923944609124,0.999999999774867
"1802","Slc29a4",4.24621813939356e-13,-0.554713700791042,9.02273914803786e-09,0.999924210461637,0.999999999774867
"30","Exd1",4.24347292892646e-13,-0.554851339320531,9.01107638820428e-09,0.999924259460117,0.999999999774867
"1135","Zfat",4.21757740216412e-13,-0.556154018529949,8.90143290406814e-09,0.999924721661998,0.999999999774867
"1194","Lsmem1",4.21550411550416e-13,-0.556258656328628,8.89268348030929e-09,0.999924758667501,0.999999999774867
"2385","Cep83os",4.20040479119411e-13,-0.557022246040324,8.82909296583632e-09,0.99992502817104,0.999999999774867
"535","Ankrd6",4.19997518120152e-13,-0.557044011474165,8.82728701008773e-09,0.999925035839026,0.999999999774867
"2718","Mcoln2",4.19776025081207e-13,-0.557156261867497,8.81797901662924e-09,0.999925075372688,0.999999999774867
"769","Fbxw10",4.14527717684347e-13,-0.559833277315434,8.59886142024219e-09,0.999926012128127,0.999999999774867
"512","C8g",4.14470557381431e-13,-0.559862616785477,8.5964901451042e-09,0.999926022330507,0.999999999774867
"232","Fsd2",4.14387284972879e-13,-0.559905366322451,8.59303620361185e-09,0.999926037193562,0.999999999774867
"937","4930403P22Rik",4.1326218787695e-13,-0.560483788960559,8.54643788507062e-09,0.999926238008938,0.999999999774867
"1450","Zfp37",4.12241683019455e-13,-0.56100978423135,8.50428105087637e-09,0.999926420155943,0.999999999774867
"500","Slc45a3",4.11179822406431e-13,-0.561558460063487,8.46052647114072e-09,0.99992660968442,0.999999999774867
"1757","Crispld1",4.08619587854989e-13,-0.562887129644839,8.35549458725472e-09,0.999927066653393,0.999999999774867
"12","Mrgpra2b",4.07886418530642e-13,-0.563269130182377,8.32553764590891e-09,0.999927197514697,0.999999999774867
"441","Cd3g",4.07786825422294e-13,-0.563321073037755,8.32147247037505e-09,0.999927215290787,0.999999999774867
"713","Hr",4.03535188419635e-13,-0.565550262614512,8.14885560035911e-09,0.999927974153367,0.999999999774867
"405","Pknox2",4.02691907789257e-13,-0.565995156813133,8.11483332819292e-09,0.999928124668125,0.999999999774867
"622","Tmem231",4.00851163322764e-13,-0.566969488090077,8.04081547860787e-09,0.999928453217361,0.999999999774867
"2157","Gm19705",3.9863467531922e-13,-0.568148576710736,7.952138689394e-09,0.999928848831992,0.999999999774867
"690","Fzd9",3.97806242559333e-13,-0.568590932156779,7.91912115582549e-09,0.999928996696596,0.999999999774867
"2870","Tulp3",3.97430593697593e-13,-0.568791815504153,7.90417214813046e-09,0.999929063745091,0.999999999774867
"600","Armc2",3.96868672432907e-13,-0.569092660307269,7.8818367638969e-09,0.999929164040818,0.999999999774867
"1149","Gm14286",3.96264561667757e-13,-0.56941656161731,7.8578596711931e-09,0.999929271866827,0.999999999774867
"529","Nhs",3.9436110777077e-13,-0.570440314638387,7.78255063798578e-09,0.999929611608892,0.999999999774867
"2601","Il1rl1",3.9324763322114e-13,-0.571041446441777,7.73866477714441e-09,0.999929810349793,0.999999999774867
"1185","Gm17750",3.93171415991787e-13,-0.571082655205716,7.73566533160179e-09,0.999929823953589,0.999999999774867
"2265","Iba57",3.93010791874497e-13,-0.571169526475556,7.72934604919274e-09,0.999929852622931,0.999999999774867
"2440","Cdh13",3.92553592094205e-13,-0.571416988243952,7.71137300684815e-09,0.999929934227217,0.999999999774867
"2665","Gm15441",3.91790853125351e-13,-0.571830457879738,7.68143543590424e-09,0.999930070366323,0.999999999774867
"240","Gm17249",3.91284711130633e-13,-0.572105268354723,7.66160145714597e-09,0.999930160706166,0.999999999774867
"1587","Gm13830",3.90787757264365e-13,-0.572375431345569,7.64215247531452e-09,0.999930249406047,0.999999999774867
"457","Pcdhb20",3.87789555778051e-13,-0.574012589492393,7.5253380816292e-09,0.999930784546491,0.999999999774867
"1641","Celsr2",3.87479415127059e-13,-0.574182652501454,7.51330588568514e-09,0.999930839902612,0.999999999774867
"1870","Nrg4",3.86034675385932e-13,-0.574976636292974,7.45738273286297e-09,0.999931097770094,0.999999999774867
"1489","Dnase1l3",3.85328156125412e-13,-0.575365984535229,7.43011076267833e-09,0.999931223874704,0.999999999774867
"732","Gm29094",3.84990582953027e-13,-0.575552262741751,7.41709791976225e-09,0.999931284127178,0.999999999774867
"1053","Mmp28",3.84541870121011e-13,-0.575800119029427,7.39981849706847e-09,0.999931364216654,0.999999999774867
"425","Gpr55",3.84228941262221e-13,-0.575973140926784,7.38777988828749e-09,0.999931420070434,0.999999999774867
"745","Hist2h3c2",3.84001601916517e-13,-0.576098926573146,7.37904011886699e-09,0.999931460647587,0.999999999774867
"2304","Lgals4",3.8240009162181e-13,-0.576987119743043,7.31761867946920e-09,0.999931746496598,0.999999999774867
"1097","Scn2b",3.81016228081576e-13,-0.577757565505353,7.26475121202968e-09,0.99993199349846,0.999999999774867
"519","Hap1",3.80736117443393e-13,-0.577913848713988,7.25407352462477e-09,0.99993204349461,0.999999999774867
"1138","Carns1",3.80368153964798e-13,-0.578119320363141,7.24005886112687e-09,0.999932109171363,0.999999999774867
"91","Zfp108",3.80102291264422e-13,-0.578267900698731,7.22994135324636e-09,0.999932156624439,0.999999999774867
"1780","Adam11",3.79759278179772e-13,-0.578459748844966,7.216898309025e-09,0.999932217847868,0.999999999774867
"2387","Nwd1",3.78882909127225e-13,-0.578950681396396,7.18362792437827e-09,0.999932374268484,0.999999999774867
"839","2610528A11Rik",3.78171040525343e-13,-0.579350287373623,7.15665919613484e-09,0.999932501327883,0.999999999774867
"928","E430024P14Rik",3.77603465910964e-13,-0.579669425985446,7.13519330114627e-09,0.99993260263266,0.999999999774867
"961","Pcdhgc3",3.77489652718138e-13,-0.579733478348304,7.13089272225737e-09,0.999932622946853,0.999999999774867
"2268","Glrp1",3.7737705436433e-13,-0.579796865758056,7.12663932338068e-09,0.999932643044212,0.999999999774867
"2567","Zfp39",3.76303679009943e-13,-0.580402061907598,7.08615630999972e-09,0.999932834627922,0.999999999774867
"1993","Cldn1",3.75683026893531e-13,-0.58075277836198,7.06280064684947e-09,0.999932945406351,0.999999999774867
"1","Eaf2",3.75008807256979e-13,-0.581134412571974,7.03747288066881e-09,0.999933065745893,0.999999999774867
"1659","Gulp1",3.73902290434366e-13,-0.581762212249576,6.99600402162344e-09,0.999933263244929,0.999999999774867
"1390","Tshz3",3.73521814657716e-13,-0.581978504458785,6.98177326760944e-09,0.999933331154967,0.999999999774867
"508","Nrxn3",3.71450674275297e-13,-0.583159725919183,6.90456148649306e-09,0.999933700826915,0.999999999774867
"1262","6430531B16Rik",3.70908022472709e-13,-0.583470287025546,6.88440249275134e-09,0.99993379768329,0.999999999774867
"681","Gm33973",3.70614864477425e-13,-0.583638248581531,6.87352421602164e-09,0.999933850008226,0.999999999774867
"488","Serinc4",3.70220220506897e-13,-0.583864562365649,6.85889366061799e-09,0.999933920447104,0.999999999774867
"2148","9130023H24Rik",3.68354434588334e-13,-0.584937752700254,6.78993481054839e-09,0.999934253465919,0.999999999774867
"1642","Rab11fip4os1",3.68285435887107e-13,-0.584977543087792,6.78739132112145e-09,0.9999342657813,0.999999999774867
"1686","Zic4",3.66745811585915e-13,-0.585867335596154,6.73076030439898e-09,0.999934540584457,0.999999999774867
"1752","9330159F19Rik",3.6652809368418e-13,-0.58599345808189,6.72277127223373e-09,0.999934579444305,0.999999999774867
"2844","BC048403",3.6601640229769e-13,-0.586290168440183,6.70401373076071e-09,0.999934670774643,0.999999999774867
"1493","Tnfrsf25",3.65882600926204e-13,-0.586367822218365,6.69911317291306e-09,0.999934694656469,0.999999999774867
"920","Ppargc1a",3.6389285592786e-13,-0.587525918625567,6.62644897659404e-09,0.999935049800387,0.999999999774867
"2012","Gm10605",3.63690493488683e-13,-0.587644049752723,6.61908103021325e-09,0.999935085919482,0.999999999774867
"1872","Gm807",3.63096393531012e-13,-0.587991236428991,6.59747373508945e-09,0.999935191958692,0.999999999774867
"2005","Gm4890",3.62797998876745e-13,-0.588165826949441,6.58663450889444e-09,0.999935245218304,0.999999999774867
"765","Dnase1l2",3.6260277975792e-13,-0.588280126162289,6.57954797016607e-09,0.999935280062409,0.999999999774867
"2204","Cttnbp2",3.6235849024188e-13,-0.588423241193449,6.57068552759113e-09,0.999935323664948,0.999999999774867
"583","Rarres1",3.62253589899093e-13,-0.588484725406392,6.5668817398304e-09,0.999935342388312,0.999999999774867
"410","Gm17334",3.61949461354577e-13,-0.588663080574988,6.55585997010561e-09,0.99993539667135,0.999999999774867
"2727","Fastkd1",3.61815179157177e-13,-0.588741876949934,6.55099646248537e-09,0.999935420638996,0.999999999774867
"528","Scrn1",3.59811702065892e-13,-0.589920947855797,6.47864773732632e-09,0.999935778233916,0.999999999774867
"2062","Gm10031",3.58234988044768e-13,-0.590853424172517,6.4219925847257e-09,0.999936059657112,0.999999999774867
"800","Penk",3.57405998374816e-13,-0.591345317079439,6.3923047773252e-09,0.999936207621117,0.999999999774867
"1086","Coro6",3.57316343323139e-13,-0.591398582584388,6.38909816894942e-09,0.999936223623392,0.999999999774867
"864","Nrtn",3.56986412217051e-13,-0.591594713489603,6.37730475920109e-09,0.999936282511855,0.999999999774867
"2546","9930012K11Rik",3.56911368568251e-13,-0.591639348899302,6.37462383970118e-09,0.999936295906182,0.999999999774867
"1579","Hk1os",3.53406391402192e-13,-0.593734459655304,6.25003714451733e-09,0.999936921499574,0.999999999774867
"1205","Tcf15",3.53346070668028e-13,-0.593770695607668,6.24790376683199e-09,0.99993693226605,0.999999999774867
"1291","Dhrs9",3.52421235759065e-13,-0.594327028608047,6.21524050515663e-09,0.999937097337199,0.999999999774867
"738","Prkcq",3.52180526632455e-13,-0.594472062896919,6.20675319483492e-09,0.999937140300686,0.999999999774867
"624","Rin1",3.51667828385168e-13,-0.594781304658213,6.18869498346587e-09,0.999937231810736,0.999999999774867
"2766","1500002C15Rik",3.50817955999073e-13,-0.595294898635361,6.15881880410629e-09,0.999937383502038,0.999999999774867
"360","Cd46",3.50260986461279e-13,-0.595632151731417,6.13927846189367e-09,0.999937482913944,0.999999999774867
"2117","Gm10645",3.49845356354834e-13,-0.595884166459655,6.12471700563086e-09,0.999937557098578,0.999999999774867
"365","Mtl5",3.49796196158114e-13,-0.595913993960215,6.12299583864855e-09,0.999937565873042,0.999999999774867
"2694","Asap3",3.47386253367881e-13,-0.597381295575645,6.03891694697038e-09,0.999937996016867,0.999999999774867
"1014","Plet1",3.46460591050416e-13,-0.59794755761091,6.00677664140666e-09,0.999938161235697,0.999999999774867
"2262","Ace2",3.44097442338549e-13,-0.599399976337032,5.92511369717742e-09,0.999938583027381,0.999999999774867
"1236","Gm15050",3.43786774509476e-13,-0.599591647449948,5.91441956797253e-09,0.999938638477597,0.999999999774867
"530","Tspan18",3.43476053000872e-13,-0.599783522580709,5.90373325299711e-09,0.999938693937394,0.999999999774867
"1006","Efnb2",3.43209140114926e-13,-0.599948481939426,5.89456131683582e-09,0.999938741577915,0.999999999774867
"1066","Ano8",3.41204452411513e-13,-0.601191490814321,5.82590205152888e-09,0.999939099388914,0.999999999774867
"894","Susd5",3.40471040853796e-13,-0.601648043338341,5.80088366891126e-09,0.999939230293454,0.999999999774867
"1016","Ptx3",3.40151250532171e-13,-0.601847418146794,5.78999172781655e-09,0.999939287371918,0.999999999774867
"307","Atp6v0d2",3.40099751010216e-13,-0.60187954304739,5.78823862984614e-09,0.999939296563921,0.999999999774867
"1829","1700019G17Rik",3.39325044550496e-13,-0.602363377016835,5.76189883615477e-09,0.99993943483907,0.999999999774867
"1817","Selp",3.37521505809565e-13,-0.603493988806616,5.70081173804915e-09,0.999939756747564,0.999999999774867
"56","Ankrd13b",3.37060180149167e-13,-0.603784143753855,5.68523860629296e-09,0.999939839088267,0.999999999774867
"2279","Mrpl53",3.36967092720923e-13,-0.603842739408278,5.68209880400926e-09,0.999939855703177,0.999999999774867
"1825","Slc16a8",3.36722706456689e-13,-0.60399664898212,5.67385987874289e-09,0.999939899322985,0.999999999774867
"558","Ugt1a6a",3.36680380296452e-13,-0.604023316339097,5.67243355610916e-09,0.999939906877661,0.999999999774867
"2544","Nr4a3",3.36276572901384e-13,-0.604277899225378,5.65883492000945e-09,0.999939978952093,0.999999999774867
"1682","Ripply3",3.35779945821973e-13,-0.604591414495511,5.64213286176622e-09,0.999940067593646,0.999999999774867
"996","Fap",3.33475561592917e-13,-0.606052155512613,5.56495714930702e-09,0.999940478896624,0.999999999774867
"2863","Kctd12b",3.32883829974118e-13,-0.606428858074569,5.54522533142159e-09,0.999940584513116,0.999999999774867
"2888","Gm26899",3.30576510377402e-13,-0.607904055597054,5.46862043649627e-09,0.999940996340019,0.999999999774867
"1436","Zfp605",3.29868253024423e-13,-0.608358920784883,5.44521259368592e-09,0.999941122754857,0.999999999774867
"470","Soga3",3.28580308411517e-13,-0.60918855260127,5.40277479586336e-09,0.999941352636423,0.999999999774867
"1453","Rab42",3.28544744818362e-13,-0.609211506416718,5.40160533024619e-09,0.999941358984068,0.999999999774867
"1831","C230037L18Rik",3.28442134879085e-13,-0.609277747699576,5.39823183636653e-09,0.999941377298624,0.999999999774867
"679","Cxcl9",3.2832643407934e-13,-0.609352464450659,5.39442921993252e-09,0.99994139794973,0.999999999774867
"588","Chrdl1",3.27742514631112e-13,-0.609729941939101,5.37525859709313e-09,0.999941502171849,0.999999999774867
"153","1700018A04Rik",3.2746477848288e-13,-0.609909718554474,5.36615223467532e-09,0.999941551744183,0.999999999774867
"266","Rab37",3.25789347508993e-13,-0.610997412296601,5.31138226495341e-09,0.999941850787086,0.999999999774867
"438","Lrig3",3.24721841189056e-13,-0.611693320211021,5.27663192760465e-09,0.999942041323249,0.999999999774867
"658","Fam101a",3.24208432659619e-13,-0.612028815196783,5.25995965072232e-09,0.999942132960075,0.999999999774867
"317","Ccdc162",3.22317684937018e-13,-0.613268887578511,5.19878754097453e-09,0.999942470434252,0.999999999774867
"1813","Zfp189",3.20940300671268e-13,-0.614176787646355,5.15444974471769e-09,0.999942716279647,0.999999999774867
"393","A730049H05Rik",3.20904834565081e-13,-0.614200215761057,5.15331060350786e-09,0.999942722609891,0.999999999774867
"514","Lca5l",3.20427209670938e-13,-0.614515972996333,5.13798196106846e-09,0.999942807859798,0.999999999774867
"1438","Arhgef28",3.19597808636603e-13,-0.6150653932454,5.11141784784178e-09,0.999942955897227,0.999999999774867
"1834","Cacna1a",3.1925797559531e-13,-0.615290915021786,5.10055353574953e-09,0.999943016553058,0.999999999774867
"368","C330013J21Rik",3.19254139746077e-13,-0.61529346193874,5.10043097131371e-09,0.999943017237708,0.999999999774867
"2597","5430403G16Rik",3.18834491132854e-13,-0.615572281478997,5.08703110090425e-09,0.999943092139594,0.999999999774867
"271","RP23-124B2.7",3.18059397633442e-13,-0.616088215511647,5.06232780072966e-09,0.999943230483825,0.999999999774867
"975","Gabbr2",3.18057658497717e-13,-0.616089374545072,5.06227243967996e-09,0.999943230794239,0.999999999774867
"1730","Mpp2",3.17947626454831e-13,-0.61616271724815,5.05877045936835e-09,0.999943250433545,0.999999999774867
"1193","1110017D15Rik",3.16295796946293e-13,-0.617266774974867,5.00634346116616e-09,0.999943545263889,0.999999999774867
"2558","Ccdc80",3.16261198361158e-13,-0.617289960879479,5.00524826528589e-09,0.999943551439292,0.999999999774867
"2878","Zcchc3",3.15394755544388e-13,-0.617871416095204,4.97786064493426e-09,0.999943706088203,0.999999999774867
"774","3110052M02Rik",3.14912457198836e-13,-0.618195761135408,4.96264810089836e-09,0.999943792172261,0.999999999774867
"2696","Dennd6b",3.14845142889371e-13,-0.618241068870524,4.96052673974487e-09,0.999943804187001,0.999999999774867
"1793","Anxa9",3.14033137851898e-13,-0.618788364819346,4.93497272630648e-09,0.999943949119467,0.999999999774867
"997","Islr",3.12326826129629e-13,-0.619942989627439,4.8814896765264e-09,0.999944253674187,0.999999999774867
"1664","BC022687",3.11610193408743e-13,-0.620429775456153,4.85911425698002e-09,0.999944381583921,0.999999999774867
"1882","Zfp54",3.11125406593312e-13,-0.6207597020484,4.84400690690069e-09,0.999944468112139,0.999999999774867
"2404","Asb4",3.10765219514643e-13,-0.621005159392758,4.83279767281065e-09,0.999944532400905,0.999999999774867
"2139","Rsl1",3.10636388990157e-13,-0.62109302187844,4.8287915436485e-09,0.999944555395498,0.999999999774867
"1376","Wdr19",3.08504579822542e-13,-0.622552156490085,4.76274171925543e-09,0.999944935896045,0.999999999774867
"1034","Nr6a1",3.07605064242199e-13,-0.623170822149069,4.73500848651103e-09,0.999945096448019,0.999999999774867
"566","Alas2",3.07509706778447e-13,-0.623236511311982,4.73207323955107e-09,0.999945113468102,0.999999999774867
"1583","Map3k9",3.07089668278414e-13,-0.623526103697145,4.71915465260111e-09,0.999945188439577,0.999999999774867
"184","Gm26530",3.07034648649616e-13,-0.623564065492527,4.71746379221515e-09,0.999945198259874,0.999999999774867
"648","Sobp",3.05281987972503e-13,-0.624776868832873,4.6637596602165e-09,0.999945511087287,0.999999999774867
"51","Pcdhgb4",3.05276944743687e-13,-0.624780368534563,4.66360557177525e-09,0.999945511987438,0.999999999774867
"1231","Shank3",3.0473060971622e-13,-0.625159830621281,4.64692818279165e-09,0.999945609501222,0.999999999774867
"1981","Mypopos",3.04389458258293e-13,-0.625397120902927,4.63652936570995e-09,0.999945670392374,0.999999999774867
"817","5031425F14Rik",3.03929286401202e-13,-0.625717612397733,4.62252107799299e-09,0.999945752527138,0.999999999774867
"97","AC168977.2",3.03249351487288e-13,-0.626192036987561,4.6018616817588e-09,0.999945873886785,0.999999999774867
"284","9330104G04Rik",3.02759152143232e-13,-0.626534724685491,4.58699598589137e-09,0.999945961381069,0.999999999774867
"2051","Napb",3.02328007967553e-13,-0.626836580684879,4.57394106452414e-09,0.999946038334766,0.999999999774867
"1106","Grb7",3.01988183093859e-13,-0.627074800768522,4.56366437600008e-09,0.999946098989139,0.999999999774867
"378","Hspb7",3.01597274475951e-13,-0.627349158098028,4.55185715174504e-09,0.999946168761305,0.999999999774867
"2291","Zfp772",3.01529972813344e-13,-0.62739642882203,4.54982587759677e-09,0.999946180773787,0.999999999774867
"1955","Riiad1",3.0110750083126e-13,-0.627693398639378,4.53708533731112e-09,0.999946256179608,0.999999999774867
"883","Aspg",3.00760111290919e-13,-0.62793789843214,4.52662245088905e-09,0.999946318184178,0.999999999774867
"431","Epha5",2.99828929615597e-13,-0.628594659044564,4.49863614197656e-09,0.999946484388143,0.999999999774867
"2218","Spink2",2.99091417170063e-13,-0.629116253910671,4.47653207335407e-09,0.99994661602464,0.999999999774867
"1633","Gpr20",2.98873747380366e-13,-0.629270440068058,4.47001867198336e-09,0.9999466548759,0.999999999774867
"2672","Irgq",2.97326955198057e-13,-0.630369308117916,4.42387010165029e-09,0.999946930958432,0.999999999774867
"2540","Ildr2",2.96927335041319e-13,-0.630654121459525,4.41198635153876e-09,0.999947002285496,0.999999999774867
"1254","Stard6",2.9605068394032e-13,-0.631280245843398,4.3859728282799e-09,0.999947158756454,0.999999999774867
"2450","C030034L19Rik",2.96029244410695e-13,-0.631295581338775,4.38533760063398e-09,0.999947162583135,0.999999999774867
"249","Endou",2.92518799901816e-13,-0.633821455525838,4.28194776791918e-09,0.999947789152378,0.999999999774867
"2048","Gdf3",2.92498295734474e-13,-0.633836296535147,4.28134750088326e-09,0.999947792812108,0.999999999774867
"189","Gm14798",2.92218934462132e-13,-0.634038601749791,4.27317328899687e-09,0.999947842674506,0.999999999774867
"1503","Zfp273",2.92210854184884e-13,-0.634044456086032,4.27293697338928e-09,0.999947844116732,0.999999999774867
"1674","Plekhh2",2.92045559054117e-13,-0.634164251039086,4.26810418979987e-09,0.999947873619789,0.999999999774867
"1435","Erbb2",2.91602688052438e-13,-0.634485544391561,4.25516931500161e-09,0.999947952666573,0.999999999774867
"1397","Dqx1",2.91579259672584e-13,-0.634502554571985,4.25448559209815e-09,0.999947956848238,0.999999999774867
"986","Slc39a4",2.91161931124135e-13,-0.634805782071013,4.24231567524053e-09,0.999948031336022,0.999999999774867
"1952","Ric3",2.90605274788372e-13,-0.635210911696365,4.22610988578135e-09,0.999948130692026,0.999999999774867
"2424","Xlr4a",2.90479165796398e-13,-0.635302799023744,4.22244281662463e-09,0.999948153200861,0.999999999774867
"2186","Sall2",2.89976080225203e-13,-0.635669756245862,4.20782964780141e-09,0.999948242995172,0.999999999774867
"691","Dnd1",2.88700480960179e-13,-0.636603016113351,4.17089074837914e-09,0.999948470673252,0.999999999774867
"611","4933404O12Rik",2.88622613425902e-13,-0.636660117515974,4.1686411284392e-09,0.999948484571606,0.999999999774867
"370","Uckl1os",2.87644624587772e-13,-0.637378587314966,4.1404383674241e-09,0.999948659130049,0.999999999774867
"426","A730071L15Rik",2.86528482499471e-13,-0.638201498862569,4.10836857626236e-09,0.999948858347072,0.999999999774867
"725","Zfp13",2.86090760538676e-13,-0.638525086536618,4.09582567296762e-09,0.999948936474818,0.999999999774867
"1544","Gpr68",2.86088890169804e-13,-0.638526470261257,4.09577211877532e-09,0.999948936808655,0.999999999774867
"90","Nhlrc1",2.85288995582748e-13,-0.639119062405102,4.07290086435719e-09,0.999949079579562,0.999999999774867
"219","Zfp365",2.85227781800372e-13,-0.639164479348122,4.07115322653546e-09,0.999949090505435,0.999999999774867
"1035","A430105J06Rik",2.84010938775003e-13,-0.640069303582323,4.03649049445131e-09,0.999949307696282,0.999999999774867
"2406","Armcx1",2.82226735898339e-13,-0.641402942197911,3.98593401818843e-09,0.999949626153572,0.999999999774867
"453","Morn4",2.8175310921537e-13,-0.641758360380707,3.97256703060032e-09,0.99994971068985,0.999999999774867
"350","Wbscr27",2.80634349896237e-13,-0.642600242634753,3.9410818569468e-09,0.999949910374015,0.999999999774867
"1248","Cd226",2.78732476570505e-13,-0.644039052799858,3.88784503845793e-09,0.999950249833968,0.999999999774867
"538","Tlr9",2.78515998015947e-13,-0.644203436933923,3.88180836662689e-09,0.999950288472609,0.999999999774867
"834","B930041F14Rik",2.78267525474316e-13,-0.64439227122452,3.87488529895481e-09,0.999950332821765,0.999999999774867
"1027","Cep72",2.78096323704925e-13,-0.644522477997456,3.87011878409458e-09,0.999950363379082,0.999999999774867
"104","D930048N14Rik",2.77780482847455e-13,-0.644762896942952,3.86133299723322e-09,0.999950419752617,0.999999999774867
"659","Slc35g1",2.77246968802994e-13,-0.645169622163237,3.84651484269577e-09,0.999950514978019,0.999999999774867
"1818","Trim7",2.76520525047406e-13,-0.645724670144425,3.82638393982513e-09,0.999950644638896,0.999999999774867
"567","Slco2a1",2.764980591768e-13,-0.645741858369756,3.82576221704749e-09,0.999950648648766,0.999999999774867
"177","Ntf3",2.75728889430491e-13,-0.646331168172046,3.80450660623785e-09,0.999950785935683,0.999999999774867
"1838","Kazn",2.74040156190979e-13,-0.647630720431143,3.75804704172565e-09,0.99995108735287,0.999999999774867
"965","6330403A02Rik",2.73672984433182e-13,-0.647914319638225,3.74798337540336e-09,0.999951152888312,0.999999999774867
"827","Naalad2",2.73095999589876e-13,-0.648360734898202,3.73219628575612e-09,0.999951255872693,0.999999999774867
"424","Zbed5",2.69141462829213e-13,-0.651445636564395,3.62489153862308e-09,0.999951961706698,0.999999999774867
"2120","E230013L22Rik",2.67316445507493e-13,-0.652884420062951,3.57589826690691e-09,0.999952287448842,0.999999999774867
"310","Frzb",2.66789368514424e-13,-0.653301752957526,3.56181072683039e-09,0.999952381525314,0.999999999774867
"387","Nkd2",2.66786471659699e-13,-0.653304048895979,3.56173337747969e-09,0.999952382042365,0.999999999774867
"139","Insc",2.66776559876184e-13,-0.653311904789961,3.56146872782067e-09,0.999952383811491,0.999999999774867
"2473","Pdpr",2.665799654782e-13,-0.653467781318735,3.55622158904484e-09,0.999952418901065,0.999999999774867
"2457","Slc38a11",2.66330950537261e-13,-0.65366538403692,3.54958088965202e-09,0.999952463347033,0.999999999774867
"3","Zfp9",2.65049993584901e-13,-0.654684759036847,3.51551856290708e-09,0.999952691981392,0.999999999774867
"2003","Ambp",2.6403916475544e-13,-0.655492603149763,3.48875522474466e-09,0.999952872401351,0.999999999774867
"60","Fam171a2",2.63456179142522e-13,-0.655959906944766,3.47336622943898e-09,0.999952976456793,0.999999999774867
"1355","Drc7",2.60641127905653e-13,-0.658230812432634,3.39953637172756e-09,0.999953478907271,0.999999999774867
"2254","Nrip2",2.58766089958734e-13,-0.659756866121508,3.35080015183001e-09,0.999953813577455,0.999999999774867
"826","Gareml",2.58537639511965e-13,-0.659943541747793,3.34488628663697e-09,0.999953854352924,0.999999999774867
"429","4933406I18Rik",2.58137760299765e-13,-0.660270690236732,3.33454724197394e-09,0.999953925726226,0.999999999774867
"1718","Gm20522",2.5491910241056e-13,-0.662922277416942,3.25191032263252e-09,0.999954500215307,0.999999999774867
"674","Gm3636",2.54848397928415e-13,-0.662980894833474,3.25010667004495e-09,0.999954512835149,0.999999999774867
"991","Steap4",2.53627752704545e-13,-0.66399540433133,3.21904721415881e-09,0.999954730704638,0.999999999774867
"192","1700040L02Rik",2.53595943347798e-13,-0.664021906216952,3.21823981513394e-09,0.9999547363822,0.999999999774867
"1615","Hs3st3b1",2.52626066925051e-13,-0.66483153378802,3.19367060326188e-09,0.999954909492681,0.999999999774867
"443","1700016K19Rik",2.52441153878327e-13,-0.664986242183276,3.18899701405026e-09,0.999954942497284,0.999999999774867
"376","Zfp248",2.5195828711266e-13,-0.665390762452559,3.17680892240461e-09,0.999955028682798,0.999999999774867
"526","Gm10244",2.50920531513917e-13,-0.666262732181868,3.15069379025125e-09,0.999955213908839,0.999999999774867
"1324","Lum",2.50420140112646e-13,-0.666684455349403,3.13813995063244e-09,0.999955303222276,0.999999999774867
"2550","Olfml2b",2.498962484793e-13,-0.667126875460674,3.12502338939556e-09,0.999955396730202,0.999999999774867
"614","Anks6",2.48761806459464e-13,-0.668088040496655,3.09671475350478e-09,0.999955599213527,0.999999999774867
"2589","Jmjd4",2.48160074369973e-13,-0.668599618423358,3.08175153244306e-09,0.999955706614974,0.999999999774867
"1189","Hyal3",2.4788877832261e-13,-0.668830667849816,3.0750170889187e-09,0.999955755037833,0.999999999774867
"114","Sema4g",2.47549725658813e-13,-0.669119772990359,3.06661106317358e-09,0.999955815554377,0.999999999774867
"1171","Lurap1l",2.4715282481837e-13,-0.669458700839166,3.05678544309966e-09,0.999955886396078,0.999999999774867
"2149","Cdh19",2.47084858663488e-13,-0.669516793386571,3.0551044638378e-09,0.999955898527163,0.999999999774867
"541","Arhgap33",2.46431555278718e-13,-0.670075994773189,3.03897015710452e-09,0.999956015133424,0.999999999774867
"2308","Acat3",2.46254397868827e-13,-0.670227886316351,3.03460235149358e-09,0.999956046753746,0.999999999774867
"1523","Angptl2",2.46014788597066e-13,-0.670433494447003,3.02869979611213e-09,0.999956089520922,0.999999999774867
"2239","Xpo5",2.42889176043946e-13,-0.673133812445913,2.95222954771804e-09,0.999956647402606,0.999999999774867
"1146","Lamb1",2.42862645988923e-13,-0.673156878955405,2.95158465661063e-09,0.99995665213788,0.999999999774867
"100","4930562F07Rik",2.42681272225113e-13,-0.673314640637721,2.94717772020516e-09,0.999956684510767,0.999999999774867
"2655","Stx1a",2.41780704658035e-13,-0.674099693823232,2.9253449019943e-09,0.999956845250507,0.999999999774867
"234","Afmid",2.41762720197405e-13,-0.674115400791632,2.92490972422764e-09,0.999956848460502,0.999999999774867
"1195","Diaph3",2.40947385258823e-13,-0.674828697144423,2.90521471252516e-09,0.999956993987314,0.999999999774867
"2414","Gm16740",2.40816228596384e-13,-0.674943661805268,2.90205273956353e-09,0.999957017397093,0.999999999774867
"2001","Klra17",2.40468095386564e-13,-0.675249115755157,2.89366816617979e-09,0.999957079534398,0.999999999774867
"1599","AA474331",2.40430901605727e-13,-0.675281775554781,2.89277309412466e-09,0.99995708617301,0.999999999774867
"2200","Ank3",2.40116797333306e-13,-0.675557788857154,2.88521966523366e-09,0.999957142236587,0.999999999774867
"863","Gm26563",2.39867718379042e-13,-0.675776915567367,2.87923695373817e-09,0.99995718669398,0.999999999774867
"2528","Zhx2",2.38206127546693e-13,-0.677244462545783,2.83948551315171e-09,0.999957483266596,0.999999999774867
"1238","Zfp507",2.38193099125996e-13,-0.677256009317186,2.8391749166063e-09,0.999957485592002,0.999999999774867
"503","Gm7467",2.32707990912035e-13,-0.682173504331521,2.70991951685139e-09,0.999958464613347,0.999999999774867
"2629","Sag",2.3254951615102e-13,-0.682317272434838,2.7062298488128e-09,0.999958492899056,0.999999999774867
"945","2310047D07Rik",2.31869941100822e-13,-0.682934879365176,2.69043623072899e-09,0.999958614194472,0.999999999774867
"28","9030407P20Rik",2.31354317335009e-13,-0.683404677147025,2.67848375087165e-09,0.999958706226689,0.999999999774867
"1597","Ptger3",2.31236799202142e-13,-0.683511895327713,2.67576333079938e-09,0.999958727202166,0.999999999774867
"1477","Adgrg3",2.31109953329284e-13,-0.683627684021526,2.67282853457149e-09,0.999958749842525,0.999999999774867
"1584","Gm28557",2.30156604559426e-13,-0.684499939739661,2.65082271341827e-09,0.999958920003032,0.999999999774867
"1498","Pcdh7",2.2982644741295e-13,-0.684802843987869,2.64322301545897e-09,0.999958978931841,0.999999999774867
"2838","Pvrl1",2.27374711924602e-13,-0.687065715347215,2.58712923172563e-09,0.999959416535126,0.999999999774867
"2274","Rad9b",2.27334351520346e-13,-0.68710316761604,2.58621085066743e-09,0.99995942373894,0.999999999774867
"2018","Fam78b",2.25590928005953e-13,-0.688727260075026,2.54669573480932e-09,0.999959734917638,0.999999999774867
"1482","Gm26902",2.25453075506587e-13,-0.688856204545673,2.54358425234778e-09,0.999959759522538,0.999999999774867
"1565","Ctsk",2.24597840685503e-13,-0.689657915468608,2.52432316394703e-09,0.999959912170966,0.999999999774867
"2894","Rtn4rl1",2.24498338494302e-13,-0.689751385831879,2.52208698886235e-09,0.999959929930829,0.999999999774867
"2466","Prox1",2.24404902857918e-13,-0.689839194590315,2.51998805338379e-09,0.999959946607889,0.999999999774867
"1705","Apln",2.24311548809304e-13,-0.689926962683173,2.51789182329989e-09,0.999959963270388,0.999999999774867
"2029","Gm26609",2.23885421397163e-13,-0.690328050181062,2.50833436991733e-09,0.999960039328656,0.999999999774867
"1467","Crym",2.23144367418347e-13,-0.691027354707109,2.49175682905686e-09,0.99996017159727,0.999999999774867
"2215","Mtx3",2.2309065357964e-13,-0.691078131384823,2.49055737493485e-09,0.9999601811845,0.999999999774867
"2330","Ppbp",2.22119863922165e-13,-0.691997920255336,2.46892897679232e-09,0.999960354457982,0.999999999774867
"195","Efcab7",2.19250679239118e-13,-0.69473972281393,2.40555723437495e-09,0.999960866570585,0.999999999774867
"1049","Ggt7",2.18839692284864e-13,-0.695135357246665,2.39654721875016e-09,0.999960939926477,0.999999999774867
"2227","Cdc42bpg",2.18231860372328e-13,-0.695721828446043,2.38325278518967e-09,0.999961048416664,0.999999999774867
"2370","Hrh1",2.167976144484e-13,-0.69711208015579,2.35202967895969e-09,0.999961304411135,0.999999999774867
"953","Gm14493",2.15947697892988e-13,-0.697940211798019,2.33362439761947e-09,0.99996145611032,0.999999999774867
"1359","Jrk",2.14456769479666e-13,-0.699400718740709,2.30151239717332e-09,0.999961722221887,0.999999999774867
"545","Gdap1l1",2.13574592395198e-13,-0.700269617220384,2.28261660243509e-09,0.999961879679163,0.999999999774867
"62","Gm38394",2.13328677907184e-13,-0.700512460938435,2.2773631186397e-09,0.999961923571739,0.999999999774867
"1089","Lama2",2.12863462452818e-13,-0.700972623107503,2.2674412523685e-09,0.999962006606721,0.999999999774867
"22","Fam169b",2.11485017651672e-13,-0.70234193974367,2.23816969494482e-09,0.999962252641408,0.999999999774867
"1506","Gk5",2.10539635232539e-13,-0.703286158559825,2.21820424314329e-09,0.999962421380024,0.999999999774867
"742","Gm19684",2.07880372041234e-13,-0.705964738649338,2.16252317417422e-09,0.999962896024339,0.999999999774867
"1187","Ccsap",2.07855304349073e-13,-0.705990148839697,2.16200166080375e-09,0.9999629004986,0.999999999774867
"1903","Gm11772",2.07267156259337e-13,-0.706587201475394,2.14978375641846e-09,0.999963005475477,0.999999999774867
"49","Gm43403",2.07133695662171e-13,-0.706722915186517,2.1470161297759e-09,0.999963029296479,0.999999999774867
"1675","Bend6",2.05710959655325e-13,-0.708175052645926,2.11762307061259e-09,0.999963283236577,0.999999999774867
"1001","Inca1",2.04970010837961e-13,-0.708935239751626,2.10239564143783e-09,0.999963415486422,0.999999999774867
"914","Cd300c",2.03920781804992e-13,-0.710016359302571,2.08092666052002e-09,0.999963602760324,0.999999999774867
"2381","Lyplal1",2.03523350620153e-13,-0.710427302936446,2.07282332523402e-09,0.999963673696685,0.999999999774867
"1416","Plcxd2",2.01305316356884e-13,-0.712735379977971,2.02788950862278e-09,0.999964069587304,0.999999999774867
"446","Fam178b",2.0128462158182e-13,-0.712757032729784,2.02747258411384e-09,0.999964073281056,0.999999999774867
"579","2410004P03Rik",2.0128310458171e-13,-0.71275862003932,2.02744202376085e-09,0.999964073551821,0.999999999774867
"1441","Igf2bp2",2.01273597169892e-13,-0.71276856836618,2.02725049977713e-09,0.999964075248772,0.999999999774867
"1470","Gcsam",2.01246209708907e-13,-0.71279722853605,2.02669883808538e-09,0.999964080137081,0.999999999774867
"372","Tnni3",2.01089264981469e-13,-0.71296154076245,2.02353897069997e-09,0.999964108149699,0.999999999774867
"1285","Gm8013",2.00837093305127e-13,-0.713225815187492,2.01846700167086e-09,0.999964153159103,0.999999999774867
"1899","Zfp280b",2.00152665410473e-13,-0.71394474401434,2.00473307318478e-09,0.999964275320689,0.999999999774867
"163","E030018B13Rik",1.99219727678584e-13,-0.714928623391055,1.98608798258028e-09,0.999964441838088,0.999999999774867
"102","Cerkl",1.99074985832654e-13,-0.715081675600908,1.98320307138855e-09,0.999964467672648,0.999999999774867
"250","Gm14167",1.99072611646004e-13,-0.715084187016187,1.98315576794497e-09,0.99996446809641,0.999999999774867
"430","Gnb5",1.99064635283986e-13,-0.715092624630353,1.98299685053981e-09,0.999964469520088,0.999999999774867
"653","Pawr",1.99057277425517e-13,-0.715100408270113,1.98285026156383e-09,0.999964470833371,0.999999999774867
"1408","Gm16894",1.98055731665998e-13,-0.716162567238846,1.9629472538965e-09,0.999964649596422,0.999999999774867
"2731","Ctif",1.97957494530765e-13,-0.716267034705977,1.96100046357057e-09,0.999964667130488,0.999999999774867
"296","Mctp2",1.97925958213294e-13,-0.716300581938109,1.96037570513657e-09,0.999964672759316,0.999999999774867
"578","Gm26720",1.97924395513485e-13,-0.716302244420585,1.9603447494532e-09,0.999964673038238,0.999999999774867
"254","Dnah14",1.97910778183492e-13,-0.716316731802214,1.96007501268852e-09,0.999964675468756,0.999999999774867
"415","Gm29585",1.97898694529269e-13,-0.716329588340028,1.95983567104306e-09,0.999964677625533,0.999999999774867
"608","Gm26981",1.97898202448799e-13,-0.716330111910899,1.95982592468611e-09,0.999964677713363,0.999999999774867
"1460","Tyro3",1.96957715409753e-13,-0.717333137963157,1.94124252081059e-09,0.999964845578217,0.999999999774867
"175","Fam46b",1.96766752236753e-13,-0.717537376190263,1.93748002672406e-09,0.99996487966269,0.999999999774867
"1064","Purg",1.95794050400922e-13,-0.718580739208126,1.91837179638356e-09,0.999965053277471,0.999999999774867
"18","Gm20406",1.95061265320845e-13,-0.719370137824058,1.90403914820381e-09,0.999965184070193,0.999999999774867
"1342","Exoc3l4",1.94871831930645e-13,-0.719574682111744,1.90034273570189e-09,0.999965217881619,0.999999999774867
"2357","Csprs",1.94781271290614e-13,-0.719672535950927,1.89857689541066e-09,0.99996523404553,0.999999999774867
"962","RP24-143K11.2",1.94440517446047e-13,-0.72004113440218,1.8919398970856e-09,0.999965294865713,0.999999999774867
"854","Neu3",1.94419526773991e-13,-0.720063861142037,1.89153143338829e-09,0.999965298612279,0.999999999774867
"808","4932438H23Rik",1.93805283127076e-13,-0.720729980277457,1.87959821032973e-09,0.999965408246878,0.999999999774867
"1984","Gm16536",1.93191678767173e-13,-0.721397487740299,1.86771510923763e-09,0.999965517767373,0.999999999774867
"1253","Fam188b",1.92838170047912e-13,-0.721783000735049,1.86088614534881e-09,0.999965580864138,0.999999999774867
"482","Myo19",1.92581679326369e-13,-0.722063148833661,1.8559391723948e-09,0.999965626644436,0.999999999774867
"763","Nanp",1.92362485677588e-13,-0.722302851458315,1.85171677109582e-09,0.999965665767686,0.999999999774867
"1396","Il10",1.91394781669146e-13,-0.7233643283695,1.83313303830273e-09,0.999965838490419,0.999999999774867
"517","Ehhadh",1.90660664778736e-13,-0.724173118825958,1.81909761837358e-09,0.999965969520852,0.999999999774867
"1340","Dlg5",1.9007658504782e-13,-0.724818806860691,1.80796925487004e-09,0.99996607377158,0.999999999774867
"1165","Gm13075",1.89381879691411e-13,-0.72558934127303,1.79477761787185e-09,0.999966197767561,0.999999999774867
"485","Gm37422",1.89359872956628e-13,-0.725613795620631,1.79436052516741e-09,0.99996620169548,0.999999999774867
"106","Padi3",1.89165277277884e-13,-0.725830156462607,1.79067447084019e-09,0.999966236428309,0.999999999774867
"2175","Dysf",1.88477135591495e-13,-0.726597029623037,1.77767000762328e-09,0.999966359252759,0.999999999774867
"162","Gm17619",1.88357876754593e-13,-0.726730213690588,1.77542107929067e-09,0.999966380538929,0.999999999774867
"1059","Chic1",1.88355767204148e-13,-0.726732570310497,1.77538131117033e-09,0.999966380915457,0.999999999774867
"299","3930402G23Rik",1.88346383159356e-13,-0.726743053725161,1.77520441355811e-09,0.999966382590388,0.999999999774867
"196","Slc9a2",1.87978410823666e-13,-0.727154541715238,1.76827475555783e-09,0.999966448268723,0.999999999774867
"896","G730003C15Rik",1.87735543440847e-13,-0.727426565407689,1.76370849890965e-09,0.99996649161743,0.999999999774867
"1546","Cyp2ab1",1.87258021527007e-13,-0.727962427265101,1.75474761355552e-09,0.999966576848957,0.999999999774867
"2732","B230354K17Rik",1.8678504434998e-13,-0.72849451896081,1.74589450902006e-09,0.999966661269306,0.999999999774867
"1412","Slc6a20b",1.86483312964804e-13,-0.728834656419456,1.74025845092086e-09,0.999966715124482,0.999999999774867
"233","Gm9484",1.86098805837687e-13,-0.729268892990285,1.73308942415795e-09,0.999966783754064,0.999999999774867
"1798","Fam71e1",1.84415355331356e-13,-0.731180543301403,1.7018761761238e-09,0.999967084228351,0.999999999774867
"876","Ppm1j",1.84020642164596e-13,-0.731631251515021,1.69459875564062e-09,0.99996715467958,0.999999999774867
"334","Kcnma1",1.8357838532898e-13,-0.732137381789689,1.68646328452824e-09,0.999967233616744,0.999999999774867
"2958","Trpt1",1.83369197560565e-13,-0.732377200695221,1.68262202086848e-09,0.999967270954073,0.999999999774867
"210","Asic2",1.82883229306153e-13,-0.732935371623149,1.67371521040539e-09,0.999967357693163,0.999999999774867
"1510","Traf3ip2",1.82797995962938e-13,-0.733033419217538,1.67215549275626e-09,0.999967372906219,0.999999999774867
"1411","Slc35g2",1.82579201005334e-13,-0.733285315021168,1.66815500866181e-09,0.999967411958308,0.999999999774867
"325","Alpk2",1.81823673314104e-13,-0.734157438469187,1.6543776495116e-09,0.999967546810295,0.999999999774867
"818","1700010I14Rik",1.81809848914186e-13,-0.734173429566802,1.6541260881129e-09,0.999967549277772,0.999999999774867
"74","Gm43703",1.81792967871123e-13,-0.734192958001019,1.6538189311844e-09,0.999967552290822,0.999999999774867
"743","Il2rb",1.81791385402766e-13,-0.734194788733661,1.6537901390395e-09,0.999967552573272,0.999999999774867
"154","4933427G17Rik",1.81790867148958e-13,-0.73419538829672,1.65378070974984e-09,0.999967552665773,0.999999999774867
"42","Cygb",1.81788199862985e-13,-0.734198474081954,1.65373218064826e-09,0.99996755314185,0.999999999774867
"895","Tmem51os1",1.81785928890476e-13,-0.734201101407018,1.65369086270943e-09,0.999967553547189,0.999999999774867
"330","Clec2g",1.81785663427539e-13,-0.734201408527525,1.65368603292622e-09,0.999967553594571,0.999999999774867
"93","Susd2",1.81783008071092e-13,-0.734204480598088,1.65363772225402e-09,0.999967554068518,0.999999999774867
"103","Zfp955b",1.81782732676834e-13,-0.734204799213437,1.65363271186286e-09,0.999967554117672,0.999999999774867
"1842","Sh3d21",1.81780814121428e-13,-0.734207018885113,1.65359780679581e-09,0.99996755446011,0.999999999774867
"1126","Gm17300",1.81779578365362e-13,-0.734208448604681,1.65357532437284e-09,0.999967554680676,0.999999999774867
"455","Gm10522",1.81775096989291e-13,-0.734213633455141,1.65349379484554e-09,0.999967555480544,0.999999999774867
"375","Dcdc2c",1.81469992239565e-13,-0.734566929446825,1.64794776094809e-09,0.999967609937822,0.999999999774867
"754","Slc4a5",1.81436893374391e-13,-0.734605291480362,1.64734666733754e-09,0.999967615845544,0.999999999774867
"1804","Lmtk2",1.8140093045594e-13,-0.734646980812882,1.64669368523023e-09,0.999967622264463,0.999999999774867
"327","Bfsp2",1.80713490989177e-13,-0.735445452591248,1.63423666750236e-09,0.999967744963576,0.999999999774867
"2040","Gm26596",1.79552133672359e-13,-0.736801215581584,1.61329928028548e-09,0.999967952250937,0.999999999774867
"805","Dusp14",1.76850509483662e-13,-0.739988830260839,1.56511563515555e-09,0.999968434456145,0.999999999774867
"1127","Cabyr",1.76788230039628e-13,-0.740062877891846,1.56401349110588e-09,0.999968445572226,0.999999999774867
"1570","Bmp7",1.76332131046455e-13,-0.74060594554234,1.55595385056355e-09,0.999968526980036,0.999999999774867
"2686","Park2",1.76124592844884e-13,-0.7408535156426,1.55229337384909e-09,0.999968564022939,0.999999999774867
"676","Ly6h",1.75321569926956e-13,-0.741814150393635,1.53817058242155e-09,0.999968707352213,0.999999999774867
"802","Wnt6",1.73087444151725e-13,-0.744509776531894,1.49921848918823e-09,0.99996910611496,0.999999999774867
"2668","Tnfrsf26",1.7219583851077e-13,-0.745595149363824,1.48381276356517e-09,0.999969265255112,0.999999999774867
"1889","Acvr2b",1.72167763823151e-13,-0.745629415268678,1.48332896344233e-09,0.999969270266083,0.999999999774867
"1361","Gm26780",1.71714513533357e-13,-0.746183383095957,1.47552919546071e-09,0.999969351165437,0.999999999774867
"1581","Tbx2",1.69415772514857e-13,-0.749015318230006,1.43628782888776e-09,0.999969761461175,0.999999999774867
"313","Gm26867",1.68636561217535e-13,-0.749983872565742,1.42310608169343e-09,0.999969900540381,0.999999999774867
"2309","Pcdh19",1.6833861774047e-13,-0.750355380925357,1.41808189702661e-09,0.999969953719464,0.999999999774867
"2236","B630019K06Rik",1.6762103620806e-13,-0.751252807479647,1.40601787343377e-09,0.999970081798548,0.999999999774867
"749","Slc25a27",1.6749207265988e-13,-0.751414494204349,1.40385519380454e-09,0.999970104816885,0.999999999774867
"1266","BC051019",1.6700053238741e-13,-0.75203188535081,1.39562747527425e-09,0.999970192550508,0.999999999774867
"382","Crybb3",1.66954663660197e-13,-0.752089589389032,1.39486092844112e-09,0.999970200737487,0.999999999774867
"320","Hist1h2ao",1.66802454499965e-13,-0.752281184486225,1.39231875529927e-09,0.999970227904866,0.999999999774867
"1354","Fam120c",1.66329500824699e-13,-0.752877622471652,1.38443435441535e-09,0.999970312321021,0.999999999774867
"1809","Zfp820",1.65533057449064e-13,-0.753885799798895,1.37120779276564e-09,0.999970454475931,0.999999999774867
"1395","Plek2",1.65345099413889e-13,-0.754124423856619,1.36809562647961e-09,0.999970488024026,0.999999999774867
"1128","Klf12",1.64970690873486e-13,-0.754600556133066,1.36190679180957e-09,0.99997055485114,0.999999999774867
"662","Gm16499",1.64375869880608e-13,-0.755359180453853,1.35210347089638e-09,0.999970661019045,0.999999999774867
"43","Agap2",1.64258007338408e-13,-0.755509821544665,1.35016516670776e-09,0.999970682055995,0.999999999774867
"685","Nptxr",1.64057676124702e-13,-0.755766111219458,1.346873816833e-09,0.999970717812543,0.999999999774867
"642","9230111E07Rik",1.64018091871352e-13,-0.755816789038991,1.34622394096415e-09,0.999970724877823,0.999999999774867
"678","Gm9888",1.63626901742242e-13,-0.756318260442001,1.33980999608319e-09,0.999970794700235,0.999999999774867
"2222","Gm12589",1.62703256314469e-13,-0.757506999012747,1.32472669864091e-09,0.999970959559078,0.999999999774867
"1102","Zfp518b",1.619333405429e-13,-0.758502982214957,1.31221908398913e-09,0.999971096979151,0.999999999774867
"1571","Dclk2",1.61580330401826e-13,-0.758961207554306,1.30650411841304e-09,0.999971159986926,0.999999999774867
"1374","Ypel1",1.61110525466199e-13,-0.759572571898088,1.29891767830968e-09,0.999971243841071,0.999999999774867
"69","Pdk4",1.60890865070875e-13,-0.759859022639979,1.29537816697513e-09,0.99997128304763,0.999999999774867
"537","Proca1",1.5942371878211e-13,-0.761782218811483,1.27186105802318e-09,0.999971544914393,0.999999999774867
"2110","Cxcr2",1.58252651727181e-13,-0.763329867367883,1.25324445341828e-09,0.999971753934817,0.999999999774867
"371","C330018A13Rik",1.57050396475633e-13,-0.764930525199546,1.23427483253148e-09,0.999971968521933,0.999999999774867
"2038","Spns2",1.56976063218942e-13,-0.765029887162689,1.23310672398105e-09,0.999971981789465,0.999999999774867
"1855","Fat4",1.54288764624913e-13,-0.768653534447615,1.191248598696e-09,0.999972461437738,0.999999999774867
"1636","Amer2",1.54036539889902e-13,-0.768996831700117,1.18735697675841e-09,0.999972506456613,0.999999999774867
"571","Tlr11",1.53440621619564e-13,-0.769810129003526,1.17818773627302e-09,0.999972612820368,0.999999999774867
"144","Sec16b",1.53145059792045e-13,-0.77021466195007,1.1736531881986e-09,0.999972665574357,0.999999999774867
"2883","Fam102a",1.52725827362696e-13,-0.770789784078354,1.16723626543744e-09,0.99997274040196,0.999999999774867
"302","Dzip1",1.52581751245129e-13,-0.770987793706933,1.16503504578653e-09,0.999972766117696,0.999999999774867
"349","2210011C24Rik",1.52291495343032e-13,-0.771387264538284,1.16060677495375e-09,0.999972817924645,0.999999999774867
"661","Il20rb",1.52287935819016e-13,-0.771392168066614,1.16055252163645e-09,0.999972818559974,0.999999999774867
"842","Rpusd2",1.52226692759854e-13,-0.771476552970282,1.15961926983698e-09,0.999972829491074,0.999999999774867
"194","Tnxb",1.51655548523114e-13,-0.772265130438359,1.15093396793715e-09,0.999972931432982,0.999999999774867
"260","Thsd7a",1.50819822121788e-13,-0.773424308970197,1.13828404327411e-09,0.999973080599408,0.999999999774867
"1833","Gm27003",1.50476826086181e-13,-0.773901889224799,1.13311253528211e-09,0.999973141819793,0.999999999774867
"917","BC043934",1.50418384405841e-13,-0.773983369162714,1.13223255737515e-09,0.999973152250883,0.999999999774867
"20","Gal",1.50399992516332e-13,-0.774009017764583,1.13195569463539e-09,0.999973155533599,0.999999999774867
"683","Gm9780",1.50193489592357e-13,-0.774297211058832,1.12884942204742e-09,0.999973192391718,0.999999999774867
"1381","9130221H12Rik",1.49595275979843e-13,-0.77513428215283,1.11987502159571e-09,0.999973299165162,0.999999999774867
"694","Fgf9",1.49279742437906e-13,-0.775577133876007,1.11515581546028e-09,0.999973355483845,0.999999999774867
"1946","Pth1r",1.48595835205243e-13,-0.776540175202272,1.10496131632066e-09,0.9999734775525,0.999999999774867
"1644","Cacna1s",1.48081775952464e-13,-0.777266927116408,1.09732943244941e-09,0.999973569305472,0.999999999774867
"343","D130017N08Rik",1.47657415930963e-13,-0.777868743411242,1.09104917938744e-09,0.999973645048284,0.999999999774867
"604","3110045C21Rik",1.46899639832029e-13,-0.778947655611249,1.07987941190552e-09,0.999973780301582,0.999999999774867
"1689","Fancm",1.45841735334533e-13,-0.780463100917149,1.06438181461449e-09,0.999973969123943,0.999999999774867
"2661","Chil1",1.45384062050747e-13,-0.781122078344238,1.05771191643623e-09,0.999974050812744,0.999999999774867
"295","Mmp2",1.44524640632679e-13,-0.782365055215684,1.04524378922694e-09,0.999974204208426,0.999999999774867
"1596","Tet1",1.4451576021389e-13,-0.782377936925809,1.04511534168513e-09,0.999974205793467,0.999999999774867
"789","Gm9946",1.42510041464019e-13,-0.785307562199825,1.01630656796632e-09,0.999974563788495,0.999999999774867
"1926","Tbc1d2",1.4226373942197e-13,-0.785670119148186,1.01279661082734e-09,0.999974607750245,0.999999999774867
"1284","Gnai1",1.40855964983629e-13,-0.787754317964029,9.92851476259028e-10,0.999974859019896,0.999999999774867
"2199","Bcas1",1.40438624236151e-13,-0.788376135582439,9.86976772555935e-10,0.999974933509857,0.999999999774867
"1783","Chac1",1.40302346270376e-13,-0.788579577850346,9.8506222905515e-10,0.999974957833723,0.999999999774867
"605","Fam151b",1.39989466031324e-13,-0.789047398582689,9.8067366596921e-10,0.999975013678826,0.999999999774867
"832","Kcnd1",1.3897372439182e-13,-0.790573280340008,9.6649406671154e-10,0.999975194975659,0.999999999774867
"1474","Dusp8",1.38924601382446e-13,-0.790647353079801,9.65810934609442e-10,0.999975203743485,0.999999999774867
"2334","Mpdz",1.3750987069558e-13,-0.79279178622855,9.46240531425387e-10,0.999975456254737,0.999999999774867
"126","Gm16229",1.3742012850422e-13,-0.792928549211801,9.45005856579642e-10,0.999975472272565,0.999999999774867
"2202","Tbx18",1.37112247560551e-13,-0.793398415861816,9.40776150619015e-10,0.999975527225358,0.999999999774867
"2185","Zfp94",1.36669609305485e-13,-0.79407576595083,9.34711756621497e-10,0.9999756062306,0.999999999774867
"735","Wnt5b",1.366580039315e-13,-0.794093554235315,9.34553020250025e-10,0.99997560830201,0.999999999774867
"1235","Dcbld1",1.36558456791285e-13,-0.794246197591113,9.33191984763914e-10,0.999975626069896,0.999999999774867
"1282","Ndrg4",1.36051456261383e-13,-0.795025327169738,9.26275524967018e-10,0.999975716562977,0.999999999774867
"1702","Cutal",1.33905933217165e-13,-0.798354450160988,8.97291265913051e-10,0.999976099511275,0.999999999774867
"138","RP23-477O13.1",1.33058944834225e-13,-0.799683189617424,8.85975983902517e-10,0.99997625068782,0.999999999774867
"1497","Amigo3",1.32695948224985e-13,-0.800255206696336,8.81148535538304e-10,0.999976315478051,0.999999999774867
"1915","Parm1",1.32477466473308e-13,-0.800600238704115,8.78249330373766e-10,0.999976354474237,0.999999999774867
"422","Gm16907",1.32282657088005e-13,-0.800908360191516,8.75668281368082e-10,0.999976389245209,0.999999999774867
"1065","Apc2",1.31761122388973e-13,-0.801735456227785,8.68777111612661e-10,0.999976482332453,0.999999999774867
"286","Serac1",1.31631123634635e-13,-0.801942122364919,8.67063643700397e-10,0.99997650553556,0.999999999774867
"729","Gm17435",1.30910350742969e-13,-0.803091638269595,8.57594075774646e-10,0.999976634184261,0.999999999774867
"214","B4galt2",1.30866365975947e-13,-0.803161988726251,8.57017883923848e-10,0.999976642034977,0.999999999774867
"660","Phf21b",1.30562107367303e-13,-0.803649267748972,8.53037457862402e-10,0.99997669634123,0.999999999774867
"2372","Zfp689",1.30537080217148e-13,-0.803689399281489,8.52710455628799e-10,0.999976700808254,0.999999999774867
"454","Sh3gl3",1.30336773433301e-13,-0.80401086879838,8.50095525969684e-10,0.999976736560442,0.999999999774867
"636","Frs3",1.30326449142775e-13,-0.804027451303915,8.49960855065308e-10,0.999976738403195,0.999999999774867
"1201","Abhd11os",1.29932778198615e-13,-0.804660719683791,8.44833737248173e-10,0.999976808668401,0.999999999774867
"1622","BC021614",1.29775421410943e-13,-0.804914376902182,8.42788682485313e-10,0.999976836754566,0.999999999774867
"1713","Zfp960",1.27786570235678e-13,-0.808146782216888,8.17154595105983e-10,0.999977191738949,0.999999999774867
"2836","Nlrc3",1.26489449706803e-13,-0.81028177945658,8.00649442766896e-10,0.999977423258298,0.999999999774867
"352","Wdr31",1.26467882674957e-13,-0.810317459893535,8.00376437232208e-10,0.999977427107736,0.999999999774867
"1911","9530026P05Rik",1.25973477781309e-13,-0.811137051348121,7.94130795443768e-10,0.999977515352658,0.999999999774867
"603","Rasgrf2",1.25502105043169e-13,-0.811921420375709,7.88198891849916e-10,0.999977599486636,0.999999999774867
"112","D130040H23Rik",1.249522772668e-13,-0.812840017874699,7.81307782993163e-10,0.99997769762383,0.999999999774867
"1226","Lck",1.24287848544763e-13,-0.813955412119279,7.73020729177891e-10,0.999977816215821,0.999999999774867
"720","Gm4799",1.24282418421376e-13,-0.813964552011948,7.72953184260306e-10,0.999977817185028,0.999999999774867
"261","Col23a1",1.23969372005515e-13,-0.814492133253343,7.69064211290956e-10,0.999977873059791,0.999999999774867
"1501","Gm26649",1.23793006569808e-13,-0.814789943028676,7.6687754436231e-10,0.999977904538756,0.999999999774867
"1658","Gm12802",1.23000079808077e-13,-0.816134064305354,7.57084902664493e-10,0.999978046065995,0.999999999774867
"900","Dnah12",1.22164210977066e-13,-0.817560260160365,7.46830056637298e-10,0.999978195257843,0.999999999774867
"882","Cd3d",1.21795795217048e-13,-0.818191924736894,7.42332355074784e-10,0.999978261015323,0.999999999774867
"230","Mtcl1",1.21165830824569e-13,-0.819276403237141,7.34673083169192e-10,0.999978373455873,0.999999999774867
"7","Dpys",1.2039289208394e-13,-0.82061463161009,7.25329755076185e-10,0.999978511415508,0.999999999774867
"637","Igsf3",1.19823683603884e-13,-0.821605558713362,7.18487360217347e-10,0.999978613011909,0.999999999774867
"239","A930012L18Rik",1.19800854138668e-13,-0.821645398954126,7.18213605995472e-10,0.999978617086675,0.999999999774867
"2297","Gm11131",1.1755676829093e-13,-0.825598597302045,6.91558743324482e-10,0.999979017627168,0.999999999774867
"174","Arpp21",1.17095731631219e-13,-0.826419970848486,6.86145040093985e-10,0.999979099916289,0.999999999774867
"2099","Ahnak2",1.17039510858694e-13,-0.826520350685579,6.85486325329674e-10,0.999979109950974,0.999999999774867
"1967","Zfp287",1.16866085222838e-13,-0.826830294695628,6.8345636426964e-10,0.999979140905222,0.999999999774867
"1209","Acot6",1.1613515952309e-13,-0.828141598422508,6.74933898360276e-10,0.999979271366069,0.999999999774867
"1099","Plppr2",1.15087632275039e-13,-0.830035153202606,6.62813140689427e-10,0.999979458336225,0.999999999774867
"420","Gm2237",1.13320129948435e-13,-0.833269029089336,6.42610662227793e-10,0.999979773812682,0.999999999774867
"2908","Cd300e",1.13106843207416e-13,-0.83366262315105,6.40193945107221e-10,0.999979811881625,0.999999999774867
"447","Tgm3",1.12091274818302e-13,-0.835546822692325,6.28749157679807e-10,0.999979993147535,0.999999999774867
"16","Tmem26",1.12090382960349e-13,-0.83554848475606,6.2873915239247e-10,0.99997999330672,0.999999999774867
"213","Snai2",1.11418016754544e-13,-0.836805229465312,6.2121888079754e-10,0.99998011331545,0.999999999774867
"1179","Gm340",1.10782253404593e-13,-0.838000455640878,6.14149622172282e-10,0.99998022679104,0.999999999774867
"33","Gm3336",1.10093799554172e-13,-0.839302390415787,6.06540102125817e-10,0.999980349671207,0.999999999774867
"993","4930568A12Rik",1.10078088158359e-13,-0.839332195827158,6.0636699679783e-10,0.999980352475489,0.999999999774867
"1524","Gm7334",1.09905928748531e-13,-0.839659067092495,6.04471793983762e-10,0.999980383203732,0.999999999774867
"971","Xk",1.09874057928136e-13,-0.839719634150116,6.0412127206126e-10,0.999980388892264,0.999999999774867
"130","Gm28873",1.09850005994873e-13,-0.839765353725979,6.03856811197258e-10,0.999980393185225,0.999999999774867
"314","Lat",1.09145209700349e-13,-0.841109479951673,5.96132993076167e-10,0.999980518982309,0.999999999774867
"408","Tcf23",1.08541011249463e-13,-0.842268585201796,5.8955119814514e-10,0.99998062682397,0.999999999774867
"2146","Zfp366",1.07526038310639e-13,-0.844230123192796,5.78576898749948e-10,0.9999808079836,0.999999999774867
"148","Gm37233",1.05018744236718e-13,-0.849155077345035,5.51908955507514e-10,0.999981255503379,0.999999999774867
"1472","Sncaip",1.04561940947876e-13,-0.850064824710631,5.47118086712019e-10,0.999981337036898,0.999999999774867
"582","Il27ra",1.03176761203788e-13,-0.852847634096686,5.32718257357561e-10,0.999981584273686,0.999999999774867
"1082","Fam183b",1.02140516928906e-13,-0.854953629106473,5.2207139984922e-10,0.999981769229976,0.999999999774867
"2303","Trim6",1.01916452260545e-13,-0.855411772814231,5.19783386197165e-10,0.99998180922264,0.999999999774867
"2400","Taf4b",1.01180901411112e-13,-0.856922761504986,5.1230770512225e-10,0.999981940509017,0.999999999774867
"772","Hoga1",1.01158566698458e-13,-0.856968811324375,5.1208155606957e-10,0.999981944495476,0.999999999774867
"589","Gm26935",1.00054753963069e-13,-0.859257238694247,5.0096715848756e-10,0.999982141511868,0.999999999774867
"1443","Brdt",9.96844388619324e-14,-0.86003055659291,4.97265737250313e-10,0.999982207608356,0.999999999774867
"797","Gm28048",9.96805795289436e-14,-0.860038630826796,4.97227234211401e-10,0.999982208297198,0.999999999774867
"418","Dyx1c1",9.96501361707257e-14,-0.860102333156962,4.96923565124631e-10,0.999982213730946,0.999999999774867
"1116","Slc16a12",9.95864188387328e-14,-0.860235722975291,4.96288292112895e-10,0.999982225103671,0.999999999774867
"1105","Syt3",9.84852593329177e-14,-0.862554348704759,4.85373727585979e-10,0.999982421646496,0.999999999774867
"119","Gm26549",9.72497127143512e-14,-0.865186570904321,4.73271610119446e-10,0.999982642175693,0.999999999774867
"388","Ankrd42",9.66873241335121e-14,-0.866395628411484,4.67813641316171e-10,0.99998274255483,0.999999999774867
"506","Prickle2",9.66099694882366e-14,-0.866562472401115,4.67065392614818e-10,0.99998275636164,0.999999999774867
"1316","Creb3l3",9.65609437292338e-14,-0.866668282845851,4.66591478265785e-10,0.999982765112108,0.999999999774867
"2962","Dync2li1",9.60716969403777e-14,-0.86772711708056,4.61875284266537e-10,0.999982852436375,0.999999999774867
"723","Zmiz1os1",9.58378084567693e-14,-0.868235181318896,4.5962913236213e-10,0.999982894182464,0.999999999774867
"1212","Gm12454",9.55171234848885e-14,-0.86893378005774,4.5655832857355e-10,0.999982951420611,0.999999999774867
"294","Adtrp",9.53588973744774e-14,-0.869279321448251,4.55046984580038e-10,0.999982979661939,0.999999999774867
"1024","Etaa1os",9.39680714508479e-14,-0.872341225306204,4.41869908359082e-10,0.999983227906498,0.999999999774867
"491","Fbxl12os",9.35711786623209e-14,-0.873223182549462,4.38145140746306e-10,0.999983298746762,0.999999999774867
"169","Pdgfrl",9.35606262580811e-14,-0.873246681931416,4.38046323482222e-10,0.99998330063023,0.999999999774867
"444","Epcam",9.33937476925647e-14,-0.873618655339335,4.36485082339387e-10,0.99998333041591,0.999999999774867
"607","B230369F24Rik",9.31760781873377e-14,-0.874104828184745,4.34452852631835e-10,0.999983369267121,0.999999999774867
"1933","Zfp316",9.19044899210462e-14,-0.876967541927279,4.22675677451567e-10,0.999983596229289,0.999999999774867
"833","Cyp46a1",9.18139496768296e-14,-0.877172861113542,4.2184328485462e-10,0.99998361238956,0.999999999774867
"257","9830147E19Rik",9.07269044302239e-14,-0.879653674058753,4.11913462044092e-10,0.99998380641317,0.999999999774867
"1075","Cend1",8.99105890705913e-14,-0.881535981763667,4.04534425418359e-10,0.999983952114975,0.999999999774867
"840","Gm4924",8.93984390041111e-14,-0.882725548916212,3.99938920986066e-10,0.999984043527182,0.999999999774867
"324","Btbd8",8.87829088579943e-14,-0.884164159040681,3.94450525898316e-10,0.999984153391405,0.999999999774867
"1379","Kcna6",8.85838815940175e-14,-0.884631427955154,3.92684005407224e-10,0.999984188915214,0.999999999774867
"1192","Mgarp",8.81178523277052e-14,-0.88572961659793,3.88563145965522e-10,0.999984272095451,0.999999999774867
"5","Gimap7",8.7973213740104e-14,-0.886071619237216,3.87288600611143e-10,0.999984297911581,0.999999999774867
"2083","P4htm",8.73193954344441e-14,-0.887624543569973,3.81553322521726e-10,0.999984414609748,0.999999999774867
"2532","4930532G15Rik",8.60222515072252e-14,-0.890739700432732,3.7030144788824e-10,0.999984646133274,0.999999999774867
"831","Slc2a4",8.58553096582855e-14,-0.891143979524379,3.68865567706912e-10,0.99998467593025,0.999999999774867
"1345","Xcr1",8.56296114430089e-14,-0.891691781537799,3.66928753945383e-10,0.999984716214481,0.999999999774867
"17","Rbm24",8.53969582289638e-14,-0.892257956469406,3.64937592653581e-10,0.999984757740091,0.999999999774867
"2675","1110035H17Rik",8.46369986151964e-14,-0.894118017351585,3.58471231242466e-10,0.999984893383118,0.999999999774867
"1168","Zfp536",8.44042692097592e-14,-0.894690935562377,3.56502539132822e-10,0.999984934922327,0.999999999774867
"693","Nos2",8.30923152768653e-14,-0.897950047634328,3.45505941342352e-10,0.999985169089249,0.999999999774867
"1271","Tm4sf5",8.20241605154443e-14,-0.900641214120917,3.36680053775067e-10,0.999985359741151,0.999999999774867
"836","RP23-137A24.6",8.19416091402143e-14,-0.900850634748612,3.36002706631138e-10,0.999985374475511,0.999999999774867
"1196","Atp8a2",8.17642778690825e-14,-0.901301202227911,3.34549981586154e-10,0.999985406126864,0.999999999774867
"1884","Klhl32",8.07700909251523e-14,-0.903845237245434,3.26463733453056e-10,0.999985583576461,0.999999999774867
"828","Gap43",7.95496352313575e-14,-0.907010827541086,3.16672378842135e-10,0.999985801412123,0.999999999774867
"2606","Zfp512b",7.85027809106762e-14,-0.909764524067681,3.08392553256237e-10,0.999985988262169,0.999999999774867
"1836","Abca5",7.72660953811019e-14,-0.913064598226966,2.98752625805407e-10,0.999986208994648,0.999999999774867
"207","Gvin1",7.57834854099377e-14,-0.917090257924173,2.87397476202963e-10,0.99998647362148,0.999999999774867
"2561","Nanos1",7.47964225630171e-14,-0.919813673043024,2.79959656748165e-10,0.999986649799517,0.999999999774867
"1678","Klri2",7.38899419970074e-14,-0.922346150448648,2.73214944281942e-10,0.999986811594652,0.999999999774867
"1304","Lrrc56",7.31483725057926e-14,-0.924440793683492,2.67758419029884e-10,0.999986943955279,0.999999999774867
"329","Btbd16",7.28590456857158e-14,-0.925263711807677,2.65644455869248e-10,0.999986995596399,0.999999999774867
"1666","4732471J01Rik",7.26756955252298e-14,-0.925786875269497,2.64309146882764e-10,0.999987028322047,0.999999999774867
"337","Ccdc63",7.018591017152e-14,-0.933022885477934,2.46509506244806e-10,0.999987472716745,0.999999999774867
"543","Ino80dos",6.93535980618278e-14,-0.935498372207899,2.40697618721014e-10,0.999987621273764,0.999999999774867
"374","Cdkl4",6.8238727352789e-14,-0.938860549478916,2.33021308536546e-10,0.999987820263862,0.999999999774867
"1101","Myocd",6.76793616737706e-14,-0.940567918715982,2.29216727183089e-10,0.99998792010345,0.999999999774867
"1095","Ccl11",6.75964457218535e-14,-0.940822189040025,2.28655431082528e-10,0.999987934902882,0.999999999774867
"820","Zfp850",6.66631816948872e-14,-0.943705541359235,2.22385196873738e-10,0.99998810147852,0.999999999774867
"1290","Thbs3",6.60667855168599e-14,-0.945569047213382,2.18423897747848e-10,0.999988207927576,0.999999999774867
"941","Pcdhb17",6.56094286513916e-14,-0.947009380855216,2.15410223314734e-10,0.999988289559901,0.999999999774867
"1543","Cntn1",6.39654646353258e-14,-0.952269673176816,2.04750474614892e-10,0.999988582986357,0.999999999774867
"576","Ston1",6.3053875306237e-14,-0.955244290215717,1.98956149176379e-10,0.99998874569334,0.999999999774867
"561","Itgae",6.29181257070407e-14,-0.955690879893028,1.98100400209755e-10,0.9999887699229,0.999999999774867
"403","Polh",6.21130273152829e-14,-0.958359181764851,1.93063063344646e-10,0.999988913622619,0.999999999774867
"2008","Dact3",6.094763832254e-14,-0.962282612972743,1.85886376915246e-10,0.999989121629582,0.999999999774867
"1347","Cdk18",5.92455267167828e-14,-0.968147975644719,1.7564869566033e-10,0.999989425434636,0.999999999774867
"700","2010007H06Rik",5.92423305722387e-14,-0.968159144888721,1.75629744576311e-10,0.999989426005106,0.999999999774867
"136","Gm10371",5.87244950960511e-14,-0.969976664175839,1.7257281458575e-10,0.999989518432086,0.999999999774867
"707","Gm5483",5.80759001451791e-14,-0.972275550694258,1.68781832996919e-10,0.999989634197952,0.999999999774867
"1206","Ccdc14",5.64913115671771e-14,-0.978000210882448,1.59697131455648e-10,0.999989917026655,0.999999999774867
"486","Dcdc2a",5.63030426231155e-14,-0.978690869160666,1.58634457961735e-10,0.999989950630243,0.999999999774867
"1100","3300005D01Rik",5.57002578459415e-14,-0.980917582077648,1.5525593483678e-10,0.999990058219581,0.999999999774867
"2314","Runx2os1",5.55380370191789e-14,-0.98152089071594,1.54352920318187e-10,0.999990087173915,0.999999999774867
"1017","Sox11",5.49682901844812e-14,-0.983653667074643,1.51202250698017e-10,0.999990188866405,0.999999999774867
"2965","Zbtb49",5.47573481609925e-14,-0.984448835524494,1.50043993459004e-10,0.999990226516846,0.999999999774867
"546","Sh3tc2",5.18385068840861e-14,-0.995772942614615,1.34474137451393e-10,0.999990747492514,0.999999999774867
"57","Gm19325",4.70906648488161e-14,-1.01560975521464,1.10969452545774e-10,0.99999159492132,0.999999999774867
"386","2210417A02Rik",4.53955646293712e-14,-1.02317336777752,1.03124212188445e-10,0.999991897474931,0.999999999774867
"64","B230322F03Rik",4.52622528743944e-14,-1.02377997184127,1.0251941814565e-10,0.999991921269367,0.999999999774867
"1821","Slc7a3",4.49799635707075e-14,-1.02507029922374,1.01244630120167e-10,0.999991971654381,0.999999999774867
"2043","Tmc4",4.35258924819167e-14,-1.03184589525033,9.48045473974699e-11,0.999992231187389,0.999999999774867
"947","Cpne1",4.31774418422507e-14,-1.03350272595734,9.32926898762165e-11,0.999992293381352,0.999999999774867
"1275","Steap2",4.24827760672145e-14,-1.03684546721507,9.03149354648367e-11,0.999992417370268,0.999999999774867
"1609","Dzip1l",4.14156884566115e-14,-1.04208676975227,8.58348335915641e-11,0.999992607831697,0.999999999774867
"1037","Yjefn3",4.02608430841338e-14,-1.04791131154789,8.11146931071827e-11,0.999992813956759,0.999999999774867
"237","Spag8",3.89411770115367e-14,-1.0547723014697,7.58843026656092e-11,0.999993049500199,0.999999999774867
"585","Rasgrf1",3.37716466642215e-14,-1.08405812333769,5.70739950197159e-11,0.99999397219495,0.999999999774867
"29","Alox12",3.29188896106019e-14,-1.08931051938566,5.42280708144678e-11,0.999994124401129,0.999999999774867
"414","Gm20878",3.26892929439555e-14,-1.09074760585415,5.34742686411694e-11,0.999994165381184,0.999999999774867
"115","Arhgap8",3.26319442986858e-14,-1.0911081145844,5.32868074533307e-11,0.99999417561718,0.999999999774867
"181","Kbtbd8",3.18821653807771e-14,-1.09587976816408,5.08662146794991e-11,0.999994309443084,0.999999999774867
"474","Sele",3.18378227200027e-14,-1.09616542327235,5.07248205968044e-11,0.99999431735768,0.999999999774867
"1320","C130013H08Rik",3.07625187401638e-14,-1.10321534582535,4.73562802408342e-11,0.999994509285625,0.999999999774867
"366","4930515G01Rik",2.96870145151262e-14,-1.11051394014931,4.41028696798344e-11,0.999994701249312,0.999999999774867
"279","P2rx5",2.88889159858927e-14,-1.11610053514586,4.17634426357497e-11,0.999994843699646,0.999999999774867
"889","Bend7",2.87384650996085e-14,-1.11717070085081,4.13295748223729e-11,0.999994870553196,0.999999999774867
"872","Plcd3",2.77055426792601e-14,-1.12467059698362,3.8412017842139e-11,0.999995054916578,0.999999999774867
"557","Slc24a2",2.76763262050281e-14,-1.12488672075318,3.83310468964275e-11,0.999995060131343,0.999999999774867
"109","Mrgprf",2.64662550372591e-14,-1.13404148842657,3.50524828693573e-11,0.9999952761135,0.999999999774867
"1519","Ak4",2.51291838956104e-14,-1.1446498836951,3.16002536328357e-11,0.999995514763521,0.999999999774867
"416","Bmp4",2.48309449580174e-14,-1.14709197049993,3.08546265180603e-11,0.99999556799534,0.999999999774867
"618","Ank1",2.45833821229024e-14,-1.14914117129541,3.02424563914533e-11,0.999995612182125,0.999999999774867
"1731","Mmp15",2.29431843004026e-14,-1.16325484321135,2.63415415462437e-11,0.999995904936364,0.999999999774867
"709","Kcnc3",2.27790394063066e-14,-1.16472166592583,2.59659735979285e-11,0.999995934234119,0.999999999774867
"333","Gm12002",2.24611904491627e-14,-1.16759187974069,2.524639308599e-11,0.999995990966074,0.999999999774867
"45","Orc1",2.23786448696427e-14,-1.16834382712505,2.50611714869615e-11,0.9999960056994,0.999999999774867
"2283","Mbnl3",2.22628221337769e-14,-1.16940353580454,2.48024299959126e-11,0.99999602637227,0.999999999774867
"1070","Abcc6",2.19340328894284e-14,-1.17244164469223,2.40752485853452e-11,0.999996085056926,0.999999999774867
"1551","Epm2a",2.1851510762931e-14,-1.1732112224689,2.38944333768648e-11,0.999996099786065,0.999999999774867
"298","Angpt1",2.01664862958585e-14,-1.18958543895306,2.0351399074422e-11,0.999996400541284,0.999999999774867
"151","Ly6g6d",1.95261980339118e-14,-1.19616378968648,1.90795961775385e-11,0.999996514824513,0.999999999774867
"402","Gm21781",1.93093035911122e-14,-1.19844049133042,1.86580830125723e-11,0.999996553537385,0.999999999774867
"456","Ccdc108",1.83211391200773e-14,-1.20914281353984,1.67972715953404e-11,0.999996729912047,0.999999999774867
"199","Cfap77",1.7275989281645e-14,-1.22110025020726,1.49354960467637e-11,0.999996916457866,0.999999999774867
"570","Adamtsl2",1.61239222724847e-14,-1.23513697064653,1.30099369304065e-11,0.999997122087026,0.999999999774867
"59","4930578M01Rik",1.53197930809267e-14,-1.24553334414325,1.17446370013165e-11,0.999997265613755,0.999999999774867
"976","Glra1",1.20447344536269e-14,-1.29431151410471,7.25986021655362e-12,0.999997850169644,0.999999999774867
"300","Jph4",9.64634383343049e-15,-1.33919826928121,4.65649643720308e-12,0.999998278251557,0.999999999774867
"361","Tcte2",9.63146613609977e-15,-1.33950979768037,4.6421439485057e-12,0.999998280907035,0.999999999774867
"1274","Kcna3",8.51992584951176e-15,-1.36423846680152,3.63249838133801e-12,0.999998479302695,0.999999999774867
"668","Rnase12",8.20420494480689e-15,-1.37184461837079,3.36826925222014e-12,0.999998535654821,0.999999999774867
"1806","Pex26",7.64109899351371e-15,-1.38615643571904,2.92176613961817e-12,0.999998636161998,0.999999999774867
"612","Gm26703",6.44803777109318e-15,-1.42026858169451,2.08060168068272e-12,0.999998849108099,0.999999999774867
"220","Rbp7",6.16370805662995e-15,-1.42931665462611,1.90115672363684e-12,0.9999988998573,0.999999999774867
"96","Ccdc96",6.14331266180535e-15,-1.42998141896096,1.88859587887862e-12,0.999998903497616,0.999999999774867
"301","Zfp185",5.87148087770297e-15,-1.43905541047118,1.7251588919293e-12,0.999998952016097,0.999999999774867
"1147","Chst10",5.1112959088587e-15,-1.46681946196924,1.3073619714667e-12,0.999999087699347,0.999999999774867
"140","Ankrd29",5.08026470207438e-15,-1.46803760842235,1.29153589876817e-12,0.999999093238019,0.999999999774867
"1697","Meig1",4.75869255733382e-15,-1.48111155611041,1.13320659735468e-12,0.999999150634516,0.999999999774867
"341","Cacna2d1",3.42642723915286e-15,-1.54660083923454,5.87512115891931e-13,0.999999388426759,0.999999999774867
"297","Hist1h4m",2.0873065059158e-15,-1.64485630788567,2.1802497878109e-13,0.999999627442605,0.999999999774867
"338","Gfra4",1.39443436987115e-15,-1.72432050339905,9.73038348730766e-14,0.99999975111138,0.999999999774867
"315","Trp53cor1",1.39217143378843e-15,-1.72463954319324,9.69882751080474e-14,0.999999751515285,0.999999999774867
"304","0610038B21Rik",1.37906995230409e-15,-1.72649676417704,9.51713854076714e-14,0.999999753853731,0.999999999774867
"223","Iqcd",1.37411370015408e-15,-1.72720388437865,9.44885400289136e-14,0.999999754738358,0.999999999774867
"76","Gm16104",1.37136996373969e-15,-1.72759642191627,9.41115802183885e-14,0.99999975522808,0.999999999774867
"1094","Spink10",1.03625177739554e-15,-1.78251727695668,5.37358813432495e-14,0.999999815042371,0.999999999774867
"516","B230398E01Rik",9.07629208734297e-17,-2.25084110822768,4.12240566834183e-16,0.999999983799985,0.999999999774867
"507","Gm10874",7.58832320072177e-17,-2.28465050415127,2.88154522040428e-16,0.999999986455818,0.999999999774867
"278","Gm26674",6.92334952517902e-17,-2.30193464821262,2.39864686324401e-16,0.999999987642711,0.999999999774867
"644","Lrrc27",6.89690931853605e-17,-2.30265528277325,2.38036102719495e-16,0.999999987689903,0.999999999774867
"966","Mark1",6.62681345986084e-17,-2.31017691509517,2.19757289953936e-16,0.999999988171989,0.999999999774867
"145","Iqub",6.56492130490173e-17,-2.31194303192967,2.15671544423335e-16,0.999999988282459,0.999999999774867
"907","Gm6277",6.31152758870882e-17,-2.31934913954027,1.9934381673595e-16,0.999999988734734,0.999999999774867
"421","1810049J17Rik",6.22896406734724e-17,-2.321825730444,1.94162542606786e-16,0.999999988882099,0.999999999774867
"487","BC037039",6.10693515244063e-17,-2.32554604944348,1.86629553116079e-16,0.999999989099905,0.999999999774867
"58","F2r",5.96109048225293e-17,-2.3300898137553,1.77821892208097e-16,0.999999989360219,0.999999999774867
"469","Gm26767",5.88313548734977e-17,-2.33256364591333,1.73201440544018e-16,0.999999989499359,0.999999999774867
"404","3110021N24Rik",5.84053365816003e-17,-2.33392926986848,1.70702099047637e-16,0.999999989575398,0.999999999774867
"437","Gm26620",5.8146202469518e-17,-2.33476475007055,1.69190709554401e-16,0.99999998962165,0.999999999774867
"85","Ager",5.73864526513299e-17,-2.33723560603474,1.64798235969853e-16,0.999999989757255,0.999999999774867
"652","6030445D17Rik",5.58080211238006e-17,-2.34247377008974,1.55857263222537e-16,0.999999990038985,0.999999999774867
"8","Cd79a",5.48859213801127e-17,-2.34560185791291,1.50749443551247e-16,0.999999990203568,0.999999999774867
"871","Gm16867",5.37504795209359e-17,-2.34952564902459,1.44576759199164e-16,0.99999999040623,0.999999999774867
"200","Nipal2",5.20316138145886e-17,-2.35562391038637,1.35477879912251e-16,0.999999990713025,0.999999999774867
"417","Mettl5os",5.12872240535274e-17,-2.35832677101278,1.31629183076366e-16,0.999999990845889,0.999999999774867
"94","Gpihbp1",4.89690680554106e-17,-2.36699876758232,1.19998958631831e-16,0.99999999125965,0.999999999774867
"483","Gm9934",4.80109550810242e-17,-2.37070180705888,1.1534917436132e-16,0.999999991430661,0.999999999774867
"6","Fcmr",4.75283234173801e-17,-2.3725948324732,1.13041728248269e-16,0.999999991516805,0.999999999774867
"131","Zfp78",4.73522245638427e-17,-2.37329026771852,1.12205610365361e-16,0.999999991548236,0.999999999774867
"641","B3gnt9",4.55826684402533e-17,-2.38042352181174,1.03976044148645e-16,0.999999991864079,0.999999999774867
"1132","Lonrf3",4.51186789751894e-17,-2.38233910401143,1.01870057283963e-16,0.999999991946895,0.999999999774867
"1494","Capn3",4.48442919156952e-17,-2.38348107246934,1.00634789219131e-16,0.99999999199587,0.999999999774867
"849","Cplx2",4.41405913450165e-17,-2.38644158533944,9.75012297759265e-17,0.999999992121472,0.999999999774867
"41","Nfe2l3",4.00855286374388e-17,-2.40446477108915,8.04098089096462e-17,0.999999992845248,0.999999999774867
"838","Ldoc1l",3.98305032647853e-17,-2.40565761367906,7.93899241506563e-17,0.999999992890767,0.999999999774867
"1153","Spef2",3.7543099276955e-17,-2.41670626883238,7.05332739652609e-17,0.999999993299039,0.999999999774867
"739","Myl2",3.71502512902857e-17,-2.41867038597731,6.90648878393266e-17,0.999999993369157,0.999999999774867
"73","Zfp239",3.69579429637633e-17,-2.41963934591109,6.83517095411742e-17,0.999999993403482,0.999999999774867
"312","Gimap3",3.56248493809544e-17,-2.42649614161042,6.35096724801995e-17,0.999999993641422,0.999999999774867
"710","Spag1",3.22703895521205e-17,-2.44493651514872,5.21125368717667e-17,0.99999999424015,0.999999999774867
"380","Lrrc16b",3.1454612518685e-17,-2.44970674323468,4.9511088974651e-17,0.999999994385756,0.999999999774867
"238","Zfp947",3.10672768174719e-17,-2.45201454855315,4.82992262674997e-17,0.99999999445489,0.999999999774867
"706","Areg",3.10661577792441e-17,-2.4520212569682,4.82957468697095e-17,0.99999999445509,0.999999999774867
"243","4921536K21Rik",2.96431427270751e-17,-2.46075079771733,4.39726146107061e-17,0.99999999470908,0.999999999774867
"1009","Ccdc30",2.83746571942866e-17,-2.46888800309837,4.02897939254191e-17,0.999999994935488,0.999999999774867
"113","Fzd8",2.77135888297603e-17,-2.47327201370909,3.84343320598771e-17,0.99999999505348,0.999999999774867
"451","Bace2",2.59960103365252e-17,-2.48516314956821,3.38179440534195e-17,0.999999995360046,0.999999999774867
"182","0610039K10Rik",2.59940805756336e-17,-2.48517694065639,3.38129234273479e-17,0.999999995360391,0.999999999774867
"2","Ms4a1",2.57919379056482e-17,-2.48662717875374,3.32890765986389e-17,0.99999999539647,0.999999999774867
"1145","Rfx2",2.53351897879485e-17,-2.48994574448511,3.21204871504657e-17,0.999999995477994,0.999999999774867
"53","Tigd5",2.49071189722128e-17,-2.49310994364266,3.10442226697768e-17,0.999999995554399,0.999999999774867
"156","Smim10l2a",2.39047606100879e-17,-2.5007340502937,2.85958227963002e-17,0.999999995733307,0.999999999774867
"67","4930579C12Rik",2.31729470140454e-17,-2.50650212600673,2.68717738931537e-17,0.999999995863927,0.999999999774867
"149","Gm26785",2.29924470557793e-17,-2.50795241702364,2.64547821532023e-17,0.999999995896144,0.999999999774867
"902","Olfr56",2.27096677746415e-17,-2.51024723245655,2.58080600820819e-17,0.999999995946616,0.999999999774867
"224","Tmem170",2.24016432726323e-17,-2.51277920084344,2.51127083953911e-17,0.999999996001595,0.999999999774867
"521","Wnt7a",2.22511169592646e-17,-2.51402904366187,2.47763559924072e-17,0.999999996028461,0.999999999774867
"728","Adgrv1",2.06898021058449e-17,-2.5275080661764,2.14213320317391e-17,0.999999996307136,0.999999999774867
"235","4930480K23Rik",1.96098683468669e-17,-2.53743151947414,1.9243459729581e-17,0.99999999649989,0.999999999774867
"755","Astn1",1.92978576730729e-17,-2.54039904305137,1.86359697765777e-17,0.99999999655558,0.999999999774867
"48","Gm26564",1.91652084545577e-17,-2.54167502339298,1.83806512104998e-17,0.999999996579257,0.999999999774867
"14","Fam212b",1.8970673017679e-17,-2.54356213738039,1.80094013380492e-17,0.999999996613979,0.999999999774867
"262","Sh2d2a",1.88137683436329e-17,-2.54509816308055,1.77127251528671e-17,0.999999996641984,0.999999999774867
"37","Stac3",1.79069535389645e-17,-2.55423073737678,1.6046385183896e-17,0.999999996803839,0.999999999774867
"835","Mterf1b",1.74443444138117e-17,-2.55906690288293,1.522800829102e-17,0.999999996886409,0.999999999774867
"36","Sv2c",1.67633752800681e-17,-2.56642096667245,1.40623121699905e-17,0.999999997007953,0.999999999774867
"133","Sp6",1.65411179890195e-17,-2.56888510197644,1.36918936891403e-17,0.999999997047623,0.999999999774867
"193","RP23-335G1.1",1.64910602536504e-17,-2.56944458819548,1.36091486033109e-17,0.999999997056558,0.999999999774867
"599","Tldc1",1.64366712249546e-17,-2.57005438576188,1.35195281958922e-17,0.999999997066265,0.999999999774867
"974","Olfml2a",1.64073974956125e-17,-2.57038342033882,1.34714144904963e-17,0.99999999707149,0.999999999774867
"1115","Gpr150",1.59382629221111e-17,-2.5757369288133,1.27120552849216e-17,0.999999997155225,0.999999999774867
"354","Gm44029",1.5783607263279e-17,-2.57753587900888,1.24665513833728e-17,0.999999997182829,0.999999999774867
"1170","Shcbp1l",1.52730147558433e-17,-2.5836009834318,1.16730230221128e-17,0.999999997273963,0.999999999774867
"651","Grip2",1.52673598174569e-17,-2.58366926936504,1.166438058882e-17,0.999999997274972,0.999999999774867
"198","Slc18a2",1.47304011735966e-17,-2.59026960524907,1.085832781307e-17,0.999999997370813,0.999999999774867
"1604","Zfp867",1.41371776992707e-17,-2.59784321144886,1.00013639898829e-17,0.999999997476695,0.999999999774867
"799","Zfp873",1.38247624001067e-17,-2.60195872065162,9.56421105967772e-18,0.999999997532457,0.999999999774867
"1820","Ism1",1.38206472611204e-17,-2.60201353990073,9.5585180576686e-18,0.999999997533192,0.999999999774867
"930","Galnt3",1.37781807357456e-17,-2.60258019364363,9.4998676321232e-18,0.999999997540772,0.999999999774867
"55","Slc9a4",1.11805281269352e-17,-2.64099077409398,6.25544826100755e-18,0.999999998004419,0.999999999774867
"117","Pde4c",1.09325257480356e-17,-2.64510831150201,5.98101397387726e-18,0.999999998048685,0.999999999774867
"273","Nck2",9.38462839091705e-18,-2.67309819767628,4.40725277507201e-18,0.999999998324964,0.999999999774867
"616","Gsto2",9.35383479273052e-18,-2.67370010778801,4.37837736186531e-18,0.999999998330461,0.999999999774867
"226","Gm10655",8.56131078770868e-18,-2.68990331608977,3.66787329752974e-18,0.999999998471916,0.999999999774867
"26","Foxc2",8.35399234287155e-18,-2.69438623884874,3.49238363988327e-18,0.99999999850892,0.999999999774867
"717","9430037G07Rik",7.60213974796668e-18,-2.71161867182843,2.8920480020254e-18,0.999999998643116,0.999999999774867
"258","Pla2r1",7.3813012209325e-18,-2.71700059862402,2.72646330325727e-18,0.999999998682533,0.999999999774867
"1071","Hecw2",6.40188008938629e-18,-2.74295869161242,2.05092070733312e-18,0.999999998857347,0.999999999774867
"504","Ptpru",5.54901579701461e-18,-2.7689764741569,1.54086901356052e-18,0.999999999009572,0.999999999774867
"379","4933423P22Rik",5.50324638462809e-18,-2.77048210396511,1.51555504042842e-18,0.999999999017741,0.999999999774867
"762","Cd300lh",5.32565131191528e-18,-2.77644355720713,1.419316514461e-18,0.99999999904944,0.999999999774867
"670","8030462N17Rik",5.2319144897679e-18,-2.77966960291276,1.36979341447126e-18,0.99999999906617,0.999999999774867
"227","Zfp334",4.9206927071352e-18,-2.79080486677754,1.21167539385348e-18,0.99999999912172,0.999999999774867
"468","Tex14",4.50376816298682e-18,-2.8068632007748,1.01504630011387e-18,0.999999999196135,0.999999999774867
"340","Zbtb32",4.39844704937812e-18,-2.81115176727503,9.68127453118308e-19,0.999999999214934,0.999999999774867
"964","Pcdhb22",3.48503616395343e-18,-2.85326292504731,6.07782760816101e-19,0.999999999377966,0.999999999774867
"498","Gm16794",1.26133854674989e-18,-3.03552268690211,7.96154099135583e-20,0.999999999774867,0.999999999774867
