"","gene","distance","Z","FC","p.value","p.adj"
"3001","Pparg",2.91792563680449e-06,3.6356684283239,97038.9376279521,0,0
"1936","Elane",3.85135599324452e-07,3.20802360089242,1690.53793753746,0,0
"2764","Gm15635",9.01748829192299e-08,2.90880836490657,92.676317353721,6.15861527946226e-22,6.16066815122208e-19
"1991","Hist1h4m",5.71615221945834e-08,2.81610565722778,37.239613477262,1.04469925816076e-09,7.8378561843511e-07
"2294","Hist1h2af",5.59442547372408e-08,2.81174305168952,35.6704492718304,2.33681966560139e-09,1.02105367092064e-06
"2430","Stfa1",5.5374850224965e-08,2.80967011373404,34.9480318613481,3.38623509449476e-09,1.02105367092064e-06
"1906","Fcnb",5.51229988405895e-08,2.80874652721821,34.6308591896748,3.98538051659562e-09,1.02105367092064e-06
"1315","Hist1h2bk",5.49953645904249e-08,2.80827687858311,34.4706731835226,4.3272224478258e-09,1.02105367092064e-06
"1287","Ms4a3",5.49552357895752e-08,2.80812899679006,34.4203866867856,4.4404769188223e-09,1.02105367092064e-06
"1758","Ulbp1",5.48233324952588e-08,2.80764215834554,34.2553536852004,4.83343942129058e-09,1.02105367092064e-06
"1238","Fbp1",5.48141562933491e-08,2.8076082471862,34.2438874819855,4.86200163310989e-09,1.02105367092064e-06
"1545","4930438A08Rik",5.47964023092781e-08,2.80754262046625,34.2217082853777,4.9177303994424e-09,1.02105367092064e-06
"2453","Prss57",5.4679758394437e-08,2.80711092997514,34.0761693346897,5.29963468538642e-09,1.02105367092064e-06
"2055","Adtrp",5.46558258586762e-08,2.80702224518025,34.0463465742202,5.3814856207157e-09,1.02105367092064e-06
"1660","Depdc1a",5.4488616905589e-08,2.80640156260148,33.8383487703742,5.98866703342701e-09,1.02105367092064e-06
"2783","Cep72",5.42057654052294e-08,2.80534732495052,33.48794951107,7.17068933906042e-09,1.02105367092064e-06
"269","Hist1h2ad",5.42051703464975e-08,2.80534510134869,33.4872142687118,7.17340054607793e-09,1.02105367092064e-06
"588","Polq",5.41845174887257e-08,2.80526791130553,33.4617010228873,7.26811930809544e-09,1.02105367092064e-06
"351","Gm16576",5.41790833835466e-08,2.8052475965202,33.454989685654,7.29324278451186e-09,1.02105367092064e-06
"1791","Rtkn2",5.41790833178818e-08,2.80524759627471,33.4549896045594,7.29324308860925e-09,1.02105367092064e-06
"171","Depdc1b",5.41790832679867e-08,2.80524759608818,33.45498954294,7.29324331967636e-09,1.02105367092064e-06
"42","Hist1h3g",5.41381481462932e-08,2.80509450018291,33.4044546638937,7.48523184280373e-09,1.02105367092064e-06
"2543","E2f8",5.30313812175106e-08,2.80091138180187,32.0526152923263,1.50052954646776e-08,1.95770668149218e-06
"2206","Ogdhl",5.29630719398513e-08,2.80065038829706,31.9700950631724,1.56564346403906e-08,1.95770668149218e-06
"2680","Ncapg",5.12702301943581e-08,2.79407413754526,29.9590562594405,4.41266105409392e-08,5.29695832933434e-06
"1555","Orm1",5.01715123507242e-08,2.78969032481098,28.6887732994795,8.49950441301997e-08,9.81038951672036e-06
"1706","Hist1h2ag",4.60100630789035e-08,2.77218137571,24.1269959425014,9.0187079629736e-07,0.000100241268877347
"2644","Sgol2a",4.24928694240638e-08,2.75611943365587,20.5792579739096,5.72126496560486e-06,0.000613197005777864
"2913","Esco2",4.08525110637942e-08,2.74817464926656,19.0210771195771,1.29282500236765e-05,0.00133785097658804
"2671","Neil3",3.81644377828235e-08,2.7344490796173,16.6002768794469,4.61442843366015e-05,0.00461596657647137
"1881","Kif4",3.76825624990076e-08,2.73188814679558,16.1837235075722,5.74859357370722e-05,0.00556500945635335
"1149","Mpo",3.24126274979985e-08,2.70156066189772,11.9736365143377,0.00053958534722514,0.0506029883444577
"1588","Foxm1",2.6244862461641e-08,2.65917577766613,7.85029895999194,0.00508123040345892,0.402284439875574
"2347","Bub1",2.61636243793411e-08,2.65855418648944,7.80177470485905,0.00521949455396839,0.402284439875574
"2572","Cldn15",2.57342026470086e-08,2.65523653002223,7.54777641788755,0.00600841716574253,0.402284439875574
"2199","Grip2",2.55853336298703e-08,2.65407363246996,7.46070319122734,0.00630603684894422,0.402284439875574
"1140","Fancd2",2.55803539648168e-08,2.6540346183593,7.45779932543679,0.00631621767947572,0.402284439875574
"432","Gucy2g",2.55701391357237e-08,2.65395456494286,7.45184436989749,0.00633714801404726,0.402284439875574
"2605","Susd2",2.53172720324993e-08,2.65196273307044,7.30518821829278,0.00687557944564399,0.402284439875574
"193","Mfsd6l",2.52822569727666e-08,2.651685374789,7.28499530689435,0.00695329125694316,0.402284439875574
"2936","Sgol1",2.5185939734268e-08,2.65092047664566,7.22959407733788,0.0071711420139166,0.402284439875574
"2691","Tomm6os",2.51692347854557e-08,2.65078752176967,7.22000698636402,0.00720954270467355,0.402284439875574
"2725","Vwa3b",2.51002041854272e-08,2.65023718223034,7.18045727844174,0.00737019206725954,0.402284439875574
"713","Gm26887",2.50546104942865e-08,2.64987287215265,7.15439484418531,0.00747805214964812,0.402284439875574
"1447","Tigd4",2.50457160833265e-08,2.64980172640152,7.14931611164304,0.00749925774719559,0.402284439875574
"1794","Tmem132c",2.5031465597613e-08,2.64968768584798,7.14118280512195,0.00753334544748246,0.402284439875574
"1518","Gm44000",2.50174938121149e-08,2.64957581344818,7.1332130577418,0.0075669013015365,0.402284439875574
"925","C1qtnf3",2.50141720838907e-08,2.64954920723195,7.13131894138612,0.00757489874341052,0.402284439875574
"2616","Gm5786",2.50060834169628e-08,2.64948440445078,7.12670767244483,0.00759440483970533,0.402284439875574
"593","Gm29642",2.50005972320648e-08,2.64944043982744,7.12358090154099,0.00760766057832788,0.402284439875574
"639","Gm15551",2.49888236160154e-08,2.64934605751514,7.11687301716614,0.00763617807167106,0.402284439875574
"1687","Tigd3",2.49888103512605e-08,2.64934595115449,7.11686546150423,0.00763621025489664,0.402284439875574
"738","Ldlrad2",2.49888103086197e-08,2.64934595081259,7.11686543721587,0.00763621035835279,0.402284439875574
"1250","Ccdc158",2.49888102951565e-08,2.64934595070464,7.11686542954715,0.00763621039101763,0.402284439875574
"2174","Gm43703",2.49888102946723e-08,2.64934595070075,7.11686542927137,0.00763621039219234,0.402284439875574
"118","Gm26704",2.49888102533771e-08,2.64934595036964,7.11686540574946,0.00763621049238374,0.402284439875574
"366","Ccdc150",2.49868954907985e-08,2.64933059666552,7.11577479076373,0.00764085740516751,0.402284439875574
"2692","Lect1",2.48156622722501e-08,2.64795283500298,7.01858128182689,0.00806681218367063,0.413210359158619
"1984","Lrr1",2.47933854003827e-08,2.64777290412487,7.00598586075396,0.00812376247596086,0.413210359158619
"2066","Gm32950",2.46560829244993e-08,2.64666037707367,6.9286042814813,0.00848278623493563,0.424280691517364
"1167","D430019H16Rik",2.35321292641284e-08,2.63731664851258,6.3113177320587,0.0119969640964779,0.590211299238198
"2173","Gm29095",2.31026687399525e-08,2.63362974954222,6.08305713776512,0.0136484379361173,0.660628423327224
"1782","Gm16083",2.2884637287779e-08,2.63173201555254,5.96878122201302,0.014561341631071,0.693628352934033
"2622","Mxd3",2.23597901484781e-08,2.62708965717044,5.69813901592487,0.0169829105102132,0.796339288142964
"11","Il17b",2.1801846836317e-08,2.62203522975333,5.41731591313266,0.0199379876317812,0.920521552045774
"701","Gm15489",2.15277719704527e-08,2.61950547349522,5.28196796621006,0.0215473799860656,0.979752838457315
"774","Gm43549",2.12769650682519e-08,2.6171625019932,5.15961094054424,0.0231180754462697,0.999999999998216
"907","Cntf",1.99457823723928e-08,2.6042522746329,4.53419032747992,0.0332241704267157,0.999999999998216
"2224","Pcdhb9",1.97989276078446e-08,2.60277631762599,4.46766837810587,0.0345420976331311,0.999999999998216
"848","Sbpl",1.96809390105539e-08,2.60158263740341,4.41457830680367,0.0356330849677877,0.999999999998216
"759","Gm15579",1.91785892003824e-08,2.59642015733991,4.1920929872182,0.0406129276015916,0.999999999998216
"1374","Zbbx",1.91752939971145e-08,2.59638585536415,4.19065256721179,0.0406474480197251,0.999999999998216
"2354","Ces5a",1.90191253799094e-08,2.59475349090297,4.12267098455246,0.0423122245845003,0.999999999998216
"2407","Reep6",1.89216289971252e-08,2.59372768822024,4.08051181391424,0.0433805168087151,0.999999999998216
"2460","Ttc29",1.88690407858157e-08,2.59317221859632,4.05786168999584,0.0439661396983983,0.999999999998216
"1850","Barhl2",1.87006896521337e-08,2.59138366748605,3.98577555876402,0.0458859719529312,0.999999999998216
"252","Zfp85os",1.8617984999014e-08,2.59049919533121,3.95059896770582,0.0468546875812077,0.999999999998216
"2526","6030443J06Rik",1.85708802869322e-08,2.58999370810831,3.9306337120967,0.0474140740600352,0.999999999998216
"2982","Ucma",1.85594089700101e-08,2.58987041639317,3.92577927134735,0.0475511474318834,0.999999999998216
"2500","D030047H15Rik",1.85215348146833e-08,2.58946281734089,3.90977295746756,0.0480060823700604,0.999999999998216
"2186","Sbp",1.85183317219836e-08,2.58942830819658,3.90842077122004,0.0480447242974254,0.999999999998216
"2843","Gxylt2",1.85124007711638e-08,2.58936439439975,3.90591763652754,0.0481163439502622,0.999999999998216
"1883","Tspan1",1.84991232817107e-08,2.58922123876371,3.90031683055595,0.048277002521266,0.999999999998216
"2701","Cbx2",1.84779208700623e-08,2.58899242777347,3.8913814089727,0.0485344874297985,0.999999999998216
"1510","Gm12500",1.84538979038879e-08,2.58873286505782,3.88126969166922,0.0488276181385571,0.999999999998216
"1948","Gm17092",1.83579042881576e-08,2.58769233953045,3.84099548226958,0.0500138185193916,0.999999999998216
"1030","Lamc2",1.71420197493681e-08,2.57402742518356,3.34904957300533,0.0672438281990674,0.999999999998216
"2385","Tchh",1.48015344862904e-08,2.5447981175523,2.49695707538723,0.114066502320074,0.999999999998216
"2648","Cep55",1.24957378678471e-08,2.51115527223071,1.77959593914941,0.182198950609171,0.999999999998216
"2409","Hist1h2ai",9.29699680857355e-09,2.4526013991849,0.985105984885897,0.320941463497686,0.999999999998216
"2802","Hmmr",8.88814294873497e-09,2.4437170105904,0.900367179145849,0.342683276011218,0.999999999998216
"2728","Pgbd1",7.77177311800114e-09,2.41723541007486,0.688395180693106,0.406710776189511,0.999999999998216
"1872","Spock3",7.76452656172155e-09,2.41705153180347,0.687112032392729,0.407148426014211,0.999999999998216
"1331","Gm13152",7.72873926124098e-09,2.41614095591965,0.680792724644504,0.409313885860849,0.999999999998216
"1356","Tfr2",7.71010383089217e-09,2.41566514666682,0.677513646446716,0.410444208005772,0.999999999998216
"2763","4921504A21Rik",6.84186760578153e-09,2.39213799523796,0.533515358302058,0.465132667911393,0.999999999998216
"2533","Zfat",6.82710613755155e-09,2.39171302279333,0.531215701330639,0.466096201419475,0.999999999998216
"2792","Lrfn1",6.76305683188551e-09,2.38985853202421,0.521295129988484,0.470289738719669,0.999999999998216
"2960","Gm29157",6.74545897095973e-09,2.38934596864074,0.518585779998554,0.47144557218673,0.999999999998216
"2570","Pkd2l2",6.05818535613e-09,2.36822207876175,0.418295032933305,0.517789017958475,0.999999999998216
"2227","4933406C10Rik",5.99652124981286e-09,2.3662126084686,0.409823018629831,0.522059347769489,0.999999999998216
"2239","Rasgrf2",5.39070552135522e-09,2.34531100379145,0.331198842475909,0.564954017458553,0.999999999998216
"2789","Casc5",1.17898596578244e-09,2.0503768636212,0.0158421771271754,0.899838225673686,0.999999999998216
"2162","Fam64a",9.56980347143919e-10,2.01038445194512,0.0104376716815711,0.918625768684395,0.999999999998216
"1932","Hs3st6",9.50869504623272e-10,2.00915831029889,0.0103047968037039,0.91914359948755,0.999999999998216
"1663","Wnt11",9.40310234519331e-10,2.00702116333147,0.0100772009743239,0.920038469297285,0.999999999998216
"1502","Aoc1",9.40303155005255e-10,2.00701972254804,0.0100770492341536,0.920039069301205,0.999999999998216
"2813","Pvalb",9.3782024196677e-10,2.00651375303722,0.0100239016869995,0.920249504283158,0.999999999998216
"2807","Ttll8",9.3144965001749e-10,2.00520948341525,0.00988817995500946,0.920789458250921,0.999999999998216
"2761","Dthd1",9.2104235731017e-10,2.00305972834878,0.00966844876585922,0.921671630391979,0.999999999998216
"2287","4930578M01Rik",9.1111189860468e-10,2.00098602164518,0.00946108687739784,0.922513473665426,0.999999999998216
"1589","Ccdc142-1",9.09151806453286e-10,2.00057407723865,0.0094204230369083,0.922679648523211,0.999999999998216
"1628","Hist1h4a",9.0582823691404e-10,1.99987357106853,0.00935167279701482,0.922961425482684,0.999999999998216
"1703","Erc2",9.04810331649004e-10,1.99965852097467,0.00933066711815345,0.923047726876578,0.999999999998216
"2553","Trp63",9.04563231172151e-10,1.9996062807435,0.00932557147017869,0.923068677013542,0.999999999998216
"2531","Efcab11",9.04191878609873e-10,1.99952774554903,0.00931791614241711,0.923100161824666,0.999999999998216
"2486","Gm43938",9.04041306190301e-10,1.99949589280128,0.00931481303036397,0.923112928013519,0.999999999998216
"1582","Gm26671",9.03142606198865e-10,1.99930566902657,0.0092963026781227,0.923189124144568,0.999999999998216
"1057","Gm5145",9.02612591686992e-10,1.99919339573367,0.00928539470075224,0.923234061668309,0.999999999998216
"2406","Gm12144",9.02610860275839e-10,1.99919302886129,0.00928535907789327,0.9232342084672,0.999999999998216
"1420","Sgcg",9.0261084145221e-10,1.99919302487271,0.00928535869060754,0.923234210063174,0.999999999998216
"1496","Iqch",9.02610836993416e-10,1.99919302392793,0.00928535859887032,0.923234210441216,0.999999999998216
"1620","Unc5cl",9.02610821080179e-10,1.99919302055603,0.0092853582714643,0.923234211790431,0.999999999998216
"638","Phex",9.02610794616752e-10,1.99919301494863,0.00928535772699401,0.923234214034151,0.999999999998216
"2092","Gm44109",9.02024332567481e-10,1.99906870831465,0.00927329551619103,0.923283937774729,0.999999999998216
"2160","Hrk",8.89463890075482e-10,1.99638708833095,0.00901683737469365,0.924348958446161,0.999999999998216
"1719","Krt15",8.76407324371897e-10,1.99355967496047,0.00875406144605508,0.925456189956558,0.999999999998216
"2450","RP23-435E16.1",8.26509950915334e-10,1.98235764945446,0.00778563011717946,0.929688931988635,0.999999999998216
"2271","Gm20661",8.26465896139202e-10,1.9823474673858,0.0077848001572974,0.929692670006038,0.999999999998216
"999","Cckbr",6.05604013903682e-10,1.92308231736906,0.00417998846954182,0.948450420142417,0.999999999998216
"2590","Rgs22",5.58946669969707e-10,1.90784294183269,0.00356072423147569,0.952417028594134,0.999999999998216
"2943","Gm43579",5.46544977711486e-10,1.90358103010994,0.00340446920029764,0.953471569998374,0.999999999998216
"2851","2700033N17Rik",5.00798694772252e-10,1.88699014728318,0.00285840636611511,0.957362160763701,0.999999999998216
"2718","Gm21149",4.78708957243932e-10,1.87843594438608,0.00261180471361813,0.959241199334531,0.999999999998216
"2885","Stmnd1",4.59680115339456e-10,1.87074904098964,0.00240829136812291,0.960860048239605,0.999999999998216
"1305","1700026J14Rik",4.58016085050872e-10,1.87006198716458,0.0023908870202835,0.961001620779097,0.999999999998216
"1646","Gm15492",4.57987868478777e-10,1.87005031574524,0.00239059244303992,0.961004021402127,0.999999999998216
"2615","Ccdc67",4.57499464672171e-10,1.86984818141669,0.00238549644826898,0.961045574111015,0.999999999998216
"1648","Gm33050",4.57047174814115e-10,1.86966080363024,0.00238078211477431,0.961084054390332,0.999999999998216
"1211","Cdh6",4.5672916194156e-10,1.86952894554664,0.00237747017675308,0.961111110598863,0.999999999998216
"2389","Tex26",4.55416284060462e-10,1.86898362531736,0.00236382164232514,0.961222809374172,0.999999999998216
"1283","Hist1h4f",4.55169980400047e-10,1.86888114736318,0.00236126547337629,0.961243764810341,0.999999999998216
"2596","Gm26694",4.54588257884503e-10,1.86863889665085,0.00235523377710515,0.96129325768104,0.999999999998216
"2006","Ptger3",4.54361291181671e-10,1.86854429644207,0.00235288252324798,0.961312568017008,0.999999999998216
"2667","Usp27x",4.533889514706e-10,1.86813849508772,0.00234282289363815,0.961395294974463,0.999999999998216
"2929","Rims2",4.52917398323579e-10,1.86794138554304,0.00233795206036411,0.961435415008923,0.999999999998216
"2428","Ttc34",4.49514125077339e-10,1.86651278604647,0.00230294878608867,0.961724970498811,0.999999999998216
"2003","4930458D05Rik",4.4948271355859e-10,1.866499550756,0.00230262694262502,0.961727643060568,0.999999999998216
"2768","Ppfia3",4.46471341020088e-10,1.86522645104567,0.00227187675155642,0.961983859314589,0.999999999998216
"2068","Kcnmb4",2.6212813079347e-10,1.7647496735238,0.000783113760133498,0.977674776862099,0.999999999998216
"2896","Synpr",2.61036965065969e-10,1.76396559364035,0.000776607565188282,0.977767686385235,0.999999999998216
"2811","Crmp1",2.39353671933174e-10,1.74767566139221,0.000652946777170742,0.979614015344305,0.999999999998216
"1937","Fhod3",1.95579876180793e-10,1.70981249675817,0.000435959280860672,0.983341669646814,0.999999999998216
"2949","Gng3",1.86372739195684e-10,1.70078867494195,0.000395878914124906,0.9841257727676,0.999999999998216
"2153","Gabrb3",1.74802342088902e-10,1.68880393541035,0.000348250772360936,0.985111158762346,0.999999999998216
"2743","Nppc",1.38021728196537e-10,1.64472126906238,0.000217116343233173,0.988243701509439,0.999999999998216
"2353","Ube2ql1",1.35572531493837e-10,1.64138631087714,0.00020947924738688,0.988452302424851,0.999999999998216
"2356","BC051077",1.32087473809099e-10,1.63653700692632,0.000198847832981208,0.98874913017535,0.999999999998216
"1226","Hpcal4",1.25840239900845e-10,1.62751970951555,0.000180483152805808,0.989281220615514,0.999999999998216
"2349","Nrsn1",1.18907236535206e-10,1.6169806661991,0.00016114400968739,0.98987172509649,0.999999999998216
"344","Prr36",1.18566940433581e-10,1.61644789407536,0.000160222985662453,0.989900709271301,0.999999999998216
"2629","Gal3st3",1.14450134825575e-10,1.60988036258814,0.000149289825728501,0.990251352632668,0.999999999998216
"1170","Cck",1.0934689181498e-10,1.60140798617685,0.000136273207856952,0.990686017074718,0.999999999998216
"2240","Dlg2",1.06889111736388e-10,1.59718748780304,0.000130216053797724,0.9908953574252,0.999999999998216
"2139","Epha3",1.05575935275994e-10,1.59489311309081,0.000127036192501924,0.991007206917573,0.999999999998216
"2351","Hpca",1.05573821431527e-10,1.59488939715685,0.00012703110550812,0.991007386963915,0.999999999998216
"633","Kcnmb2",1.05375824789108e-10,1.59454101257914,0.000126555075620473,0.991024251296223,0.999999999998216
"614","Grin2a",1.05144454590789e-10,1.59413308691985,0.000125999940184741,0.991043958220891,0.999999999998216
"1941","Cacna1g",1.05126573047067e-10,1.59410152337776,0.000125957087104908,0.991045481279134,0.999999999998216
"749","Celsr3",1.04946358356506e-10,1.59378312223037,0.000125525609876862,0.991060831044613,0.999999999998216
"1246","Camkv",1.04937688147984e-10,1.59376779022141,0.000125504869981302,0.991061569528707,0.999999999998216
"1073","Rbfox3",1.04937674925393e-10,1.59376776683821,0.000125504838353019,0.991061570654939,0.999999999998216
"1655","Cpne6",1.04937652161557e-10,1.59376772658202,0.000125504783902199,0.991061572593847,0.999999999998216
"130","Gpr158",1.04935153038047e-10,1.59376330701039,0.000125498806100813,0.991061785456429,0.999999999998216
"1370","Fbxo41",1.04935080987227e-10,1.59376317959067,0.000125498633760306,0.99106179159335,0.999999999998216
"315","Rims1",1.04932575213618e-10,1.59375874815149,0.000125492640199205,0.991062005022354,0.999999999998216
"2707","Medag",1.04819209493943e-10,1.59355815262677,0.000125221630391537,0.991071660936304,0.999999999998216
"25","Grm1",1.04814217422236e-10,1.59354931446473,0.000125209703179427,0.991072086135548,0.999999999998216
"1737","Stc2",1.04814195690878e-10,1.59354927598977,0.000125209651259437,0.991072087986514,0.999999999998216
"820","Nyap2",1.04814194661001e-10,1.59354927416639,0.00012520964879888,0.991072088074234,0.999999999998216
"1481","Gpr88",1.04814188471456e-10,1.59354926320791,0.000125209634010985,0.991072088601427,0.999999999998216
"414","Unc5d",1.04814187499613e-10,1.59354926148728,0.000125209631689083,0.991072088684204,0.999999999998216
"270","Ina",1.04814187113518e-10,1.59354926080371,0.000125209630766636,0.99107208871709,0.999999999998216
"467","Kcns1",1.04814182346424e-10,1.59354925236365,0.000125209619377222,0.991072089123127,0.999999999998216
"1020","Sphkap",1.04814180833414e-10,1.5935492496849,0.000125209615762378,0.991072089251997,0.999999999998216
"410","Myt1l",1.04814177415627e-10,1.59354924363377,0.000125209607596694,0.991072089543107,0.999999999998216
"294","Slc17a7",1.04814176075469e-10,1.59354924126104,0.000125209604394824,0.991072089657255,0.999999999998216
"1350","Lgals7",1.0481417344124e-10,1.59354923659719,0.000125209598101196,0.991072089881625,0.999999999998216
"1946","Tmem255a",1.0481417317315e-10,1.59354923612254,0.000125209597460682,0.991072089904459,0.999999999998216
"487","Trpc6",1.04814160903155e-10,1.59354921439873,0.000125209568145543,0.991072090949555,0.999999999998216
"969","Necab1",1.04814139222311e-10,1.59354917601318,0.000125209516346267,0.991072092796219,0.999999999998216
"927","Zfp711",1.04814117003642e-10,1.59354913667541,0.000125209463262045,0.991072094688692,0.999999999998216
"1354","Begain",1.04661468444361e-10,1.59327868077152,0.000124845025210175,0.991085096516761,0.999999999998216
"2405","Fam78b",1.04657126187533e-10,1.59327098166679,0.000124834666136764,0.991085466368152,0.999999999998216
"1600","Adcy1",1.04470554358713e-10,1.5929398797932,0.000124389978369155,0.99110135761112,0.999999999998216
"2975","Fgf12",1.04411212621871e-10,1.59283444606866,0.000124248705625471,0.991106412040303,0.999999999998216
"2256","Sh3gl2",1.04396797523201e-10,1.59280882553731,0.000124214400234913,0.991107639845596,0.999999999998216
"2097","Zdhhc2",1.04382775495345e-10,1.59278390027948,0.000124181034828101,0.991108834171122,0.999999999998216
"1202","Hmcn2",1.0427547763427e-10,1.59259306053103,0.000123925867993796,0.991117973261774,0.999999999998216
"2588","BC030499",1.04118374244785e-10,1.59231328719789,0.000123552731221146,0.991131354538245,0.999999999998216
"1953","Elavl2",1.04106674573816e-10,1.59229243550463,0.000123524965803238,0.991132351057467,0.999999999998216
"2658","Fbxl16",1.03939192802791e-10,1.5919936882279,0.000123127843542775,0.991146616315218,0.999999999998216
"1591","Chgb",1.03376352504823e-10,1.59098622693339,0.000121797956831297,0.991194556251264,0.999999999998216
"2261","Rit2",1.03119751405288e-10,1.59052512517845,0.000121194052744264,0.991216412266709,0.999999999998216
"1080","Dpys",1.02477385154601e-10,1.58936583971873,0.000119688841787328,0.991271125883014,0.999999999998216
"2481","Bsn",8.52275766482842e-11,1.55521674923053,8.2786185771668e-05,0.992740394749009,0.999999999998216
"1989","Pianp",7.14199624312407e-11,1.52255282355961,5.81348864643861e-05,0.993916489417277,0.999999999998216
"2788","Gpr27",7.07247212681303e-11,1.52074737407426,5.70085615451255e-05,0.993975708521603,0.999999999998216
"2600","Ube2u",4.80788983661963e-11,1.4497117230233,2.634550999427e-05,0.995904645889943,0.999999999998216
"2901","Mettl5os",3.46677390608806e-11,1.38982009184919,1.36977309600022e-05,0.997047000414837,0.999999999998216
"510","Mogat2",1.23249734952146e-11,1.20222065950666,1.73128904842567e-06,0.998950156105008,0.999999999998216
"2508","Cdca2",7.11543888368623e-12,1.10366751304652,5.77033436500507e-07,0.999393905267854,0.999999999998216
"1101","Stil",6.93419256172694e-12,1.09905731109426,5.48011143130514e-07,0.99940934386868,0.999999999998216
"1325","Ush1g",6.80571744560568e-12,1.09571686903273,5.27892415972984e-07,0.999420287406937,0.999999999998216
"2532","Dlgap5",6.2043276455212e-12,1.07920468168163,4.38719605713669e-07,0.999471513921964,0.999999999998216
"2541","Ska1",5.88075255189906e-12,1.06965469981171,3.94151701086162e-07,0.999499076120297,0.999999999998216
"2696","Kif11",5.88075154632424e-12,1.06965466933545,3.94151566290831e-07,0.999499076205952,0.999999999998216
"2265","Capn9",5.78976330634165e-12,1.06687580863638,3.82049128083675e-07,0.99950682660455,0.999999999998216
"922","2700069I18Rik",5.75072306122734e-12,1.06567025991434,3.76914201462359e-07,0.99951015206136,0.999999999998216
"1466","Tymp",5.73914289375807e-12,1.06531111643255,3.7539775390465e-07,0.999511138462616,0.999999999998216
"2101","Hkdc1",5.70889286279415e-12,1.0643695702982,3.71450869613573e-07,0.999513715167027,0.999999999998216
"2177","Ar",5.65185587503555e-12,1.06258080901971,3.64065688845309e-07,0.999518573590429,0.999999999998216
"116","Gm11592",5.64436436709776e-12,1.06234454332201,3.63101193826457e-07,0.999519211718755,0.999999999998216
"2410","Erich2os",5.64344024632933e-12,1.06231537716361,3.62982306432374e-07,0.99951929043557,0.999999999998216
"1012","Adamts16",5.64081109092455e-12,1.06223237267465,3.62644174176584e-07,0.999519514387617,0.999999999998216
"1841","A830039N20Rik",5.63925411175915e-12,1.06218319964109,3.62444007395633e-07,0.999519647011451,0.999999999998216
"2157","Gm28050",5.63657530792406e-12,1.06209856543114,3.6209974704789e-07,0.999519875192563,0.999999999998216
"775","Pnma1",5.63623616916801e-12,1.06208784784281,3.62056175071389e-07,0.999519904080479,0.999999999998216
"2451","Ska3",5.33086175297762e-12,1.0521695895471,3.23886192230693e-07,0.999545915942022,0.999999999998216
"2247","Gm2237",5.27126569957873e-12,1.05016877181099,3.16684938467325e-07,0.999550992347329,0.999999999998216
"1162","Cdc25c",5.13036665565211e-12,1.04534824027397,2.99981451612265e-07,0.999562994159829,0.999999999998216
"1845","D130043K22Rik",5.0642765791456e-12,1.04304196991605,2.92302430165582e-07,0.999568623727561,0.999999999998216
"2221","Brip1",5.02502206096704e-12,1.04165806057988,2.87788568741156e-07,0.999571967436348,0.999999999998216
"1234","Pmepa1os",4.89199699701013e-12,1.03688771512567,2.72753264585234e-07,0.999583298541608,0.999999999998216
"2580","Sap30bpos",4.88237050752561e-12,1.03653755779034,2.7168087102209e-07,0.999584118528179,0.999999999998216
"2812","Barx2",4.73774129768573e-12,1.03119320731758,2.5582340729021e-07,0.999596438077332,0.999999999998216
"1451","Serpinb9b",4.41045406165073e-12,1.018479974007,2.21699237619583e-07,0.999624316479258,0.999999999998216
"323","Dnah8",4.41017821315912e-12,1.01846887127541,2.21671506466747e-07,0.999624339976096,0.999999999998216
"1889","1700097N02Rik",4.41010070644275e-12,1.01846575155468,2.21663714999475e-07,0.999624346578136,0.999999999998216
"1358","Aspm",4.41010059355106e-12,1.01846574701064,2.21663703650986e-07,0.999624346587752,0.999999999998216
"2977","Il18r1",4.4054216179822e-12,1.01827731347771,2.21193596978534e-07,0.999624745143969,0.999999999998216
"2184","A430078G23Rik",4.40355688830678e-12,1.01820216135773,2.21006382675084e-07,0.999624903982072,0.999999999998216
"2448","Gas2l2",4.30409683675739e-12,1.01414757543434,2.11135694688052e-07,0.999633376012199,0.999999999998216
"2899","4933406P04Rik",4.15579035277324e-12,1.00792680851871,1.96836146863613e-07,0.999646008792781,0.999999999998216
"2904","Gm10643",4.13364756447006e-12,1.00697928683514,1.94744179113666e-07,0.999647894920614,0.999999999998216
"1647","Spo11",4.11895291465577e-12,1.00634771510229,1.93362053054148e-07,0.999649146614288,0.999999999998216
"2352","Cfap58",4.08640375364553e-12,1.00494081442731,1.90318121686423e-07,0.999651919159362,0.999999999998216
"2321","Defb25",4.08394189424401e-12,1.00483395430237,1.90088875948515e-07,0.999652128861116,0.999999999998216
"2243","Dbpht2",3.93155192354965e-12,0.998092497894451,1.76167432650498e-07,0.999665109474176,0.999999999998216
"2437","Zswim5",3.87045228709937e-12,0.995316921237132,1.70734398932332e-07,0.99967031395541,0.999999999998216
"1825","Kif17",3.82615605532995e-12,0.993277526000818,1.66848748172732e-07,0.999674087118736,0.999999999998216
"2985","Gsto2",3.78266929226936e-12,0.991252625947131,1.63077611334011e-07,0.999677791331336,0.999999999998216
"962","Gpr135",3.78265910939809e-12,0.991252149113289,1.63076733331754e-07,0.999677792198715,0.999999999998216
"871","Col20a1",3.7824694900484e-12,0.991243269566908,1.63060384129683e-07,0.999677808350536,0.999999999998216
"389","Cpne9",3.78167248087261e-12,0.991205942204805,1.62991674028722e-07,0.999677876239963,0.999999999998216
"1016","Gm15675",3.78167177952638e-12,0.991205909354334,1.62991613572093e-07,0.999677876299704,0.999999999998216
"2229","Lpar2",3.78166156915362e-12,0.991205431108327,1.62990733430726e-07,0.999677877169426,0.999999999998216
"2012","Prox1os",3.77290303680813e-12,0.99079471850839,1.62236617055089e-07,0.999678623223251,0.999999999998216
"2619","4933404O12Rik",3.74767349230795e-12,0.989606357582286,1.60074106984799e-07,0.999680772281728,0.999999999998216
"2175","Ankrd22",3.69731800627702e-12,0.987210747758796,1.55801346071292e-07,0.999685061573765,0.999999999998216
"1722","Mmp24",3.6829216466172e-12,0.986519940945412,1.54590411309859e-07,0.999686287859038,0.999999999998216
"2868","Pabpc1l",3.67231691486776e-12,0.986009369625365,1.53701427105363e-07,0.999687191172562,0.999999999998216
"2523","Gm10101",3.66060681274152e-12,0.985443887891868,1.52722758979065e-07,0.999688188641793,0.999999999998216
"2544","Rasl10a",3.4128972418557e-12,0.973044576118998,1.32752900479143e-07,0.999709288600938,0.999999999998216
"2945","Caps2",3.36986127073017e-12,0.970800223990562,1.29426032581373e-07,0.999712954415039,0.999999999998216
"910","Sncb",3.3181432578682e-12,0.968065407672059,1.25483856830728e-07,0.999717359767496,0.999999999998216
"2689","Gm17249",3.27309677260119e-12,0.965648911460639,1.22099893624859e-07,0.999721196837676,0.999999999998216
"2530","Klra9",3.20948277364958e-12,0.962179921557565,1.17399890509408e-07,0.999726615493037,0.999999999998216
"2414","Fancb",3.19132520735142e-12,0.961177313330489,1.1607527440349e-07,0.999728162158798,0.999999999998216
"2857","Pik3c2b",3.06941291710923e-12,0.954296364582408,1.07376248536969e-07,0.999738546676337,0.999999999998216
"2461","4930547M16Rik",3.02278236880747e-12,0.951592956928532,1.04138508824225e-07,0.999742518677413,0.999999999998216
"1491","Slc7a14",3.01387084898904e-12,0.951071634217139,1.03525388660357e-07,0.999743277762769,0.999999999998216
"2786","Gm29264",2.99452318985559e-12,0.949934547150893,1.02200484609963e-07,0.999744925800929,0.999999999998216
"2361","Tmem117",2.82836108197567e-12,0.93985964942696,9.11732212846476e-08,0.999759079528441,0.999999999998216
"2263","3110083C13Rik",2.79752296811862e-12,0.937925797706191,8.91959048390282e-08,0.999761706326256,0.999999999998216
"2944","Samd3",2.79726502272888e-12,0.937909533521972,8.91794569942819e-08,0.999761728298105,0.999999999998216
"2827","Cdh22",2.71421488318379e-12,0.932594559264159,8.39626329517944e-08,0.999768802528601,0.999999999998216
"2254","Frmd8os",2.67150314749855e-12,0.929798355095383,8.13409001588921e-08,0.999772440724339,0.999999999998216
"2314","Alox12",2.67138252343925e-12,0.92979039596136,8.1333554894811e-08,0.999772450999125,0.999999999998216
"1718","Cd5",2.66673599786039e-12,0.929483534355044,8.10508624913722e-08,0.999772846791272,0.999999999998216
"1858","Gm28151",2.65617645416566e-12,0.928784205656391,8.04102549179995e-08,0.9997737462557,0.999999999998216
"734","Alpk2",2.63482444492444e-12,0.927361707903539,7.91226750492279e-08,0.999775565024895,0.999999999998216
"2008","5033417F24Rik",2.61692541225424e-12,0.926160466691245,7.80513255107415e-08,0.99977708966873,0.999999999998216
"1638","Agap2",2.61393005639525e-12,0.925958651182173,7.78727512998183e-08,0.99977734481385,0.999999999998216
"2264","Cage1",2.6116456930416e-12,0.925804586283043,7.77367018073702e-08,0.999777539396461,0.999999999998216
"1543","Gm29243",2.59999114074364e-12,0.925016491336569,7.70444448428461e-08,0.999778532133982,0.999999999998216
"2230","9030612E09Rik",2.59133157907401e-12,0.924428662495537,7.65320891913882e-08,0.999779269757494,0.999999999998216
"2881","Cenpn",2.52082257673039e-12,0.9195689936422,7.24239409655649e-08,0.999785275730998,0.999999999998216
"2805","Hcar1",2.51913321102338e-12,0.919450920946342,7.23269015897066e-08,0.999785419631569,0.999999999998216
"2155","AA543186",2.51172210795324e-12,0.918932021927536,7.19019668133966e-08,0.999786050911083,0.999999999998216
"2732","Cd160",2.46556818622044e-12,0.915666112073086,6.928378878335e-08,0.999789982313065,0.999999999998216
"2365","Sntg2",2.45706176306125e-12,0.91505761376369,6.8806543366176e-08,0.999790706892205,0.999999999998216
"2064","Esm1",2.42785603324175e-12,0.912952487142902,6.71805344718638e-08,0.99979319464319,0.999999999998216
"2452","Dlx1",2.36196901445399e-12,0.908110208968689,6.35837277441404e-08,0.999798806915067,0.999999999998216
"845","Htr3a",2.35496454625718e-12,0.907587614153766,6.32071691874385e-08,0.999799403557329,0.999999999998216
"1541","Sp8",2.35494771860409e-12,0.907586356818657,6.320626588338e-08,0.999799404990712,0.999999999998216
"942","Insm1",2.35494492507597e-12,0.907586148089885,6.32061159281394e-08,0.999799405228666,0.999999999998216
"488","Gm9833",2.35488929322186e-12,0.907581991299527,6.32031296741086e-08,0.9997994099674,0.999999999998216
"1126","Gm37233",2.35487729032784e-12,0.907581094435285,6.32024853817964e-08,0.99979941098981,0.999999999998216
"542","Egfem1",2.35485587456701e-12,0.90757949422417,6.32013358330183e-08,0.999799412814009,0.999999999998216
"1593","Dlx5",2.35483234931865e-12,0.907577736373096,6.32000730638515e-08,0.999799414817895,0.999999999998216
"2830","Mycn",2.35463257211672e-12,0.907562807944646,6.31893500939653e-08,0.999799431834965,0.999999999998216
"932","Pcdhb15",2.35003379305982e-12,0.907218816710094,6.29427637796869e-08,0.999799823560055,0.999999999998216
"2222","Pole",2.34409306001289e-12,0.906773462749101,6.26249355617144e-08,0.999800329593105,0.999999999998216
"2218","Dlx2",2.31765865429019e-12,0.904778187916297,6.12204532163009e-08,0.999802581282054,0.999999999998216
"2652","Cmya5",2.28192748017669e-12,0.902045228814732,5.9347341686497e-08,0.999805624871942,0.999999999998216
"406","Htr5b",2.28040429589502e-12,0.901927789866573,5.92681395480694e-08,0.99980575461714,0.999999999998216
"815","Gad2",2.28033330033921e-12,0.901922314155773,5.92644492296317e-08,0.999805760664559,0.999999999998216
"1977","Zfyve28",2.25596249487495e-12,0.900032651290992,5.8004454169638e-08,0.999807836575551,0.999999999998216
"2808","4833403J16Rik",2.24302414983132e-12,0.899021242664024,5.73410304016016e-08,0.999808938666853,0.999999999998216
"2729","Syt4",2.21830763282216e-12,0.897073025334797,5.60842789743206e-08,0.999811044025639,0.999999999998216
"1425","Vsnl1",2.21764665223189e-12,0.897020631856467,5.60508615200614e-08,0.999811100328123,0.999999999998216
"2217","Ttk",2.18589522807674e-12,0.894485506742364,5.44573216477772e-08,0.999813804921972,0.999999999998216
"2906","Ppp1r26",2.17146680328176e-12,0.893321478234801,5.37407821108122e-08,0.999815033938623,0.999999999998216
"2476","Aard",2.1714566418348e-12,0.893320655764988,5.37402791486407e-08,0.999815034804177,0.999999999998216
"2316","Plppr5",2.12809182435248e-12,0.889775669250595,5.16152838893492e-08,0.999818728629632,0.999999999998216
"2522","Esr1",2.12408510144965e-12,0.88944454104643,5.14211066918253e-08,0.999819069923241,0.999999999998216
"2111","Kcnip2",2.12192872030128e-12,0.88926607590618,5.13167537915613e-08,0.9998192536043,0.999999999998216
"1775","Ubash3a",2.10636486442353e-12,0.887972661268309,5.05667215571961e-08,0.999820579337242,0.999999999998216
"2916","Pnmal1",2.09795397860584e-12,0.887269757554805,5.01636937837538e-08,0.999821295778495,0.999999999998216
"606","Dleu7",2.09726107637207e-12,0.887211727401056,5.01305636046462e-08,0.999821354800072,0.999999999998216
"2717","Islr2",2.08565593784852e-12,0.886236984035319,4.95773062814686e-08,0.99982234332853,0.999999999998216
"2852","1700008O03Rik",2.07500045074584e-12,0.885337283399289,4.90720255322807e-08,0.999823250965454,0.999999999998216
"1667","Sp9",2.06803420360988e-12,0.884746619373255,4.87430867826026e-08,0.999823844352041,0.999999999998216
"823","Rnase2a",2.06443601781316e-12,0.884440762510585,4.85736175310361e-08,0.999824150846363,0.999999999998216
"2581","Sez6",2.06016322162787e-12,0.884076878277272,4.83727584236285e-08,0.999824514804157,0.999999999998216
"1292","Parpbp",2.05854741536653e-12,0.883939077394938,4.82969097200925e-08,0.999824652438919,0.999999999998216
"2931","Gzmk",2.0526076823791e-12,0.883431600641322,4.80185999981304e-08,0.999825158386787,0.999999999998216
"2940","Glrp1",2.04214500658972e-12,0.882534162585795,4.75303210070877e-08,0.999826049599998,0.999999999998216
"1992","BC030867",2.00750106341581e-12,0.879529873835424,4.59313448793727e-08,0.999829000579317,0.999999999998216
"2277","Igsf10",1.99829930078656e-12,0.878723312746549,4.55112398106996e-08,0.999829784387646,0.999999999998216
"1102","Ccr10",1.99223350775959e-12,0.878189623339881,4.52353624470636e-08,0.999830301073339,0.999999999998216
"892","Misp",1.99223201303532e-12,0.878189491631533,4.52352945691081e-08,0.99983030120066,0.999999999998216
"2676","Lrrc18",1.99222910357704e-12,0.878189235262936,4.52351624458358e-08,0.999830301448489,0.999999999998216
"299","Kcnj4",1.9922234442813e-12,0.878188736589763,4.52349054484874e-08,0.999830301930549,0.999999999998216
"680","Slco5a1",1.99222253007862e-12,0.878188656033967,4.52348639332024e-08,0.999830302008421,0.999999999998216
"1321","Serpinb2",1.98629442902401e-12,0.87766552811479,4.49660607509766e-08,0.999830806965479,0.999999999998216
"1668","Tnfrsf14",1.97424302920157e-12,0.876597284477129,4.44220728832069e-08,0.999831833506583,0.999999999998216
"1892","Tuba8",1.97403543170475e-12,0.876578826627518,4.4412731149548e-08,0.999831851189787,0.999999999998216
"609","Chga",1.94965127236544e-12,0.874397364500927,4.3322296346592e-08,0.999833928238281,0.999999999998216
"1480","Cnksr2",1.9289044188338e-12,0.872520017328975,4.24051896460162e-08,0.999835695460202,0.999999999998216
"2252","Zfp786",1.89597360135787e-12,0.86949889063727,4.09696417229808e-08,0.999838500515074,0.999999999998216
"2166","Rnf225",1.88671528684956e-12,0.868640197169372,4.05704972247687e-08,0.999839289140508,0.999999999998216
"2694","Melk",1.88219535206201e-12,0.868219470223988,4.03763435552229e-08,0.999839674149629,0.999999999998216
"2914","Xylb",1.8818466648929e-12,0.868186972164238,4.03613850560024e-08,0.999839703850885,0.999999999998216
"2974","Scn7a",1.86223763884911e-12,0.86634976612786,3.95246282834694e-08,0.999841374152392,0.999999999998216
"2189","Crocc2",1.83920200332686e-12,0.864166991642497,3.8552847148099e-08,0.999843336333312,0.999999999998216
"2465","Zfp955b",1.83781313528099e-12,0.864034527251529,3.8494642991864e-08,0.999843454637423,0.999999999998216
"2686","Tbc1d30",1.83535736188391e-12,0.863800064175687,3.83918349774035e-08,0.999843663820786,0.999999999998216
"2810","Calb1",1.8298187614494e-12,0.863270133034432,3.81604727386974e-08,0.99984413560009,0.999999999998216
"1152","E130006D01Rik",1.82840946327155e-12,0.863135039520576,3.81017141602365e-08,0.999844255644444,0.999999999998216
"1950","Syt1",1.82421357152743e-12,0.862732218005695,3.79270407810376e-08,0.999844613051503,0.999999999998216
"931","Vstm2a",1.78817943101207e-12,0.859234708334726,3.64434751834344e-08,0.999847682448176,0.999999999998216
"2117","Upk1b",1.78709883554607e-12,0.859128754642611,3.6399442963271e-08,0.999847774493555,0.999999999998216
"1551","Nlrp1b",1.7790734711886e-12,0.8583398755931,3.60732574449056e-08,0.999848458096003,0.999999999998216
"1783","Gm26620",1.77906217593967e-12,0.858338762819425,3.60727993917272e-08,0.999848459058135,0.999999999998216
"2203","Rxrg",1.7790321503116e-12,0.858335804751715,3.60715817846838e-08,0.999848461615725,0.999999999998216
"2246","Xkr6",1.77633324948366e-12,0.858069712907175,3.59622192009657e-08,0.999848691508741,0.999999999998216
"1271","Gm8994",1.77009042069699e-12,0.857452685126416,3.5709888766726e-08,0.999849223274384,0.999999999998216
"1904","Ctla4",1.76954895126923e-12,0.857399066369135,3.56880448480155e-08,0.999849269396879,0.999999999998216
"821","Cnnm1",1.76321222317278e-12,0.856770369599726,3.54329057916636e-08,0.999849809160889,0.999999999998216
"1736","Kcnc1",1.75608322888102e-12,0.856060399830823,3.51469613959907e-08,0.999850416410321,0.999999999998216
"2282","Otud7a",1.75523601874584e-12,0.855975838120103,3.51130567625363e-08,0.999850488575882,0.999999999998216
"7","Grin1",1.75243759550795e-12,0.855696235705773,3.5001182504458e-08,0.999850726946241,0.999999999998216
"1417","Dkkl1",1.75083411980923e-12,0.855535827141704,3.49371598319595e-08,0.999850863530683,0.999999999998216
"1862","Gm3636",1.74776954241893e-12,0.85522884945995,3.48149621596282e-08,0.999851124572115,0.999999999998216
"2601","Sh3gl3",1.74551041994887e-12,0.855002213917299,3.47250184569945e-08,0.999851317004706,0.999999999998216
"2618","9330175E14Rik",1.74544590204922e-12,0.854995737223963,3.47224514785042e-08,0.999851322500356,0.999999999998216
"84","Cdh15",1.74304197031759e-12,0.854754247751117,3.46268736979339e-08,0.999851527267834,0.999999999998216
"2192","Aunip",1.74106343027328e-12,0.854555244955117,3.45483078642865e-08,0.999851695800346,0.999999999998216
"2051","Kcnb2",1.73249007741256e-12,0.853690347376635,3.42088996992359e-08,0.999852426080586,0.999999999998216
"1293","Opcml",1.72392092320688e-12,0.852821646114926,3.38713319634492e-08,0.999853156003184,0.999999999998216
"2838","Zfp526",1.72159783611453e-12,0.852585408674164,3.37801061584461e-08,0.999853353884296,0.999999999998216
"1110","Gm12405",1.7212320129732e-12,0.852548179049584,3.37657517821103e-08,0.999853385045199,0.999999999998216
"2705","Snap25",1.70509472192219e-12,0.850898084624726,3.31355828318411e-08,0.999854759623497,0.999999999998216
"2624","Hist1h2bb",1.70282993450004e-12,0.850665270919628,3.30476167956246e-08,0.99985495253863,0.999999999998216
"2480","Fbxl13",1.69976810882809e-12,0.850350038099876,3.29288790765862e-08,0.99985521334567,0.999999999998216
"2213","Spats1",1.69274335183401e-12,0.849624677401521,3.26572662827954e-08,0.999855811716146,0.999999999998216
"1749","Pcdhga5",1.69208049835396e-12,0.849556079457797,3.26316950770241e-08,0.999855868178163,0.999999999998216
"634","D430036J16Rik",1.68589151054417e-12,0.848914306597023,3.2393422935786e-08,0.999856395357621,0.999999999998216
"3000","Nkain2",1.67303988105577e-12,0.847574191727203,3.19014322018907e-08,0.999857490062485,0.999999999998216
"2380","Il17d",1.66968325750415e-12,0.847222505127114,3.17735527874786e-08,0.999857775980479,0.999999999998216
"1363","Tcap",1.66960641100792e-12,0.84721444545877,3.17706281249661e-08,0.999857782526282,0.999999999998216
"2633","Ldb3",1.6678511248629e-12,0.847030251208643,3.17038612165109e-08,0.999857932041974,0.999999999998216
"570","Olfm3",1.6660172760466e-12,0.846837608567278,3.16341809864549e-08,0.999858088249654,0.999999999998216
"1788","Zfp879",1.66465805242649e-12,0.846694689521003,3.15825844194273e-08,0.999858204028646,0.999999999998216
"1535","Slc12a5",1.66431001229815e-12,0.846658075447826,3.15693794760625e-08,0.999858233674787,0.999999999998216
"1735","Mtap7d3",1.66250955803711e-12,0.846468545732608,3.15011127721704e-08,0.99985838703791,0.999999999998216
"1805","Gm26549",1.66248512548968e-12,0.846465972382485,3.15001868866347e-08,0.999858389119081,0.999999999998216
"2674","Camk2n2",1.66161934693734e-12,0.846374760457385,3.14673864910531e-08,0.999858462866304,0.999999999998216
"247","Diras1",1.65820920312063e-12,0.846015036958388,3.13383579031713e-08,0.999858753343168,0.999999999998216
"2065","Lyzl4",1.65422621709078e-12,0.845593961801321,3.11879904662956e-08,0.999859092614868,0.999999999998216
"1129","BC030343",1.65283554148933e-12,0.84544670623349,3.11355742419635e-08,0.999859211072947,0.999999999998216
"1240","Lhcgr",1.65277560223613e-12,0.845440356652556,3.11333160508949e-08,0.999859216178587,0.999999999998216
"1913","Chmp4c",1.65277338505091e-12,0.845440121773787,3.1133232520763e-08,0.999859216367447,0.999999999998216
"2745","Pi15",1.64356975398166e-12,0.844462442735634,3.07874610084683e-08,0.999860000334937,0.999999999998216
"420","Npas4",1.64077814033038e-12,0.84416482933249,3.06829644323696e-08,0.999860238125253,0.999999999998216
"2760","Miat",1.62374431459884e-12,0.842337967205736,3.00491976776154e-08,0.999861689070592,0.999999999998216
"1252","Nespas",1.61720284068073e-12,0.841631373924426,2.98075708467906e-08,0.999862246274901,0.999999999998216
"2000","Tmem145",1.61347394715279e-12,0.841227326256099,2.96702706726185e-08,0.999862563902941,0.999999999998216
"2576","Cd6",1.61016360911746e-12,0.840867859315392,2.95486475513679e-08,0.999862845878324,0.999999999998216
"2320","Ttc9b",1.59873991184493e-12,0.839621748660058,2.91308547628429e-08,0.999863818951583,0.999999999998216
"2158","Fam89a",1.58990292034906e-12,0.838651761717908,2.88097047775609e-08,0.999864571688627,0.999999999998216
"1064","Podnl1",1.56300534362582e-12,0.835666311859865,2.78431597662018e-08,0.99986686283063,0.999999999998216
"2882","Pitpnm3",1.55618017097515e-12,0.834900705886056,2.76005253287191e-08,0.999867444200465,0.999999999998216
"2984","Slc6a20b",1.55409487763132e-12,0.834666130083134,2.7526605058267e-08,0.99986762182625,0.999999999998216
"2952","Morc4",1.548827439552e-12,0.834072208200613,2.734032432627e-08,0.999868070507882,0.999999999998216
"2298","Wisp1",1.54847060518922e-12,0.834031901893105,2.73277279025224e-08,0.999868100903119,0.999999999998216
"707","1700016G14Rik",1.54392676454704e-12,0.833517849002431,2.71675819448867e-08,0.999868487948549,0.999999999998216
"2993","Irx5",1.53770071512192e-12,0.832811057248437,2.69489113955424e-08,0.999869018284925,0.999999999998216
"2832","Pdcd1",1.53741151455561e-12,0.832778158168064,2.69387756032229e-08,0.999869042919098,0.999999999998216
"2823","Chd5",1.53381219853901e-12,0.832368193330822,2.68127876486607e-08,0.999869349509695,0.999999999998216
"2443","Rps6ka6",1.53016874918941e-12,0.831952234456704,2.66855556379137e-08,0.99986965985958,0.999999999998216
"1879","Mal2",1.52261069266457e-12,0.831086236629328,2.64225874838543e-08,0.999870303656639,0.999999999998216
"1435","Slc6a19",1.51615853525527e-12,0.830343591898944,2.6199127240309e-08,0.999870853252947,0.999999999998216
"2801","Ect2",1.5149584159452e-12,0.830205114264063,2.61576676782026e-08,0.999870955479397,0.999999999998216
"2125","Zfp712",1.48374057151077e-12,0.826564473372541,2.50907439375592e-08,0.999873614622838,0.999999999998216
"1733","Cilp2",1.47839562261389e-12,0.825933578826062,2.49102983885695e-08,0.999874069906861,0.999999999998216
"2312","Gm26830",1.4754872552003e-12,0.825589342314648,2.48123854386309e-08,0.999874317642292,0.999999999998216
"2313","Mmp17",1.46934871221123e-12,0.824860578273252,2.46063585024219e-08,0.999874840524849,0.999999999998216
"2771","Hist1h1d",1.46522800810777e-12,0.824369684946494,2.44685377895442e-08,0.999875191527408,0.999999999998216
"163","C130021I20Rik",1.46084201745544e-12,0.823845690693956,2.43222695579097e-08,0.999875565127139,0.999999999998216
"2340","Urah",1.45752338385165e-12,0.823448181668638,2.42118879875889e-08,0.999875847809142,0.999999999998216
"2208","Gpr161",1.4479443243978e-12,0.822295767549225,2.38946855503334e-08,0.999876663755713,0.999999999998216
"2280","Gm16537",1.44767211925283e-12,0.822262910024765,2.38857022698946e-08,0.999876686942213,0.999999999998216
"1297","C1ql3",1.44024096533968e-12,0.821363544146027,2.36411126800729e-08,0.999877319929678,0.999999999998216
"1405","Gm38393",1.43970096416514e-12,0.821298011532792,2.36233880969662e-08,0.999877365927107,0.999999999998216
"745","Agtr1b",1.43453093515392e-12,0.820669365668726,2.34540274987706e-08,0.999877806311412,0.999999999998216
"2537","B3gat1",1.43025746054721e-12,0.820148046980708,2.33144963177049e-08,0.999878170327,0.999999999998216
"1819","Dlx6os1",1.401441504923e-12,0.816592189756037,2.23845075512484e-08,0.999880624876982,0.999999999998216
"552","Acsm5",1.40087700849203e-12,0.816521813862065,2.23664783581484e-08,0.999880672960923,0.999999999998216
"2281","Arhgap8",1.39396187169204e-12,0.815657425689991,2.21462084624521e-08,0.999881261993927,0.999999999998216
"2381","Lonrf2",1.38665878828861e-12,0.814739941900845,2.19147646367255e-08,0.999881884072316,0.999999999998216
"1423","Acvr1c",1.36801007611848e-12,0.812375319614681,2.13292795463187e-08,0.999883472574074,0.999999999998216
"2127","Ankef1",1.36258804018043e-12,0.811681849762961,2.11605396523241e-08,0.99988393442439,0.999999999998216
"727","Nme8",1.35360611593028e-12,0.810527066825516,2.0882486519649e-08,0.999884699506844,0.999999999998216
"726","Vsx1",1.35283144862391e-12,0.810427116190809,2.08585913106098e-08,0.99988476549319,0.999999999998216
"2107","S100a3",1.34531254496448e-12,0.809454055007576,2.06273756547705e-08,0.9998854059552,0.999999999998216
"2515","Bnc2",1.33202059166071e-12,0.80772068046977,2.02217841837327e-08,0.999886538166959,0.999999999998216
"2804","Atp7b",1.32450945493647e-12,0.806733612364919,1.99943697666346e-08,0.999887177967379,0.999999999998216
"1835","Gm9885",1.31813296343307e-12,0.805891311282478,1.98023182324013e-08,0.999887721118449,0.999999999998216
"1852","Dcx",1.31811472347731e-12,0.805888896122107,1.98017701982962e-08,0.999887722672133,0.999999999998216
"2821","Osbp2",1.31725494732973e-12,0.8057750153924,1.97759461378341e-08,0.999887795908071,0.999999999998216
"2983","B230398E01Rik",1.31273659026591e-12,0.805175334018983,1.96405106448116e-08,0.999888180782805,0.999999999998216
"2608","Fam46b",1.30973162358287e-12,0.8047753836301,1.95506959314967e-08,0.999888436746585,0.999999999998216
"2661","Slc26a1",1.30956703905324e-12,0.804753451887574,1.95457826502402e-08,0.999888450765935,0.999999999998216
"1500","Dnajc5b",1.30915921778594e-12,0.804699095875162,1.95336107729214e-08,0.999888485504248,0.999999999998216
"2925","Hhip",1.30302867649858e-12,0.803879975378203,1.93510948209764e-08,0.99988900770522,0.999999999998216
"1072","Galnt13",1.29908607954312e-12,0.803351182800434,1.92341700786428e-08,0.999889343536571,0.999999999998216
"1935","Musk",1.29868259867089e-12,0.80329697754527,1.92222241196129e-08,0.999889377905168,0.999999999998216
"1594","Gm26877",1.297985256709e-12,0.803203254639933,1.92015864909024e-08,0.999889437304923,0.999999999998216
"2324","Creb3l4",1.29798494824814e-12,0.803203213171744,1.92015773645473e-08,0.999889437331198,0.999999999998216
"569","Hist1h4k",1.29689240787122e-12,0.803056275612317,1.91692662509481e-08,0.999889530394048,0.999999999998216
"733","Tmem28",1.29572142017219e-12,0.802898651971558,1.9134665321908e-08,0.99988963013906,0.999999999998216
"1882","Hist1h2bp",1.29246746532295e-12,0.802459906943567,1.90386799428694e-08,0.999889907311712,0.999999999998216
"2889","Zgrf1",1.2828291059084e-12,0.801153904800383,1.87557831913201e-08,0.99989072830947,0.999999999998216
"1954","March4",1.28207258613562e-12,0.801050986882248,1.87336681069109e-08,0.999890792750005,0.999999999998216
"836","BB365896",1.28108399274308e-12,0.800916407086235,1.87047885560608e-08,0.999890876958627,0.999999999998216
"1207","Arr3",1.27983512293831e-12,0.800746248722587,1.86683374575451e-08,0.999890983337655,0.999999999998216
"1352","Gm33651",1.27891167496904e-12,0.800620323729614,1.86414073965792e-08,0.999891061997174,0.999999999998216
"2562","Zfp184",1.25510044996862e-12,0.797341989379967,1.79537248195946e-08,0.999893090243011,0.999999999998216
"2874","Anks6",1.24679623638397e-12,0.796184223488503,1.77169336642883e-08,0.99989379759791,0.999999999998216
"2714","Neurl1b",1.23597502669621e-12,0.794664078046137,1.74107301882929e-08,0.999894719351138,0.999999999998216
"2976","Gm27239",1.23413874063803e-12,0.794404817937985,1.7359034432754e-08,0.999894875766423,0.999999999998216
"1697","Gm20683",1.2326355754092e-12,0.794192306964395,1.73167740201543e-08,0.999895003806397,0.999999999998216
"1486","Pask",1.23078023023896e-12,0.793929653708988,1.72646833391175e-08,0.999895161845142,0.999999999998216
"901","Gm29096",1.2249117412702e-12,0.793096299157049,1.71004362139663e-08,0.999895661724435,0.999999999998216
"2497","1700056E22Rik",1.22408583195912e-12,0.792978700053858,1.70773836990952e-08,0.999895732075588,0.999999999998216
"2774","Lmo3",1.21573720554594e-12,0.791785548798832,1.6845232490434e-08,0.999896443213582,0.999999999998216
"1840","Scml4",1.21456793250568e-12,0.791617796485458,1.68128452209271e-08,0.999896542812539,0.999999999998216
"739","Dlx4os",1.20801282089083e-12,0.790674394371725,1.66318546511328e-08,0.999897101178513,0.999999999998216
"2593","A230107N01Rik",1.2079122584906e-12,0.790659882300421,1.66290856911038e-08,0.999897109744443,0.999999999998216
"2489","Gabrg3",1.20000405011024e-12,0.789514909233924,1.64120570323801e-08,0.999897783367523,0.999999999998216
"1063","Gm11513",1.19213403933479e-12,0.788368056567754,1.61974918910201e-08,0.999898453736923,0.999999999998216
"1804","1700018A04Rik",1.15207164788137e-12,0.782411759091839,1.5127131131046e-08,0.999901866261007,0.999999999998216
"2932","Mkrn3",1.15207129037505e-12,0.782411705033437,1.51271217426644e-08,0.99990186629146,0.999999999998216
"880","Gm16168",1.15207102483349e-12,0.782411664880981,1.51271147693477e-08,0.999901866314079,0.999999999998216
"2376","Gm3550",1.15204208063229e-12,0.782407288182729,1.51263546829573e-08,0.999901868779553,0.999999999998216
"2501","Sez6l",1.14538980863173e-12,0.781398500666173,1.49521698897455e-08,0.999902435421673,0.999999999998216
"341","Gm28551",1.14001221965281e-12,0.780578781694953,1.48120990257945e-08,0.999902893485988,0.999999999998216
"840","Rab3c",1.13772447555051e-12,0.780228898707391,1.47527096778881e-08,0.999903088356578,0.999999999998216
"1498","Gm7676",1.13677096032818e-12,0.780082865146146,1.47279918505506e-08,0.999903169577233,0.999999999998216
"2639","Sh2d6",1.1343815065579e-12,0.779716382311784,1.46661414499986e-08,0.999903373111476,0.999999999998216
"2071","9330104G04Rik",1.12839708968778e-12,0.778795170655276,1.45118074918793e-08,0.999903882865537,0.999999999998216
"2924","Spock1",1.12681820219115e-12,0.778551321347562,1.44712251797295e-08,0.999904017355551,0.999999999998216
"2431","Gm15912",1.11937758341379e-12,0.777397610726542,1.428074304227e-08,0.999904651149239,0.999999999998216
"2738","Cntd1",1.10035931143707e-12,0.774414002952513,1.3799604499705e-08,0.999906271130195,0.999999999998216
"2617","Tcte2",1.09736116119152e-12,0.773939015313878,1.37245073523128e-08,0.99990652651335,0.999999999998216
"2941","Gm3488",1.08864776601075e-12,0.77255128103275,1.35074187931706e-08,0.999907268722436,0.999999999998216
"913","Klhdc8a",1.08731052096263e-12,0.772337336583186,1.34742553848704e-08,0.999907382629289,0.999999999998216
"2505","Rufy4",1.08586793668529e-12,0.772106247929083,1.34385252891523e-08,0.999907505508963,0.999999999998216
"2331","Gabrr2",1.08034511546581e-12,0.77121873649549,1.33021738434875e-08,0.999907975944196,0.999999999998216
"2848","Tnr",1.07346089649949e-12,0.770106165334601,1.31331846807686e-08,0.999908562343614,0.999999999998216
"1154","Vash2",1.06166224274039e-12,0.76818290049065,1.28460716010687e-08,0.999909567355764,0.999999999998216
"2681","B430305J03Rik",1.06126522060453e-12,0.768117817134088,1.28364654929461e-08,0.999909601174205,0.999999999998216
"712","Hist1h2ab",1.05966681119082e-12,0.767855548710172,1.27978276944138e-08,0.999909737327101,0.999999999998216
"2401","Zcchc16",1.05684737822088e-12,0.767391981404138,1.27298164764761e-08,0.999909977487076,0.999999999998216
"2568","Actg2",1.05529174903879e-12,0.767135684712381,1.26923686860838e-08,0.999910109995942,0.999999999998216
"2258","Gdf5",1.05335819952401e-12,0.76681660423802,1.26459003222041e-08,0.999910274696152,0.999999999998216
"2468","Shisa6",1.05282537232522e-12,0.76672857390345,1.26331100378279e-08,0.999910320082501,0.999999999998216
"1526","Gm37170",1.04989987524164e-12,0.766244457730564,1.25630000659897e-08,0.999910569277042,0.999999999998216
"2216","Gm16160",1.04762353904514e-12,0.765866844801624,1.25085822866149e-08,0.999910763175904,0.999999999998216
"2042","Pgbd5",1.04218723008168e-12,0.764961752629395,1.23791004986384e-08,0.999911226242002,0.999999999998216
"2715","G630016G05Rik",1.0397204756153e-12,0.764549525783801,1.23205696272658e-08,0.999911436360738,0.999999999998216
"2912","Scn3b",1.03963549937363e-12,0.764535307969683,1.23185557919264e-08,0.999911443599034,0.999999999998216
"2472","Gm17300",1.03785794290561e-12,0.764237632840096,1.22764675619975e-08,0.99991159501172,0.999999999998216
"1684","BC043934",1.03718382714074e-12,0.764124611833259,1.22605249704008e-08,0.999911652433062,0.999999999998216
"2077","Rhbdl3",1.03718148350793e-12,0.764124218777775,1.22604695624098e-08,0.999911652632693,0.999999999998216
"1809","Gm37422",1.0371042743407e-12,0.764111269379699,1.22586442590739e-08,0.999911659209389,0.999999999998216
"1586","Creb3l3",1.03231887538243e-12,0.76330680907318,1.21457777617158e-08,0.999912066830817,0.999999999998216
"1961","A430110L20Rik",1.0307064504318e-12,0.763034920343114,1.21078653280845e-08,0.99991220417756,0.999999999998216
"1349","Opn1sw",1.02189641360599e-12,0.761541917110732,1.19017642572996e-08,0.999912954618605,0.999999999998216
"1627","Gm9888",1.02065124615e-12,0.761329880394106,1.18727776388408e-08,0.999913060682267,0.999999999998216
"2420","Pak7",1.01969366646651e-12,0.761166642774374,1.18505099006469e-08,0.999913142249134,0.999999999998216
"120","Gm12932",1.01712773546388e-12,0.76072848490278,1.17909443010774e-08,0.99991336081575,0.999999999998216
"875","Zfhx2os",1.01712188560582e-12,0.760727484737525,1.17908086737618e-08,0.999913361314043,0.999999999998216
"1661","Gm12925",1.01710050798136e-12,0.760723829701931,1.17903130461785e-08,0.999913363134994,0.999999999998216
"553","Piwil4",1.01334503460532e-12,0.760080559974617,1.17034062725413e-08,0.999913683027115,0.999999999998216
"2478","Wbscr17",1.01071808399983e-12,0.759629194620749,1.16428061430575e-08,0.999913906791396,0.999999999998216
"399","F2rl1",1.00795265651255e-12,0.759152784539425,1.15791815002362e-08,0.999914142351171,0.999999999998216
"2047","Kcnk10",1.0053831550189e-12,0.758708970873434,1.15202207926591e-08,0.999914361221923,0.999999999998216
"2759","Hist1h4j",9.82178128027114e-13,0.754649492457271,1.09945665185701e-08,0.999916337831676,0.999999999998216
"2953","Zfp7",9.63283792559745e-13,0.751273656587064,1.05756264008991e-08,0.999917947255693,0.999999999998216
"2809","Mb",9.61558498364026e-13,0.750962153511666,1.05377772703889e-08,0.999918094216666,0.999999999998216
"1964","Cenpi",9.58776504030736e-13,0.750458699868728,1.0476889393218e-08,0.999918331187609,0.999999999998216
"917","Fam196a",9.41520184976784e-13,0.747303298979397,1.01031514705271e-08,0.999919801084997,0.999999999998216
"1890","Clec9a",9.40895808281453e-13,0.747188062584636,1.00897559411044e-08,0.999919854269553,0.999999999998216
"1693","Dcc",9.40569531482166e-13,0.74712781419167,1.0082759454462e-08,0.999919882061889,0.999999999998216
"1434","Xcr1",9.38311379681232e-13,0.746710271189106,1.0034403497614e-08,0.9999200744118,0.999999999998216
"2268","Btbd8",9.36415833086664e-13,0.746359009988152,9.99390208772757e-09,0.999920235874913,0.999999999998216
"526","Sec1",9.35692964799427e-13,0.746224871545815,9.97847841326102e-09,0.999920297449006,0.999999999998216
"1707","Gm28694",9.24176758952303e-13,0.744073984725177,9.73436618349456e-09,0.999921278402177,0.999999999998216
"2438","Zfp869",9.14016219666287e-13,0.742154238308668,9.52150059679434e-09,0.999922143879346,0.999999999998216
"2034","Nkx6-1",9.13719664892166e-13,0.742097891329013,9.515323051301e-09,0.999922169139953,0.999999999998216
"2724","RP23-54G8.4",9.13451197193836e-13,0.742046865489778,9.50973231775633e-09,0.999922192008096,0.999999999998216
"1190","Trpc3",9.09287357143834e-13,0.741253573825136,9.42323233681262e-09,0.999922546684988,0.999999999998216
"2782","Xxylt1",9.07846377701625e-13,0.740978205024814,9.39338935117694e-09,0.999922669427962,0.999999999998216
"50","Gm43409",9.04588065900225e-13,0.740353954692668,9.32608354319443e-09,0.999922946971741,0.999999999998216
"1436","Tshr",9.04538952238521e-13,0.740344528200131,9.32507087080777e-09,0.999922951155254,0.999999999998216
"1569","1700001O22Rik",9.02971062505683e-13,0.740043334182717,9.29277151785643e-09,0.999923084708477,0.999999999998216
"1421","Six2",9.00174613895842e-13,0.739504849832362,9.23530230464539e-09,0.999923322910639,0.999999999998216
"1816","Rbm11",8.98925682889335e-13,0.739263822558672,9.20969337560503e-09,0.999923429294881,0.999999999998216
"873","Gm10309",8.98917662867707e-13,0.739262273733186,9.20952904253062e-09,0.999923429978029,0.999999999998216
"1312","4930570N18Rik",8.93709657449333e-13,0.73825361623047,9.10312477849898e-09,0.999923873597177,0.999999999998216
"2798","Rragb",8.91163458247484e-13,0.737758371292884,9.0513286476161e-09,0.999924090483035,0.999999999998216
"1426","Gcsam",8.90536894349846e-13,0.737636288454629,9.03860541031854e-09,0.999924143853898,0.999999999998216
"2779","Cited1",8.90443985358648e-13,0.737618178393001,9.03671952797117e-09,0.999924151767908,0.999999999998216
"2419","Adamts14",8.8830157161507e-13,0.737200055911067,8.99328703402461e-09,0.999924334259223,0.999999999998216
"2921","Gm15232",8.87250584892031e-13,0.736994577260278,8.97201895537591e-09,0.999924423782524,0.999999999998216
"2110","A730011C13Rik",8.86701630539496e-13,0.736887155638998,8.96092016257392e-09,0.999924470542587,0.999999999998216
"1552","Tsix",8.8248430277372e-13,0.736059698167289,8.87588306540378e-09,0.999924829775576,0.999999999998216
"2504","Mcm10",8.80111440391604e-13,0.735592416893721,8.8282155119659e-09,0.999925031896562,0.999999999998216
"2769","Mybl2",8.78922182868615e-13,0.735357752172259,8.80437323975418e-09,0.999925133197803,0.999999999998216
"2165","Jph4",8.77182813312707e-13,0.735013974745299,8.76956036106914e-09,0.999925281357718,0.999999999998216
"2293","Ptpn5",8.73972749714765e-13,0.734377753688053,8.70549312938807e-09,0.999925554791704,0.999999999998216
"2849","Doc2b",8.70081378966914e-13,0.733603403731149,8.62814315693789e-09,0.999925886259596,0.999999999998216
"2634","D930048N14Rik",8.66991644523553e-13,0.732986136760773,8.56697339026805e-09,0.999926149443915,0.999999999998216
"2144","Frrs1l",8.54535636290247e-13,0.730475480848141,8.32257947456226e-09,0.999927210449679,0.999999999998216
"1040","Als2cr12",8.53021007245556e-13,0.730167731969477,8.2931027655903e-09,0.999927339466144,0.999999999998216
"1975","Zfp575",8.50752875800156e-13,0.729705874233271,8.24905967666738e-09,0.999927532666123,0.999999999998216
"2693","Rpe65",8.48620453673046e-13,0.729270542251465,8.20775877128698e-09,0.999927714306351,0.999999999998216
"1939","Gm19461",8.48043395653525e-13,0.729152550961912,8.196600089802e-09,0.999927763460291,0.999999999998216
"1003","Frmpd3",8.45361787410447e-13,0.728603200670942,8.14484491133877e-09,0.999927991880323,0.999999999998216
"173","Tmem217",8.45356049042663e-13,0.728602023276083,8.1447343362981e-09,0.999927992369119,0.999999999998216
"1362","Gprc5a",8.45354169014509e-13,0.728601637531321,8.14469810940211e-09,0.99992799252926,0.999999999998216
"30","Tmem30c",8.3124209817302e-13,0.725682018828771,7.87503791911676e-09,0.999929194598834,0.999999999998216
"2529","Gm44029",8.21636456025439e-13,0.72366663683088,7.69408527151135e-09,0.999930012809732,0.999999999998216
"979","Gm11149",8.16948019886304e-13,0.722674493090898,7.60652755338932e-09,0.999930412171845,0.999999999998216
"1150","Rasd2",8.14061025448522e-13,0.722060764880788,7.55286146883747e-09,0.999930658086723,0.999999999998216
"893","Casq1",8.09402942396824e-13,0.721065992807539,7.46667333538254e-09,0.999931054863353,0.999999999998216
"2971","Pcdhgb4",8.02934002980355e-13,0.71967509396286,7.34779944302748e-09,0.999931605889162,0.999999999998216
"1849","Klkb1",7.96651460199568e-13,0.718313656009071,7.23326384254088e-09,0.99993214103766,0.999999999998216
"2678","Gm26632",7.91618122494668e-13,0.717215263082916,7.14215135952048e-09,0.999932569778572,0.999999999998216
"1967","Gpr75",7.89317791449647e-13,0.716710982018771,7.10070349116723e-09,0.999932765721321,0.999999999998216
"357","RP23-292C5.4",7.88993799489153e-13,0.716639839757089,7.09487542366073e-09,0.999932793319034,0.999999999998216
"2509","Angptl1",7.85423789102439e-13,0.715854022765861,7.03081541304122e-09,0.999933097413373,0.999999999998216
"928","Iyd",7.84205416189231e-13,0.715585032941917,7.00901950836507e-09,0.99993320119467,0.999999999998216
"2642","Il12rb2",7.83531938810955e-13,0.715436167122249,6.99698595431561e-09,0.999933258561634,0.999999999998216
"2154","Zfp618",7.81152504447808e-13,0.714909203434415,6.95455350630998e-09,0.999933461242423,0.999999999998216
"2870","Uprt",7.74535878137375e-13,0.713435483808943,6.83723762435134e-09,0.999934024848237,0.999999999998216
"1220","Nkx2-4",7.74253815945519e-13,0.713372384633247,6.83225870696362e-09,0.999934048874362,0.999999999998216
"1995","Ribc2",7.70418615613867e-13,0.712512168494369,6.76474032227903e-09,0.999934375557645,0.999999999998216
"2780","9630001P10Rik",7.70241743040793e-13,0.712472395085696,6.76163458299147e-09,0.999934390623693,0.999999999998216
"2299","Camk2a",7.68165872221043e-13,0.712004918912034,6.72523726868733e-09,0.999934567446867,0.999999999998216
"2778","Olfr558",7.66813525516425e-13,0.711699706389694,6.70157871498703e-09,0.999934682640083,0.999999999998216
"2990","Sdcbp2",7.66054262732834e-13,0.711528114873012,6.68831410745855e-09,0.999934747314269,0.999999999998216
"2539","Gm5900",7.65657493716942e-13,0.711438379331948,6.68138763056355e-09,0.999934781111149,0.999999999998216
"963","Mamdc4",7.64123291673663e-13,0.711090963511031,6.65463851959862e-09,0.999934911794846,0.999999999998216
"2719","Chst8",7.63633498739768e-13,0.710979906407199,6.64611018301868e-09,0.999934953515526,0.999999999998216
"812","Exoc3l2",7.63469267871872e-13,0.71094265248905,6.64325179853468e-09,0.99993496750475,0.999999999998216
"2067","Cyp4x1",7.63467385586315e-13,0.710942225468025,6.64321904153444e-09,0.999934967665084,0.999999999998216
"2833","Tcf21",7.63464070279494e-13,0.710941473344914,6.64316134617771e-09,0.999934967947482,0.999999999998216
"2382","Rspo1",7.63463301287707e-13,0.710941298888053,6.64314796366466e-09,0.999934968012985,0.999999999998216
"1787","Gm11730",7.63463215951316e-13,0.710941279528254,6.64314647858412e-09,0.999934968020254,0.999999999998216
"2886","Spdl1",7.63321893356146e-13,0.710909215516887,6.64068731673059e-09,0.999934980058147,0.999999999998216
"693","Gramd2",7.62975996891344e-13,0.710830712011694,6.63467027503319e-09,0.999935009521691,0.999999999998216
"2039","B930082K07Rik",7.59110271794276e-13,0.709950964560069,6.56760961420754e-09,0.99993533880508,0.999999999998216
"1069","Kcnh3",7.5724431030421e-13,0.709524734018755,6.53536174392047e-09,0.999935497748127,0.999999999998216
"2739","Plekhn1",7.56319934612802e-13,0.709313200622714,6.51941591979234e-09,0.99993557648667,0.999999999998216
"1896","Nxnl2",7.556120021771e-13,0.709151025488264,6.50721699241961e-09,0.999935636788524,0.999999999998216
"1942","Dpp6",7.54300161470271e-13,0.70885010895096,6.48464185614319e-09,0.99993574853143,0.999999999998216
"2424","Kif15",7.51615823439221e-13,0.708232750622167,6.43857001782093e-09,0.999935977183986,0.999999999998216
"137","Ptprn2",7.51253260070085e-13,0.708149199775499,6.43235985955781e-09,0.999936008067221,0.999999999998216
"82","Gm16702",7.50523094269719e-13,0.707980816130832,6.41986232508479e-09,0.999936070262919,0.999999999998216
"560","Avil",7.50521037411499e-13,0.707980341570347,6.41982713701768e-09,0.999936070438122,0.999999999998216
"616","Fbxo15",7.50520020792693e-13,0.707980107014515,6.41980974506662e-09,0.999936070524718,0.999999999998216
"470","Gm21981",7.50517567117157e-13,0.707979540897489,6.41976776855984e-09,0.999936070733723,0.999999999998216
"67","AI317395",7.50516313012644e-13,0.707979251547232,6.41974631389082e-09,0.999936070840548,0.999999999998216
"678","1700001J03Rik",7.50515840082241e-13,0.707979142431373,6.41973822321457e-09,0.999936070880832,0.999999999998216
"2345","Ntf3",7.48903790470890e-13,0.707606811203348,6.39218964502201e-09,0.999936208195604,0.999999999998216
"1777","Rbp7",7.48502395431549e-13,0.707513979077019,6.38533935091509e-09,0.99993624238653,0.999999999998216
"2915","Dnajb3",7.48181123725866e-13,0.707439641999881,6.37985910497151e-09,0.999936269752531,0.999999999998216
"329","Gm16503",7.46883340834645e-13,0.707139035327062,6.35774549948255e-09,0.999936380297988,0.999999999998216
"2214","Gm7808",7.45976582195311e-13,0.706928696184759,6.34231754477728e-09,0.999936457535906,0.999999999998216
"1489","Pkd1l2",7.45104496097181e-13,0.70672616201691,6.32749720309533e-09,0.999936531820409,0.999999999998216
"997","Ckm",7.45104382934782e-13,0.706726135720794,6.32749528112408e-09,0.999936531830048,0.999999999998216
"2877","Gsta3",7.44984612895281e-13,0.7066983019477,6.32546124812637e-09,0.999936542032089,0.999999999998216
"2698","4933433G15Rik",7.44225289445496e-13,0.706521737427639,6.31257340261909e-09,0.999936606711442,0.999999999998216
"1422","Xrra1",7.43482078725267e-13,0.706348747487802,6.29997176248846e-09,0.999936670018309,0.999999999998216
"596","Rxfp2",7.43480622665283e-13,0.706348408407544,6.29994708636494e-09,0.999936670142337,0.999999999998216
"211","Gm13066",7.43480464471781e-13,0.706348371568161,6.29994440543271e-09,0.999936670155812,0.999999999998216
"766","Ccdc177",7.40757705458949e-13,0.705713160236484,6.2538858413603e-09,0.999936902081077,0.999999999998216
"2049","Gm6471",7.39886418541853e-13,0.705509405388497,6.23918272229444e-09,0.999936976297505,0.999999999998216
"1587","Hist1h2bm",7.39698566142232e-13,0.70546544415444,6.23601494781097e-09,0.999936992298817,0.999999999998216
"2318","Eda",7.39513656028131e-13,0.705422160722384,6.23289757497331e-09,0.999937008049505,0.999999999998216
"2196","Klhl3",7.39509807340085e-13,0.705421259714942,6.2328326987786e-09,0.999937008377338,0.999999999998216
"2471","Syt14",7.3950454709284e-13,0.705420028243167,6.23274402889458e-09,0.999937008825407,0.999999999998216
"714","Gm42697",7.39503999591064e-13,0.705419900067521,6.23273479991235e-09,0.999937008872043,0.999999999998216
"172","Trpc7",7.3670499533845e-13,0.704763399117553,6.18564259778645e-09,0.999937247291896,0.999999999998216
"2145","Iqgap3",7.36703256814506e-13,0.704762990586417,6.18561340326451e-09,0.999937247439984,0.999999999998216
"522","Qrfp",7.36701262314711e-13,0.704762521903028,6.18557991030014e-09,0.999937247609876,0.999999999998216
"2703","Gm10644",7.29107276591744e-13,0.702968893634114,6.05871409422793e-09,0.999937894467398,0.999999999998216
"1320","Efcab6",7.24860650890903e-13,0.701957833213186,5.98834265968829e-09,0.999938256195993,0.999999999998216
"1773","Cma1",7.22524560091999e-13,0.70139915069304,5.9498062328656e-09,0.999938455184767,0.999999999998216
"2567","1700016C15Rik",7.21630508306942e-13,0.701184864381962,5.93509076423548e-09,0.999938531340312,0.999999999998216
"2342","Anxa8",7.21082113552645e-13,0.701053295577801,5.92607358469407e-09,0.999938578052709,0.999999999998216
"1317","Clec1b",7.12663191187777e-13,0.699020981235455,5.78850283398338e-09,0.999939295178533,0.999999999998216
"2819","2010015M23Rik",7.12277679844879e-13,0.698927353539332,5.7822420085039e-09,0.999939328016481,0.999999999998216
"825","Ly6g5b",7.0439623233883e-13,0.697002183589521,5.65498741217335e-09,0.999939999360068,0.999999999998216
"911","Gria4",6.99868846604335e-13,0.695886669841689,5.58252810320715e-09,0.999940385003869,0.999999999998216
"185","Gm10825",6.98938409637516e-13,0.695656535996505,5.56769464449257e-09,0.999940464258713,0.999999999998216
"2592","Chek1",6.97317980806687e-13,0.695255017810496,5.54190812490659e-09,0.999940602287229,0.999999999998216
"1001","Pappa",6.92746446931212e-13,0.694117281190012,5.46948213065676e-09,0.99994099169158,0.999999999998216
"919","Icam4",6.91738357475703e-13,0.693865397720664,5.45357525598347e-09,0.999941077560881,0.999999999998216
"2672","St8sia2",6.88965193176017e-13,0.693170616936816,5.40993637192546e-09,0.99994131377968,0.999999999998216
"2063","Irf6",6.8747746385549e-13,0.692796748139581,5.38659751189759e-09,0.99994144050482,0.999999999998216
"2207","Tmem178b",6.83735976460836e-13,0.691852969007506,5.32812564750423e-09,0.999941759205613,0.999999999998216
"1311","Gm28935",6.79477715991955e-13,0.690772619831359,5.26196591262153e-09,0.99994212192526,0.999999999998216
"744","Treml1",6.79471053696575e-13,0.690770924337556,5.26186272572224e-09,0.999942122492756,0.999999999998216
"330","RP24-445D7.2",6.79462503088511e-13,0.690768748261269,5.26173029375913e-09,0.999942123221099,0.999999999998216
"640","Colec11",6.72535474246542e-13,0.688996931226511,5.15499190773583e-09,0.999942713267075,0.999999999998216
"1527","Fstl4",6.71902877000664e-13,0.68883422787185,5.14529873876893e-09,0.99994276715186,0.999999999998216
"886","RP24-267C3.3",6.71608338002181e-13,0.688758421207049,5.14078868524838e-09,0.999942792240762,0.999999999998216
"1762","9130213A22Rik",6.63575276613222e-13,0.686678182113972,5.0185469028383e-09,0.999943476498856,0.999999999998216
"618","Ctsg",6.63178273913251e-13,0.686574731589473,5.01254372356784e-09,0.999943510315641,0.999999999998216
"2585","Ccsap",6.62561631989778e-13,0.686413926577795,5.00322644735163e-09,0.999943562841348,0.999999999998216
"2204","Gm7008",6.55470657862412e-13,0.68455409637322,4.89670684302201e-09,0.999944166852223,0.999999999998216
"2251","Bdkrb1",6.54846921587461e-13,0.684389553876987,4.88739200807816e-09,0.999944219982228,0.999999999998216
"1432","Sun3",6.53426737234914e-13,0.684014330051533,4.86621615503296e-09,0.999944340953872,0.999999999998216
"2790","Acbd7",6.52389152201181e-13,0.68373968327345,4.8507741659349e-09,0.999944429335614,0.999999999998216
"2142","Hist1h2ak",6.49855925183578e-13,0.683067329376188,4.81317619312116e-09,0.999944645116498,0.999999999998216
"1905","Foxb1",6.4622810840438e-13,0.682099941955746,4.75958713801115e-09,0.999944954134801,0.999999999998216
"2010","4930524O07Rik",6.44836351282913e-13,0.681727396547771,4.7391081273488e-09,0.999945072685006,0.999999999998216
"2262","Nnmt",6.4483208507785e-13,0.68172625335204,4.73904542015135e-09,0.999945073048402,0.999999999998216
"1922","BC106179",6.41351443101635e-13,0.68079106751936,4.68802313675644e-09,0.99994536953032,0.999999999998216
"66","Gm12406",6.34621562540332e-13,0.678968591699153,4.59015384690286e-09,0.999945942783158,0.999999999998216
"2520","Gm1667",6.33485316094504e-13,0.678659012965896,4.57373184909198e-09,0.999946039568903,0.999999999998216
"1789","Gm16104",6.32685861913259e-13,0.678440867475442,4.56219509606679e-09,0.999946107666601,0.999999999998216
"2209","Zfp947",6.31803976088428e-13,0.678199913537524,4.54948568872392e-09,0.999946182785847,0.999999999998216
"802","Cdnf",6.31324558601029e-13,0.678068785146903,4.54258394210032e-09,0.999946223622744,0.999999999998216
"2104","Gm26867",6.26549529720815e-13,0.676757352807922,4.47412806057285e-09,0.999946630360848,0.999999999998216
"1784","Kcns3",6.25302431468915e-13,0.676413221928923,4.4563349761917e-09,0.999946736588976,0.999999999998216
"505","Ccdc87",6.22197887426289e-13,0.675553589776122,4.41219459447949e-09,0.999947001034781,0.999999999998216
"2546","Gm12689",6.20173325607944e-13,0.674990717864808,4.38352774172123e-09,0.999947173487442,0.999999999998216
"2387","Tbx21",6.17501041289324e-13,0.674244984777376,4.34583248950494e-09,0.999947401113261,0.999999999998216
"1729","Ppl",6.17124503381141e-13,0.674139651660658,4.34053412835261e-09,0.99994743318685,0.999999999998216
"2704","9430037G07Rik",6.1602266924278e-13,0.673831058989314,4.32504850366501e-09,0.999947527041346,0.999999999998216
"2569","Zdhhc15",6.11415061876533e-13,0.672534674191176,4.26059114173704e-09,0.999947919518445,0.999999999998216
"2796","Cabp1",6.10494960331323e-13,0.672274643218575,4.24777749989237e-09,0.999947997892916,0.999999999998216
"214","Fam219aos",6.07613529515687e-13,0.671457811635045,4.20777457374739e-09,0.999948243333883,0.999999999998216
"2858","Zfp811",6.04397136760419e-13,0.670541501289509,4.16334490135843e-09,0.999948517306989,0.999999999998216
"2709","Eaf2",5.92445879216756e-13,0.667094091891235,4.00032208599578e-09,0.99994953531797,0.999999999998216
"2574","Rep15",5.91946653920021e-13,0.66694859972324,3.99358317317016e-09,0.9999495778421,0.999999999998216
"1175","Gm10655",5.91071587488078e-13,0.666693281824386,3.98178458453576e-09,0.999949652380469,0.999999999998216
"792","Gm26821",5.88161995156243e-13,0.665841662972261,3.9426798289318e-09,0.999949900220241,0.999999999998216
"2167","Mc3r",5.85301630344007e-13,0.665000393977389,3.90442478961208e-09,0.999950143866801,0.999999999998216
"2582","Gm11491",5.85051792898161e-13,0.664926721274779,3.90109227428952e-09,0.999950165148015,0.999999999998216
"1987","Gdf3",5.8495186808248e-13,0.664897246505731,3.89975980204829e-09,0.999950173659634,0.999999999998216
"1060","Ank1",5.84463394093589e-13,0.6647530901075,3.89324940022707e-09,0.999950215267966,0.999999999998216
"2740","Gm28873",5.83906999226988e-13,0.664588744396009,3.88584037196129e-09,0.999950262661814,0.999999999998216
"395","Dhh",5.83668221548748e-13,0.66451816783534,3.88266294052257e-09,0.999950283000954,0.999999999998216
"2859","Cd209c",5.82525766877389e-13,0.66418009308163,3.86747820017853e-09,0.999950380315516,0.999999999998216
"1153","Klf1",5.82349823894289e-13,0.664127970016133,3.86514232791434e-09,0.999950395302382,0.999999999998216
"1078","Myoc",5.81402986786984e-13,0.663847202867033,3.852583948303e-09,0.999950475954194,0.999999999998216
"993","Reln",5.79720299598187e-13,0.663347118527199,3.83031604549980e-09,0.999950619285891,0.999999999998216
"2659","Gm9797",5.78770246970718e-13,0.66306413617465,3.81777199622113e-09,0.999950700211602,0.999999999998216
"1055","Gm9873",5.78459790306151e-13,0.662971564363177,3.81367733213974e-09,0.999950726656375,0.999999999998216
"2591","Chp2",5.7778414205506e-13,0.662769930480635,3.80477368956547e-09,0.999950784208255,0.999999999998216
"519","Tnfsf11",5.77726005551843e-13,0.662752569927703,3.80400805723538e-09,0.999950789160336,0.999999999998216
"1222","Irx2",5.77630932643387e-13,0.662724175821163,3.80275615460902e-09,0.999950797258669,0.999999999998216
"1242","Rhbg",5.77629145509752e-13,0.662723642038634,3.80273262393386e-09,0.999950797410898,0.999999999998216
"1560","4931431C16Rik",5.764434200309e-13,0.662369129158725,3.78713656516345e-09,0.999950898411278,0.999999999998216
"2595","Zfp551",5.70696827180399e-13,0.660640739605759,3.71200463620141e-09,0.999951387907434,0.999999999998216
"2513","4930427A07Rik",5.69982258673571e-13,0.660424621955957,3.70271486657183e-09,0.999951448774551,0.999999999998216
"2602","Asb10",5.69965942910955e-13,0.660419684216765,3.70250288891385e-09,0.999951450164332,0.999999999998216
"2140","Cpsf4l",5.69386079965047e-13,0.660244106187729,3.69497313333113e-09,0.999951499557196,0.999999999998216
"2862","4930599N23Rik",5.69332878931266e-13,0.660227988496166,3.69428268017898e-09,0.999951504088873,0.999999999998216
"2527","Ttll13",5.69221271381632e-13,0.660194171243434,3.69283442577507e-09,0.999951513595631,0.999999999998216
"272","Gpc2",5.68485973208277e-13,0.659971211254964,3.68330006449289e-09,0.999951576228506,0.999999999998216
"1786","Stab2",5.68484307516584e-13,0.65997070585469,3.683278480026e-09,0.99995157637039,0.999999999998216
"1237","Gm16685",5.67986054196779e-13,0.65981946141954,3.67682482259102e-09,0.999951618811727,0.999999999998216
"1092","Hoxa7",5.67766045579164e-13,0.659752636323509,3.67397694817269e-09,0.999951637552114,0.999999999998216
"2005","Tepp",5.67765687337401e-13,0.659752527490861,3.67397231185611e-09,0.999951637582629,0.999999999998216
"1338","Pcdhgb2",5.67761113126055e-13,0.659751137854808,3.67391311328701e-09,0.999951637972261,0.999999999998216
"1874","0610039K10Rik",5.6734039361866e-13,0.659623276905764,3.66847028111373e-09,0.99995167380925,0.999999999998216
"2550","Col5a1",5.6719652915086e-13,0.659579533576015,3.66661003771716e-09,0.999951686063659,0.999999999998216
"594","Ptchd1",5.6705633893177e-13,0.65953689691039,3.66479775814818e-09,0.999951698005096,0.999999999998216
"914","3100003L05Rik",5.66069959933259e-13,0.65923661099665,3.65205921595266e-09,0.999951782025095,0.999999999998216
"1100","Colq",5.66067478620003e-13,0.659235854953673,3.65202719912179e-09,0.999951782236454,0.999999999998216
"1359","Gm43661",5.66063723578913e-13,0.659234710806367,3.65197874741867e-09,0.999951782556309,0.999999999998216
"204","Foxl2",5.66061882696607e-13,0.659234149893519,3.6519549944317e-09,0.999951782713116,0.999999999998216
"2307","Msc",5.66061438543598e-13,0.659234014560791,3.65194926351707e-09,0.999951782750949,0.999999999998216
"1461","Ebf3",5.66061095750385e-13,0.659233910112163,3.65194484045287e-09,0.999951782780149,0.999999999998216
"972","Gm43403",5.66060856757934e-13,0.65923383729145,3.6519417567325e-09,0.999951782800506,0.999999999998216
"1727","Il17rb",5.66060381300692e-13,0.659233692420107,3.65193562191005e-09,0.999951782841006,0.999999999998216
"1019","Gm26765",5.65846616979334e-13,0.65916854649092,3.64917794387951e-09,0.999951801049502,0.999999999998216
"682","Gm17315",5.65109694604625e-13,0.658943778914359,3.6396792221408e-09,0.999951863820726,0.999999999998216
"1459","Gm609",5.62606354987598e-13,0.658178074879392,3.60750432793492e-09,0.999952077055795,0.999999999998216
"551","Gm8444",5.62305627817623e-13,0.658085864627497,3.60364875605487e-09,0.999952102671807,0.999999999998216
"2918","Cldn22",5.57671063634758e-13,0.656658612638129,3.5444904841484e-09,0.999952497445095,0.999999999998216
"2266","Fhdc1",5.57489703383447e-13,0.65660252376473,3.54218545095038e-09,0.999952512893404,0.999999999998216
"1566","Chrnb2",5.55929547459629e-13,0.656119273466406,3.52238731399628e-09,0.99995264578786,0.999999999998216
"1213","1700105P06Rik",5.52791033548953e-13,0.655143070956485,3.48272813119756e-09,0.999952913127227,0.999999999998216
"2322","Fanci",5.51803303070435e-13,0.65483471673465,3.4702933295776e-09,0.999952997262346,0.999999999998216
"2766","Zfp661",5.50345550653485e-13,0.6543786331743,3.45198192672388e-09,0.999953121434046,0.999999999998216
"2327","Zscan25",5.50142133430713e-13,0.654314895822925,3.44943057401646e-09,0.999953138761174,0.999999999998216
"1165","Gm14703",5.49162129340018e-13,0.654007502086374,3.43715212830455e-09,0.999953222238157,0.999999999998216
"1546","Pcdhgb7",5.48004973665328e-13,0.653643844835792,3.42268234055447e-09,0.999953320804955,0.999999999998216
"2056","4833413G10Rik",5.47514043625261e-13,0.653489332325968,3.41655267015972e-09,0.999953362622493,0.999999999998216
"2198","Micalcl",5.46950175245173e-13,0.653311694978094,3.40951908252198e-09,0.999953410652937,0.999999999998216
"2753","Cadps2",5.46948471967576e-13,0.653311158115341,3.40949784713825e-09,0.999953410798023,0.999999999998216
"2232","Ict1os",5.46735772754869e-13,0.653244103656443,3.40684656813732e-09,0.999953428915793,0.999999999998216
"1540","2810425M01Rik",5.46652929352601e-13,0.653217979911751,3.40581421067271e-09,0.999953435972414,0.999999999998216
"1914","Gm15247",5.45958053696869e-13,0.652998704796821,3.39716113996587e-09,0.999953495162089,0.999999999998216
"844","Mlana",5.45956910786986e-13,0.652998343913302,3.39714691673039e-09,0.999953495259442,0.999999999998216
"1369","Enpp6",5.4595443178477e-13,0.652997561144707,3.39711606625319e-09,0.999953495470604,0.999999999998216
"1712","Fam159a",5.43904707237139e-13,0.652349138698644,3.37165576919758e-09,0.999953670066632,0.999999999998216
"1824","Abca8b",5.42157290840195e-13,0.651794444886886,3.35002616271501e-09,0.99995381891198,0.999999999998216
"1443","Otof",5.40097461390158e-13,0.651138311605711,3.3246188719106e-09,0.999953994368746,0.999999999998216
"2965","Lmtk3",5.39408528882202e-13,0.650918309927689,3.31614270835412e-09,0.999954053052182,0.999999999998216
"2103","Lrrtm3",5.37702514111506e-13,0.65037232147113,3.29519961352058e-09,0.999954198370929,0.999999999998216
"2603","Csprs",5.34106156281733e-13,0.649215735319033,3.25126793910296e-09,0.999954504709551,0.999999999998216
"2028","Mettl11b",5.32634080644103e-13,0.648740100509514,3.23337068534062e-09,0.999954630101307,0.999999999998216
"2004","Crip3",5.29785607109353e-13,0.647816052981378,3.19887967687892e-09,0.999954872734965,0.999999999998216
"1695","Gm15520",5.27547053360506e-13,0.647086419903327,3.17190372564412e-09,0.99995506341551,0.999999999998216
"2369","2310016G11Rik",5.25999613493714e-13,0.646580261469003,3.15332289381292e-09,0.999955195226808,0.999999999998216
"1738","Blk",5.20594218888377e-13,0.644800593913246,3.08884613930105e-09,0.999955655659616,0.999999999998216
"2956","Lama1",5.13986086130414e-13,0.642600020107575,3.01092764352355e-09,0.999956218541949,0.999999999998216
"64","Gm15893",5.07614257785014e-13,0.640451559904831,2.93673810121288e-09,0.999956761295814,0.999999999998216
"1112","Pcdhga3",5.01059380071315e-13,0.63821345123726,2.86138296515421e-09,0.999957319641869,0.999999999998216
"2631","Fam151b",4.95232548988202e-13,0.636199556568303,2.79521974497944e-09,0.999957815972737,0.999999999998216
"2989","Kcnq1",4.87606052150336e-13,0.633528059097462,2.70979082941105e-09,0.999958465599566,0.999999999998216
"2746","Lrriq3",4.86427367361626e-13,0.633111503859082,2.69670596789431e-09,0.999958566000219,0.999999999998216
"1839","RP23-316J6.4",4.85717339292837e-13,0.632860094502693,2.68883906069414e-09,0.99995862648058,0.999999999998216
"2170","Gm11520",4.83319037290675e-13,0.632008207630804,2.66235152566023e-09,0.999958830768519,0.999999999998216
"2412","Gm9801",4.80589975669588e-13,0.631033748979135,2.63237046611749e-09,0.999959063230642,0.999999999998216
"2861","Naalad2",4.74804195675041e-13,0.628949663619997,2.56937024166418e-09,0.999959556064769,0.999999999998216
"2187","Gm26606",4.7281636420005e-13,0.628227846854717,2.54790125078783e-09,0.99995972538873,0.999999999998216
"1448","Sytl4",4.70377158073567e-13,0.627338028430095,2.52168039237596e-09,0.999959933160893,0.999999999998216
"2058","Inha",4.66550481114567e-13,0.625932853796589,2.4808178441631e-09,0.999960259118154,0.999999999998216
"2330","Gm28424",4.6432617389965e-13,0.625110845515397,2.45721933847168e-09,0.999960448585175,0.999999999998216
"107","Gm11747",4.61165148680992e-13,0.623935962291487,2.42387685798813e-09,0.999960717842061,0.999999999998216
"39","Adam32",4.56741080769255e-13,0.622278231083896,2.37759426354012e-09,0.999961094685226,0.999999999998216
"540","Cfap99",4.56686303278352e-13,0.622257606476426,2.37702400242812e-09,0.999961099351186,0.999999999998216
"2926","Epcam",4.55921493780585e-13,0.621969388332533,2.36906909662566e-09,0.999961164497842,0.999999999998216
"2248","Lzts3",4.51451909959692e-13,0.620275434417162,2.32284688458663e-09,0.999961545218064,0.999999999998216
"2323","Fam169b",4.49533595915243e-13,0.619543323881086,2.30314829623151e-09,0.999961708620514,0.999999999998216
"2032","Itgae",4.45507927440602e-13,0.617996889424637,2.26208263838847e-09,0.99996205152792,0.999999999998216
"2756","Tmem51os1",4.4109846074522e-13,0.616287130364019,2.21752578465029e-09,0.99996242712735,0.999999999998216
"2727","Erbb3",4.40683241767755e-13,0.616125263060993,2.21335290488752e-09,0.999962462495802,0.999999999998216
"2799","Pstpip2",4.40653088281629e-13,0.616113502290651,2.21305002056403e-09,0.999962465064283,0.999999999998216
"2817","2700012I20Rik",4.40510944867894e-13,0.616058051377091,2.21162250419409e-09,0.999962477172093,0.999999999998216
"2279","Peli3",4.40419436469447e-13,0.616022344121143,2.21070374830376e-09,0.9999624849668,0.999999999998216
"2679","Plekha4",4.40276947624239e-13,0.615966729350696,2.20927352228712e-09,0.999962497104034,0.999999999998216
"2716","Tcte1",4.39827668164184e-13,0.615791254976085,2.20476692805317e-09,0.999962535373766,0.999999999998216
"769","Gm16838",4.35167408948019e-13,0.613960608648229,2.15829258307525e-09,0.999962932335764,0.999999999998216
"405","Clec2l",4.33469284737501e-13,0.613288741510398,2.14148113130811e-09,0.999963076982391,0.999999999998216
"2141","Oip5",4.31439203603027e-13,0.61248212071611,2.12146956194705e-09,0.999963249905188,0.999999999998216
"2194","Prr15l",4.27098508758602e-13,0.610744784380736,2.07899624033096e-09,0.999963619646616,0.999999999998216
"1474","Pcdhb12",4.26807219555766e-13,0.610627575113121,2.07616137842654e-09,0.9999636444587,0.999999999998216
"2485","Nacad",4.26734071833738e-13,0.610598129462901,2.07544979973372e-09,0.99996365068944,0.999999999998216
"2909","Nrap",4.26536145132822e-13,0.610518429017057,2.07352498662966e-09,0.999963667548884,0.999999999998216
"1408","4930590J08Rik",4.26475236778592e-13,0.610493895312142,2.07293283996862e-09,0.999963672737073,0.999999999998216
"56","Gm9887",4.26474013521019e-13,0.610493402552222,2.07292094841225e-09,0.99996367284127,0.999999999998216
"2122","Sh3tc2",4.2647292902131e-13,0.610492965686409,2.07291040578018e-09,0.999963672933648,0.999999999998216
"973","Gm5611",4.26472230534868e-13,0.610492684316599,2.07290361567216e-09,0.999963672993145,0.999999999998216
"417","Crabp1",4.26472017454329e-13,0.610492598481728,2.07290154428144e-09,0.999963673011295,0.999999999998216
"691","4933402J07Rik",4.26471015884469e-13,0.610492195020477,2.07289180787115e-09,0.999963673096609,0.999999999998216
"243","Gm16181",4.26470333327304e-13,0.610491920066212,2.07288517264403e-09,0.99996367315475,0.999999999998216
"1945","Pdzd4",4.26470269593639e-13,0.610491894392379,2.07288455308131e-09,0.999963673160179,0.999999999998216
"2785","Slc4a11",4.26470049136521e-13,0.610491805585611,2.07288240999154e-09,0.999963673178957,0.999999999998216
"1279","Cldn14",4.26469768796719e-13,0.610491692656225,2.07287968477671e-09,0.999963673202837,0.999999999998216
"1990","Rab3b",4.26468717189224e-13,0.610491269036146,2.07286946199757e-09,0.999963673292413,0.999999999998216
"1324","Murc",4.26466910383509e-13,0.610490541196416,2.07285189792169e-09,0.999963673446317,0.999999999998216
"2411","Gm10069",4.26465788649972e-13,0.610490089324368,2.07284099351445e-09,0.999963673541866,0.999999999998216
"1407","Gm16315",4.26465407174125e-13,0.610489935652783,2.07283728518218e-09,0.999963673574361,0.999999999998216
"1962","Slc45a3",4.26464698441653e-13,0.610489650150619,2.07283039559233e-09,0.999963673634731,0.999999999998216
"1792","1200007C13Rik",4.26463529854816e-13,0.610489179402051,2.07281903578221e-09,0.999963673734271,0.999999999998216
"1768","Myoz1",4.26435319656697e-13,0.610477814939479,2.07254481443597e-09,0.999963676137222,0.999999999998216
"1847","Gnrh1",4.25697361762665e-13,0.610180265393171,2.0653778310364e-09,0.999963738996653,0.999999999998216
"2545","2210011C24Rik",4.21914577576837e-13,0.608646991387523,2.02883466054684e-09,0.999964061215116,0.999999999998216
"1803","Scx",4.21875867504724e-13,0.60863123109311,2.02846239214281e-09,0.99996406451245,0.999999999998216
"2815","Gm17597",4.18659608250991e-13,0.607316767683291,1.99765147041917e-09,0.999964338474184,0.999999999998216
"602","Cfap73",4.17516703587754e-13,0.606847271367762,1.98675952494078e-09,0.999964435827077,0.999999999998216
"1621","Gm15478",4.17177650216986e-13,0.606707747149825,1.98353405398216e-09,0.999964464707725,0.999999999998216
"1145","Wnt2",4.17170895541447e-13,0.606704966390259,1.98346982225507e-09,0.99996446528309,0.999999999998216
"924","Eda2r",4.15829090957089e-13,0.606151691118027,1.97073092427598e-09,0.999964579578326,0.999999999998216
"2688","Slc28a3",4.15820677362574e-13,0.606148216333737,1.97065117630495e-09,0.999964580294998,0.999999999998216
"1390","Gm9938",4.14280392450036e-13,0.605510913317163,1.956078825124e-09,0.999964711496836,0.999999999998216
"2700","4930480K23Rik",4.11900327894098e-13,0.60452153715203,1.93366781732202e-09,0.999964914231305,0.999999999998216
"245","Gm11465",4.11487450507449e-13,0.604349333366828,1.92979325092684e-09,0.9999649494003,0.999999999998216
"666","Gm17477",4.10043294650036e-13,0.603745658746233,1.91627142063016e-09,0.999965072413842,0.999999999998216
"2697","Gm13293",4.08308548499747e-13,0.603017736246862,1.90009160415742e-09,0.999965220179935,0.999999999998216
"1216","Serpinf2",4.04710463501042e-13,0.601498160542916,1.86675128799454e-09,0.999965526665678,0.999999999998216
"2377","Zfp418",4.03334587139892e-13,0.600913564670907,1.85408023878757e-09,0.999965643863156,0.999999999998216
"2507","Grifin",4.02486782642723e-13,0.600552361279457,1.84629392162239e-09,0.999965716079346,0.999999999998216
"532","Slc25a31",4.01108415038435e-13,0.599963509446225,1.8336698344756e-09,0.999965833489029,0.999999999998216
"2835","Mme",4.00924797041105e-13,0.599884915526436,1.83199139690275e-09,0.999965849129654,0.999999999998216
"2291","Dpy19l2",4.00609008483375e-13,0.599749665666136,1.8291065961183e-09,0.999965876028599,0.999999999998216
"1860","Gm26668",3.96585896648996e-13,0.598017336480611,1.79255349620417e-09,0.99996621871823,0.999999999998216
"2754","Pebp4",3.9579961699309e-13,0.597676745577345,1.78545263277502e-09,0.999966285693719,0.999999999998216
"2525","Scube2",3.95465855105556e-13,0.597531968989433,1.78244270169254e-09,0.999966314123637,0.999999999998216
"52","Mfi2",3.95245653913238e-13,0.597436385883481,1.78045827381177e-09,0.999966332880427,0.999999999998216
"2286","Gm12359",3.94299954842511e-13,0.597025286823141,1.77194830872066e-09,0.999966413435301,0.999999999998216
"2850","Mpp3",3.9417650131455e-13,0.596971549370823,1.77083890446099e-09,0.999966423951102,0.999999999998216
"1705","St18",3.89415909018902e-13,0.59488657617114,1.72832325632418e-09,0.999966829459495,0.999999999998216
"202","Rpp25",3.89405013401384e-13,0.594881775504576,1.72822654283471e-09,0.999966830387586,0.999999999998216
"2839","Nrg2",3.89379307692971e-13,0.594870448908983,1.72799838028039e-09,0.999966832577205,0.999999999998216
"1807","Gm37276",3.89371377035489e-13,0.594866954308712,1.72792799121012e-09,0.99996683325274,0.999999999998216
"325","Dlgap3",3.8936305668743e-13,0.594863287918012,1.72785414495666e-09,0.999966833961469,0.999999999998216
"709","Psg16",3.89360388816122e-13,0.594862112294758,1.72783046691825e-09,0.999966834188719,0.999999999998216
"2930","Sds",3.88875100184292e-13,0.594648132942847,1.72352610536879e-09,0.999966875525721,0.999999999998216
"511","Slc26a3",3.88568990157415e-13,0.594513023735859,1.72081376419934e-09,0.999966901600247,0.999999999998216
"1650","Trpc4",3.88567334286042e-13,0.594512292590861,1.72079909787108e-09,0.999966901741294,0.999999999998216
"2892","Txlnb",3.8679878018162e-13,0.593729633713593,1.70517040122430e-09,0.999967052387157,0.999999999998216
"1658","Peg12",3.86017324849025e-13,0.593382682559983,1.69828739888932e-09,0.99996711895171,0.999999999998216
"2423","Zim1",3.85931652633938e-13,0.593344603627534,1.6975336508664e-09,0.999967126249289,0.999999999998216
"1643","Gm26734",3.84033343733116e-13,0.592498712510533,1.68087516748499e-09,0.999967287947697,0.999999999998216
"690","1700061E17Rik",3.80148396815762e-13,0.590754642516889,1.64703914231616e-09,0.999967618868406,0.999999999998216
"2136","Insc",3.79879346859671e-13,0.590633208003295,1.64470858405002e-09,0.999967641786146,0.999999999998216
"2272","Spink2",3.79618394210077e-13,0.590515347135199,1.64244974237804e-09,0.999967664014155,0.999999999998216
"2684","Gm5422",3.78385991366168e-13,0.589957643129386,1.63180287108626e-09,0.999967768990525,0.999999999998216
"1532","Ngb",3.75705181211726e-13,0.588738274807102,1.60876260392311e-09,0.999967997342577,0.999999999998216
"1986","Areg",3.70663790004761e-13,0.586421778790879,1.56587798358374e-09,0.999968426769488,0.999999999998216
"2370","Gm10699",3.70111789965527e-13,0.586166252838832,1.56121758180222e-09,0.999968473788984,0.999999999998216
"2806","Gm2026",3.69899842719621e-13,0.586068040637002,1.55943000825962e-09,0.999968491842701,0.999999999998216
"2898","Wnk3",3.68973734922895e-13,0.58563824850103,1.55163118154621e-09,0.999968570728785,0.999999999998216
"2937","Ccbe1",3.65131775609206e-13,0.583843822328842,1.51948652133974e-09,0.999968897987801,0.999999999998216
"1843","Gmnc",3.6496076279645e-13,0.583763516915453,1.51806352378456e-09,0.999968912554713,0.999999999998216
"458","Kcnj3",3.64867922662255e-13,0.583719904844804,1.51729128024744e-09,0.999968920462858,0.999999999998216
"1795","1810013D15Rik",3.63288035894936e-13,0.582976063815197,1.50417991357205e-09,0.999969055037992,0.999999999998216
"2466","2700016F22Rik",3.61547991221113e-13,0.582153117433356,1.48980524753569e-09,0.999969203255414,0.999999999998216
"424","Pcdhb8",3.61502522490153e-13,0.582131560882155,1.48943055152785e-09,0.999969207128451,0.999999999998216
"2234","Tmem74b",3.61366008610922e-13,0.58206682410908,1.48830585923106e-09,0.999969218756736,0.999999999998216
"2947","Pla2r1",3.6127483050929e-13,0.582023572757603,1.48755490988902e-09,0.999969226523309,0.999999999998216
"2908","Icos",3.61257089359316e-13,0.582015155794027,1.48740881453706e-09,0.999969228034504,0.999999999998216
"2905","Gm15892",3.58022024617395e-13,0.580473484979765,1.46088853973215e-09,0.999969503598095,0.999999999998216
"148","Gm26836",3.57599585047391e-13,0.580271158174296,1.457443092268e-09,0.999969539581599,0.999999999998216
"1259","Adam4",3.57593165664305e-13,0.580268081802854,1.4573907666952e-09,0.999969540128403,0.999999999998216
"629","Avpr1a",3.57518697716716e-13,0.580232390426482,1.45678383340226e-09,0.999969546471601,0.999999999998216
"2348","Samd5",3.57125967795054e-13,0.580044039486093,1.45358507278035e-09,0.99996957992443,0.999999999998216
"794","Qrich2",3.5691546371259e-13,0.579942998890161,1.45187197746022e-09,0.999969597855218,0.999999999998216
"2968","Gm26609",3.56533508041355e-13,0.57975951251934,1.44876617755071e-09,0.999969630390294,0.999999999998216
"1185","Klhl10",3.56128370006482e-13,0.579564677714562,1.44547550901205e-09,0.999969664900049,0.999999999998216
"679","Galnt14",3.54753805126166e-13,0.578902003706579,1.43433870794184e-09,0.999969781985815,0.999999999998216
"2558","Gm29394",3.53824660184639e-13,0.578452629859225,1.42683511942595e-09,0.999969861130603,0.999999999998216
"2878","Gm5577",3.48597116538087e-13,0.575902475490499,1.38498533466904e-09,0.999970306414025,0.999999999998216
"2998","Zbtb3",3.47978425135698e-13,0.575598167032202,1.38007354347596e-09,0.999970359114306,0.999999999998216
"2433","Gm15601",3.44708117489089e-13,0.573980723988243,1.35425552222201e-09,0.999970637679896,0.999999999998216
"2969","Sprtn",3.44057285804039e-13,0.573657028297836,1.34914650218265e-09,0.999970693117895,0.999999999998216
"1188","Gm22",3.43991515135337e-13,0.573624283213888,1.34863074047681e-09,0.999970698720256,0.999999999998216
"1894","Ky",3.43991263649836e-13,0.573624157995564,1.34862876856217e-09,0.999970698741678,0.999999999998216
"1257","A330102I10Rik",3.4248817003274e-13,0.572874128447244,1.33686866476092e-09,0.999970826775552,0.999999999998216
"2731","4930430E12Rik",3.41755281786058e-13,0.572507246276191,1.33115327304867e-09,0.999970889203149,0.999999999998216
"1988","Gm12002",3.41753397018274e-13,0.572506301766073,1.33113859056667e-09,0.999970889363694,0.999999999998216
"2043","Gm26682",3.40583908505042e-13,0.571919245645983,1.32204380067325e-09,0.999970988981006,0.999999999998216
"2895","Kcnq4",3.39691319924891e-13,0.571469847939422,1.3151233627588e-09,0.999971065011915,0.999999999998216
"2635","Shank3",3.37889242329401e-13,0.570558984368736,1.30120679879642e-09,0.999971218513317,0.999999999998216
"2663","4931428F04Rik",3.3699193511489e-13,0.570103650891853,1.29430494001202e-09,0.99997129494616,0.999999999998216
"452","Gm13133",3.35887748473508e-13,0.569541694176859,1.28583700535248e-09,0.999971389001043,0.999999999998216
"1106","Ccdc36",3.35887225076796e-13,0.569541427371481,1.28583299804742e-09,0.999971389045626,0.999999999998216
"1745","Capn12",3.35885845529829e-13,0.569540724135161,1.28582243579177e-09,0.999971389163137,0.999999999998216
"1592","Gpihbp1",3.35885700224754e-13,0.569540650064443,1.28582132329187e-09,0.999971389175514,0.999999999998216
"194","4931429L15Rik",3.35880730458804e-13,0.569538116657413,1.28578327354012e-09,0.99997138959884,0.999999999998216
"105","Tectb",3.35872619784464e-13,0.569533982049445,1.28572117742953e-09,0.999971390289709,0.999999999998216
"663","Gm11963",3.35204925659075e-13,0.569193271111268,1.28061438911007e-09,0.999971447164054,0.999999999998216
"10","Vmo1",3.3520491099614e-13,0.569193263621722,1.28061427707374e-09,0.999971447165303,0.999999999998216
"2994","1810062O18Rik",3.35204654009363e-13,0.56919313235773,1.28061231349385e-09,0.999971447187194,0.999999999998216
"1244","Sptbn4",3.35200178074074e-13,0.569190846118634,1.28057811409054e-09,0.999971447568455,0.999999999998216
"989","4930412M03Rik",3.35198910420019e-13,0.569190198614915,1.28056842837391e-09,0.999971447676434,0.999999999998216
"1969","Gm43936",3.3519877570476e-13,0.569190129803702,1.28056739906226e-09,0.999971447687909,0.999999999998216
"287","Ces2g",3.35198710853628e-13,0.569190096678381,1.28056690355784e-09,0.999971447693433,0.999999999998216
"1746","Cabyr",3.35197610552637e-13,0.569189534654475,1.28055849656416e-09,0.999971447787157,0.999999999998216
"271","Gm17120",3.35194752712521e-13,0.569188074886808,1.2805366609918e-09,0.999971448030588,0.999999999998216
"899","Serpina3i",3.35194503185909e-13,0.569187947429521,1.28053475447116e-09,0.999971448051843,0.999999999998216
"2219","Kcnj14",3.35194501105017e-13,0.569187946366609,1.28053473857201e-09,0.99997144805202,0.999999999998216
"1645","Elfn1",3.35193614519539e-13,0.56918749350121,1.28052796458259e-09,0.99997144812754,0.999999999998216
"1344","RP23-137A24.6",3.35193468491062e-13,0.569187418910157,1.28052684884829e-09,0.999971448139979,0.999999999998216
"2399","Mss51",3.35193193537334e-13,0.569187278464256,1.28052474805862e-09,0.999971448163399,0.999999999998216
"1462","Gm17552",3.35192538698179e-13,0.569186943973064,1.28051974475342e-09,0.999971448219179,0.999999999998216
"1539","Mettl24",3.35191809361381e-13,0.56918657142779,1.28051417225972e-09,0.999971448281304,0.999999999998216
"2824","Pla2g2c",3.35190541121592e-13,0.569185923608937,1.28050448230963e-09,0.999971448389333,0.999999999998216
"1467","Gm43254",3.35190340609163e-13,0.569185821186658,1.28050295030347e-09,0.999971448406412,0.999999999998216
"867","Sec16b",3.35190294695508e-13,0.56918579773383,1.28050259950239e-09,0.999971448410323,0.999999999998216
"2087","Glycam1",3.34997532572149e-13,0.569087306360829,1.27903023333048e-09,0.999971464829847,0.999999999998216
"767","1700011I03Rik",3.33372096340983e-13,0.568254564211957,1.26664842043746e-09,0.999971603284895,0.999999999998216
"1151","Zfp819",3.3294397034797e-13,0.568034560949908,1.26339717709879e-09,0.99997163975277,0.999999999998216
"2086","A730015C16Rik",3.31798393452203e-13,0.567444502995167,1.25471806701225e-09,0.999971737333285,0.999999999998216
"2479","Vnn1",3.31499827869239e-13,0.567290389360825,1.25246099108065e-09,0.999971762765172,0.999999999998216
"2735","Chtf18",3.31467339215597e-13,0.567273611106301,1.25221550813335e-09,0.999971765532564,0.999999999998216
"1659","A730036I17Rik",3.30887740409091e-13,0.566974013607933,1.2478401264174e-09,0.999971814902929,0.999999999998216
"248","Rpl7a-ps3",3.30533590472548e-13,0.566790696967708,1.24517042335927e-09,0.999971845069506,0.999999999998216
"2536","Wfdc6a",3.30531426329202e-13,0.566789576159131,1.24515411809686e-09,0.999971845253848,0.999999999998216
"1982","Lpo",3.2963887817904e-13,0.566326708025574,1.23843851171342e-09,0.999971921281313,0.999999999998216
"2191","Apoc4",3.25882247819833e-13,0.564364907856944,1.21037236763373e-09,0.999972241271988,0.999999999998216
"828","Prss12",3.24006016096536e-13,0.563376730772263,1.19647531306495e-09,0.999972401089856,0.999999999998216
"2054","Dpysl5",3.23723613151808e-13,0.563227505956321,1.19439053140267e-09,0.999972425145007,0.999999999998216
"1277","1700040D17Rik",3.16684808688962e-13,0.559466055260737,1.14301533098174e-09,0.999973024712058,0.999999999998216
"1739","Gm26624",3.16675708610033e-13,0.559461139132481,1.14294964181701e-09,0.999973025487205,0.999999999998216
"2583","Ptpn3",3.16668237539929e-13,0.559457102938217,1.14289571310735e-09,0.999973026123593,0.999999999998216
"2112","1700064M15Rik",3.15645390519749e-13,0.558903628616309,1.1355244685479e-09,0.999973113249947,0.999999999998216
"1456","A530083I20Rik",3.15606317841171e-13,0.558882450888957,1.13524336045744e-09,0.999973116578167,0.999999999998216
"2627","Asgr2",3.15320307785695e-13,0.558727352218548,1.13318672295216e-09,0.999973140940572,0.999999999998216
"2205","Dbil5",3.13752839957394e-13,0.557874868562583,1.12194850689564e-09,0.999973274457858,0.999999999998216
"1282","Palm2",3.13060061827111e-13,0.557496755046923,1.11699936745376e-09,0.999973333468865,0.999999999998216
"1105","Klhl35",3.10362669484282e-13,0.556016635073826,1.09783368237848e-09,0.999973563233391,0.999999999998216
"1619","Rims3",3.07547916113301e-13,0.554458531295776,1.0780109472919e-09,0.999973802994758,0.999999999998216
"2772","1810063I02Rik",3.07146837503546e-13,0.554235370950798,1.07520107487438e-09,0.999973837158731,0.999999999998216
"1611","Pde6a",3.07092798480214e-13,0.55420528164858,1.07482276914168e-09,0.999973841761787,0.999999999998216
"1285","2810030D12Rik",3.05267844006896e-13,0.55318605718679,1.06208606975779e-09,0.999973997211847,0.999999999998216
"1958","Dcdc2c",3.05266905884145e-13,0.553185531708325,1.06207954194561e-09,0.999973997291757,0.999999999998216
"1563","Pcdhgb6",3.05262315863884e-13,0.553182960639324,1.06204760314143e-09,0.999973997682736,0.999999999998216
"1606","Gm26826",3.02552203153834e-13,0.551658214425639,1.04327363758365e-09,0.999974228530786,0.999999999998216
"1675","Gm17435",3.02548341957375e-13,0.551656032471686,1.04324700906316e-09,0.999974228859684,0.999999999998216
"1690","C2cd4d",3.02548188242618e-13,0.551655945607234,1.04324594898517e-09,0.999974228872777,0.999999999998216
"2091","Fgf9",3.02548151874088e-13,0.551655925055313,1.04324569817342e-09,0.999974228875875,0.999999999998216
"320","Ssu2",3.02546785915245e-13,0.551655153147807,1.0432362780037e-09,0.999974228992228,0.999999999998216
"2040","Susd5",3.02543968651913e-13,0.55165356109286,1.04321684922266e-09,0.999974229232203,0.999999999998216
"1209","Gabrd",3.02543710289599e-13,0.551653415089801,1.04321506747963e-09,0.99997422925421,0.999999999998216
"1198","B430218F22Rik",3.0254115282698e-13,0.551651969836154,1.04319743054208e-09,0.999974229472056,0.999999999998216
"2434","Zik1",3.0196791027684e-13,0.551327719074898,1.03924796044853e-09,0.999974278300993,0.999999999998216
"2939","BC055324",3.00956207626537e-13,0.550753972737899,1.03229590642682e-09,0.999974364478068,0.999999999998216
"894","Gm10687",2.99583006387756e-13,0.549972167222309,1.02289709033893e-09,0.999974481447679,0.999999999998216
"2902","Slfn3",2.96049681346114e-13,0.547944179602272,9.98910986548067e-10,0.999974782417153,0.999999999998216
"2524","Fam83d",2.95626839941061e-13,0.547699888342996,9.96059578065877e-10,0.999974818434885,0.999999999998216
"1398","Gm26847",2.9307875420677e-13,0.546220430560865,9.78962976409191e-10,0.999975035481439,0.999999999998216
"1669","Pou2f3",2.93078406743053e-13,0.546220227954526,9.789606551634e-10,0.999975035511036,0.999999999998216
"2610","1700048O20Rik",2.92659144573498e-13,0.545975583166342,9.76161761889438e-10,0.999975071223888,0.999999999998216
"2447","Bend3",2.92416500322395e-13,0.545833839254411,9.74543757781209e-10,0.999975091892383,0.999999999998216
"2383","Nos1",2.92407956437754e-13,0.545828846115594,9.74486809778661e-10,0.999975092620153,0.999999999998216
"2538","Ebf4",2.92378689679952e-13,0.545811741214626,9.74291749134474e-10,0.999975095113103,0.999999999998216
"2791","Klf12",2.9233628437663e-13,0.545786954520367,9.74009155754572e-10,0.999975098725197,0.999999999998216
"1947","4931422A03Rik",2.92235977858337e-13,0.545728309367712,9.73340865767433e-10,0.99997510726933,0.999999999998216
"2876","Ccser1",2.89215827258087e-13,0.543953191111654,9.53326588286944e-10,0.999975364526483,0.999999999998216
"1580","Asic1",2.88744687409989e-13,0.543674627940238,9.50223132229132e-10,0.999975404658288,0.999999999998216
"29","Nox4",2.88742815951215e-13,0.543673520539965,9.50210814789315e-10,0.999975404817699,0.999999999998216
"1044","Gm14508",2.8823486438471e-13,0.543372687884294,9.46870565262254e-10,0.999975448085135,0.999999999998216
"1329","Gm26566",2.85116654686892e-13,0.541514405334222,9.26494333148384e-10,0.999975713694985,0.999999999998216
"2900","Abcc6",2.85050747891608e-13,0.541474912607129,9.26066050802559e-10,0.999975719308942,0.999999999998216
"2758","Tekt2",2.82670431068305e-13,0.540042509331544,9.10664393497854e-10,0.999975922064899,0.999999999998216
"2757","Gm21738",2.82389949495076e-13,0.539872941266727,9.08858064781716e-10,0.999975945956387,0.999999999998216
"2875","Anxa9",2.81622957407261e-13,0.539408398863268,9.03927717395721e-10,0.999976011288957,0.999999999998216
"2297","Psrc1",2.81555939042179e-13,0.539367748754568,9.03497549697825e-10,0.999976016997597,0.999999999998216
"303","Troap",2.81553634235549e-13,0.539366350600316,9.03482757762509e-10,0.999976017193921,0.999999999998216
"1347","Gm4799",2.81547215979881e-13,0.539362457063918,9.03441566909103e-10,0.99997601774063,0.999999999998216
"2300","Sytl1",2.8145622901128e-13,0.53930725179831,9.02857734980422e-10,0.999976025490922,0.999999999998216
"2061","Gm29650",2.80665866694626e-13,0.538826967188596,8.97794192287121e-10,0.999976092814173,0.999999999998216
"2845","Kcnk5",2.80458665597447e-13,0.538700835321489,8.96469091533372e-10,0.999976110463612,0.999999999998216
"1192","Pcdhga2",2.8043195700943e-13,0.538684570016038,8.9629835490452e-10,0.999976112738656,0.999999999998216
"2640","Igsf23",2.80062149345745e-13,0.538459203138529,8.93936003223319e-10,0.999976144238962,0.999999999998216
"2991","Klhl29",2.78784155714646e-13,0.537678107348936,8.85796110764736e-10,0.999976253098766,0.999999999998216
"2963","Ngf",2.78177459613358e-13,0.537306064641248,8.81944928584216e-10,0.999976304777285,0.999999999998216
"2223","Hist1h3f",2.75222097308548e-13,0.535482237790932,8.63304876111721e-10,0.999976556515755,0.999999999998216
"2395","Gm16217",2.75095935346551e-13,0.535403951024878,8.62513578651198e-10,0.999976567262261,0.999999999998216
"2967","Gm12802",2.74523867799343e-13,0.535048523529558,8.58930079735012e-10,0.999976615991112,0.999999999998216
"2864","Gm42893",2.71373120412432e-13,0.533077770641243,8.39327109665407e-10,0.99997688437253,0.999999999998216
"2822","Clstn3",2.71113354648027e-13,0.532914285061783,8.37721025050221e-10,0.99997690649944,0.999999999998216
"1875","Gm20512",2.7046411819365e-13,0.532505006757558,8.33713639918613e-10,0.999976961801557,0.999999999998216
"946","Sspnos",2.69759190895019e-13,0.532059522636685,8.2937338496134e-10,0.999977021847433,0.999999999998216
"1524","Gm12905",2.69670255308632e-13,0.532003237600034,8.28826611009647e-10,0.999977029422987,0.999999999998216
"2573","RP23-207N5.2",2.65467416908932e-13,0.529322283867056,8.03193234854394e-10,0.99997738742177,0.999999999998216
"2854","Runx2os1",2.64857266655276e-13,0.528929599541963,7.99505359521524e-10,0.999977439394515,0.999999999998216
"1143","Ephb2",2.63606907625348e-13,0.52812209121126,7.91974442202162e-10,0.999977545900397,0.999999999998216
"945","Smlr1",2.63062510162844e-13,0.527769327037904,7.88706669903371e-10,0.999977592272303,0.999999999998216
"996","Slc5a8",2.63061881086935e-13,0.527768918986718,7.88702897752248e-10,0.999977592325888,0.999999999998216
"2609","Gm26902",2.6219657481542e-13,0.527206723719276,7.83522769673043e-10,0.999977666032884,0.999999999998216
"1273","Gm29571",2.61967817809484e-13,0.52705779302049,7.82156175663169e-10,0.99997768551846,0.999999999998216
"2964","Gm26582",2.60716358020146e-13,0.526240762160449,7.74701069269041e-10,0.999977792118105,0.999999999998216
"2690","Fam228a",2.60695270386959e-13,0.526226961737685,7.74575753378453e-10,0.999977793914355,0.999999999998216
"2517","Wisp2",2.60306876655877e-13,0.525972587420859,7.7226948779333e-10,0.999977826997826,0.999999999998216
"2571","Gm5616",2.59850180742181e-13,0.525673000159785,7.69562045462137e-10,0.999977865899294,0.999999999998216
"1885","Gad1",2.5864433049837e-13,0.524879474275913,7.62436220787301e-10,0.999977968613907,0.999999999998216
"1113","RP23-152P5.3",2.57238644081034e-13,0.523949825949429,7.5417132774682e-10,0.999978088350613,0.999999999998216
"2193","Grem2",2.55695571900846e-13,0.522923532983954,7.4515051837113e-10,0.999978219789871,0.999999999998216
"1395","Adcy10",2.53640399716297e-13,0.521547119797141,7.3322025156295e-10,0.99997839484993,0.999999999998216
"2283","Lingo4",2.519283291433e-13,0.520392070409555,7.23355197717979e-10,0.999978540684512,0.999999999998216
"2637","Trim29",2.49938237830247e-13,0.519039687401999,7.1197214196746e-10,0.999978710200967,0.999999999998216
"2981","Mtmr7",2.49470120736154e-13,0.518720032277216,7.09307689966038e-10,0.999978750075294,0.999999999998216
"1708","Sapcd2",2.478447908068e-13,0.517605561070709,7.00095336183321e-10,0.999978888521287,0.999999999998216
"1514","Gm44210",2.47769586846841e-13,0.517553820256766,6.99670538440923e-10,0.999978894927178,0.999999999998216
"1159","Pax3",2.47253255179423e-13,0.517198162038407,6.9675746391892e-10,0.999978938908433,0.999999999998216
"2456","Gm9484",2.47148908710231e-13,0.517126197434797,6.96169493177862e-10,0.999978947796691,0.999999999998216
"1930","Prr11",2.45172522460115e-13,0.515757456568547,6.85079835021821e-10,0.999979116145746,0.999999999998216
"2917","RP23-223O9.2",2.44036941896221e-13,0.514966083733431,6.78748279859111e-10,0.99997921287477,0.999999999998216
"2828","Neu3",2.43736235152696e-13,0.514755916655359,6.77076578575802e-10,0.999979238489043,0.999999999998216
"2978","Rab27b",2.43588565705912e-13,0.514652615321538,6.76256403144459e-10,0.999979251067562,0.999999999998216
"1294","Card14",2.41482295814011e-13,0.513172426662036,6.64612011587636e-10,0.999979430480136,0.999999999998216
"2046","Adam12",2.41460867680505e-13,0.513157302645846,6.644940670153e-10,0.999979432305389,0.999999999998216
"2391","2810408A11Rik",2.40924002131412e-13,0.512777949398092,6.61542471734201e-10,0.999979478035726,0.999999999998216
"2445","2810049E08Rik",2.35774788180684e-13,0.509096549199409,6.33566667459494e-10,0.999979916647005,0.999999999998216
"2565","Ckap2",2.34617370466776e-13,0.508258152696262,6.27361581643282e-10,0.999980015236123,0.999999999998216
"15","Prss34",2.34182575483466e-13,0.50794214693071,6.25038472194125e-10,0.999980052272064,0.999999999998216
"1866","1700011E24Rik",2.34036425799716e-13,0.507835796506738,6.24258562159759e-10,0.999980064721129,0.999999999998216
"2935","Gm3604",2.33011370210021e-13,0.507088037079667,6.18802160416151e-10,0.99998015203561,0.999999999998216
"2973","Mirg",2.30252612451302e-13,0.50505934715694,6.04236180799649e-10,0.999980387027257,0.999999999998216
"643","Fancd2os",2.28292394320997e-13,0.503603256807927,5.93991841263443e-10,0.999980553999108,0.999999999998216
"2555","Zwilch",2.26920551765913e-13,0.502576872825561,5.86874521643544e-10,0.999980670852986,0.999999999998216
"1781","Trhde",2.26282434398724e-13,0.502097360182126,5.83578493424459e-10,0.999980725207976,0.999999999998216
"2188","Gm15821",2.24312441665323e-13,0.500608554772433,5.73461569905307e-10,0.999980893012429,0.999999999998216
"2829","Gm26935",2.23794405351737e-13,0.500214912284278,5.70815877333508e-10,0.999980937138887,0.999999999998216
"2795","Zfp935",2.23743151582676e-13,0.500175917031462,5.70554448859235e-10,0.999980941504695,0.999999999998216
"1506","Bcas1os2",2.205701828047e-13,0.497744524426519,5.5448678492374e-10,0.999981211778936,0.999999999998216
"2995","Gm15133",2.20149440152448e-13,0.49741952973568,5.52373410136499e-10,0.999981247617897,0.999999999998216
"1970","Sh3rf2",2.19953515596312e-13,0.497267982479727,5.51390665345148e-10,0.999981264306797,0.999999999998216
"2887","Tnfrsf4",2.19525863866542e-13,0.496936731861318,5.49248631495794e-10,0.999981300734274,0.999999999998216
"1479","Sema3e",2.17697305278038e-13,0.495513152449689,5.40136716875346e-10,0.999981456491333,0.999999999998216
"1908","Ces1d",2.17672178766406e-13,0.49549350881438,5.40012039463656e-10,0.999981458631615,0.999999999998216
"2516","Ceacam16",2.16345533156782e-13,0.494453163494875,5.33449680677518e-10,0.999981571635606,0.999999999998216
"2752","Kbtbd8",2.15710405505497e-13,0.493952872715927,5.30322171493999e-10,0.999981625735932,0.999999999998216
"1869","Dnah14",2.15435916613079e-13,0.493736207861332,5.28973373055989e-10,0.999981649116962,0.999999999998216
"1623","Shisa3",2.14833934499636e-13,0.493260085162606,5.26021334010477e-10,0.999981700393942,0.999999999998216
"2655","Gm13305",2.14103364300883e-13,0.492680488853844,5.22449811769565e-10,0.999981762624087,0.999999999998216
"2152","A430078I02Rik",2.13852673387219e-13,0.492481154292609,5.21227068320157e-10,0.999981783977999,0.999999999998216
"2226","Col25a1",2.13349075201759e-13,0.492080025611228,5.18775100466602e-10,0.999981826874614,0.999999999998216
"2734","Ccdc88c",2.13057081938639e-13,0.491847017805698,5.17356062901231e-10,0.99998185174667,0.999999999998216
"2292","Zfp759",2.12894676786455e-13,0.491717283761282,5.16567642574822e-10,0.999981865580379,0.999999999998216
"1976","Aplnr",2.10178406318651e-13,0.48953286077888,5.03470215136467e-10,0.999982096952949,0.999999999998216
"86","AF529169",2.0906213768064e-13,0.488627077403891,4.98136502753705e-10,0.999982192036979,0.999999999998216
"2106","Exo1",2.08895454384623e-13,0.488491415120274,4.97342500213303e-10,0.999982206235103,0.999999999998216
"1493","Gm16253",2.08583689451173e-13,0.488237385225312,4.95859095538885e-10,0.999982232791314,0.999999999998216
"2951","Snai2",2.07057601402543e-13,0.486988483592712,4.88629801820785e-10,0.99998236278386,0.999999999998216
"2966","Erbb4",2.06686018035665e-13,0.486683017763153,4.86877595798408e-10,0.999982394435421,0.999999999998216
"2215","Prrg3",2.0326259788294e-13,0.48384299287704,4.70882486163387e-10,0.99998268604317,0.999999999998216
"2001","Cpz",2.03187498163385e-13,0.483780163839147,4.7053459520669e-10,0.999982692440182,0.999999999998216
"2009","Rsg1",2.03187439567666e-13,0.483780114808551,4.70534323818844e-10,0.999982692445173,0.999999999998216
"1617","Trnp1",2.03155058683325e-13,0.483753017624051,4.70384362743632e-10,0.999982695203385,0.999999999998216
"220","Gm1070",2.02457684982728e-13,0.483168400999402,4.67160513309906e-10,0.999982754605844,0.999999999998216
"1465","Ercc6l",2.02457416488282e-13,0.483168175535188,4.67159274236961e-10,0.999982754628714,0.999999999998216
"2755","Kifc5b",2.01768801193145e-13,0.482588948897659,4.63986795378809e-10,0.99998281328513,0.999999999998216
"2614","Ankrd65",2.01763829082258e-13,0.482584759538221,4.63963927964638e-10,0.999982813708656,0.999999999998216
"1696","1700112D23Rik",2.0176304150663e-13,0.482584095940022,4.63960305848917e-10,0.999982813775742,0.999999999998216
"2554","2310010G23Rik",2.01761896450165e-13,0.48258313112983,4.63955039678898e-10,0.999982813873278,0.999999999998216
"1861","1700028J19Rik",2.01761577632288e-13,0.482582862496929,4.63953573425394e-10,0.999982813900435,0.999999999998216
"2860","Dhx58os",2.01761365664214e-13,0.482582683894422,4.63952598578795e-10,0.999982813918491,0.999999999998216
"1521","Hormad2",2.01755713661874e-13,0.482577921496797,4.63926605253112e-10,0.999982814399929,0.999999999998216
"2367","Enox1",2.01314703834041e-13,0.482205918864506,4.61900664284787e-10,0.999982851965252,0.999999999998216
"1083","1700063D05Rik",2.00166948906494e-13,0.481233979695218,4.56648812476537e-10,0.999982949731292,0.999999999998216
"571","6530409C15Rik",1.97692162453663e-13,0.479119452842548,4.45426958011297e-10,0.999983160534196,0.999999999998216
"2773","Gm43003",1.95616964393051e-13,0.477326128807605,4.36124640239515e-10,0.999983337300064,0.999999999998216
"2270","1810020O05Rik",1.94087390253619e-13,0.475992267381821,4.29330986859244e-10,0.999983467589556,0.999999999998216
"332","Kbtbd12",1.93806285120144e-13,0.475746003305115,4.28088250316576e-10,0.999983491534159,0.999999999998216
"2236","Cpne1",1.93549051588825e-13,0.475520343318579,4.26952625910894e-10,0.999983513445373,0.999999999998216
"2285","Prss43",1.92713556561731e-13,0.47478535382729,4.23274520836827e-10,0.999983584613039,0.999999999998216
"1144","Car3",1.92659437647239e-13,0.474737636837906,4.23036821511988e-10,0.999983589222902,0.999999999998216
"1713","Phf19",1.9172076523216e-13,0.473907894172853,4.18924636357767e-10,0.999983669179243,0.999999999998216
"2656","4732465J04Rik",1.91717230700683e-13,0.473904762248215,4.18909190053214e-10,0.999983669480315,0.999999999998216
"1147","Defb30",1.91463379698283e-13,0.473679677572054,4.17800576965324e-10,0.999983691103404,0.999999999998216
"2487","Twist2",1.90727427549413e-13,0.473025456341233,4.14594843518686e-10,0.999983753791985,0.999999999998216
"1597","Il10",1.90463182715662e-13,0.472789949678757,4.13446831874031e-10,0.999983776300423,0.999999999998216
"2770","Gm16248",1.90374855418223e-13,0.472711156645834,4.13063448870411e-10,0.999983783824164,0.999999999998216
"1893","Tcf23",1.89250910659376e-13,0.471705373601053,4.08200516367746e-10,0.999983879562048,0.999999999998216
"2647","Tnni3",1.88256111205378e-13,0.470810233099332,4.03920374479743e-10,0.999983964299304,0.999999999998216
"2831","A530032D15Rik",1.86515029256928e-13,0.46923228911448,3.96483628507301e-10,0.999984112605081,0.999999999998216
"2457","Lancl3",1.85041809707482e-13,0.46788572366199,3.90244982745707e-10,0.999984238094276,0.999999999998216
"948","Car7",1.84681514198551e-13,0.467554794490081,3.88726767698977e-10,0.999984268784334,0.999999999998216
"195","Cdh7",1.84677726823443e-13,0.467551312429899,3.88710824154285e-10,0.999984269106943,0.999999999998216
"2426","Rnase1",1.84676410510455e-13,0.467550102213494,3.88705283006564e-10,0.999984269219067,0.999999999998216
"954","Sorcs1",1.84672853813424e-13,0.467546832148447,3.88690310941541e-10,0.999984269522028,0.999999999998216
"1912","Gm42726",1.84672507928989e-13,0.467546514135308,3.88688854941916e-10,0.99998426955149,0.999999999998216
"1176","Rs1",1.832128412181e-13,0.466199208801483,3.82568680652902e-10,0.99998439388625,0.999999999998216
"2636","Syne3",1.8227694274403e-13,0.465329773535947,3.78670144417004e-10,0.999984473606307,0.999999999998216
"2903","Fancf",1.81222290280855e-13,0.464344727214674,3.74300858510041e-10,0.999984563441857,0.999999999998216
"1752","Irs3",1.80592620404739e-13,0.463753916712585,3.71704306828555e-10,0.999984617077288,0.999999999998216
"1081","Grik3",1.80592292444158e-13,0.463753608462814,3.71702956781697e-10,0.999984617105223,0.999999999998216
"408","Lrat",1.80589669506218e-13,0.463751143146629,3.7169215956888e-10,0.999984617328646,0.999999999998216
"426","Plppr1",1.80587283152343e-13,0.463748900166652,3.71682336380574e-10,0.999984617531916,0.999999999998216
"1692","Pcdhac2",1.80586091351523e-13,0.463747779959159,3.7167743049967e-10,0.999984617633434,0.999999999998216
"1298","Alx4",1.80453627585604e-13,0.463623228046313,3.71132363769868e-10,0.999984628916729,0.999999999998216
"2970","Gtse1",1.79558450231747e-13,0.46277914765469,3.6745933989231e-10,0.999984705168151,0.999999999998216
"966","Gm13375",1.79518944065396e-13,0.462741800981429,3.67297662034249e-10,0.999984708533296,0.999999999998216
"2566","2610318N02Rik",1.79182134515003e-13,0.462423072733375,3.65920723119598e-10,0.999984737222814,0.999999999998216
"484","Gm20457",1.79069758235107e-13,0.462316597828499,3.65461883682267e-10,0.999984746795052,0.999999999998216
"1897","Nos2",1.78693088961086e-13,0.461959227995367,3.63926018741032e-10,0.999984778879832,0.999999999998216
"2185","Prox2",1.78468568936535e-13,0.46174585824641,3.63012079120281e-10,0.999984798004501,0.999999999998216
"2841","Tbx15",1.77750036091195e-13,0.461061226471753,3.60094915306568e-10,0.999984859209301,0.999999999998216
"2393","Arhgap28",1.76117252187353e-13,0.459495278057932,3.53509749381518e-10,0.999984998290226,0.999999999998216
"2781","Tube1",1.75076933704919e-13,0.45849006011452,3.49345744542321e-10,0.999985086904803,0.999999999998216
"2037","Cytl1",1.74725227905795e-13,0.458148888411303,3.47943577961382e-10,0.999985116863188,0.999999999998216
"2980","Mreg",1.74614327259068e-13,0.458041168969096,3.47502028422555e-10,0.999985126309731,0.999999999998216
"1838","Prss41",1.74612144595801e-13,0.458039048239103,3.47493340989122e-10,0.999985126495651,0.999999999998216
"2096","Prima1",1.73670079993602e-13,0.457121265829291,3.43753874986279e-10,0.99998520674094,0.999999999998216
"2464","AI427809",1.73007565665389e-13,0.456472883505617,3.41136182010832e-10,0.999985263174069,0.999999999998216
"1000","Saa1",1.72346663260716e-13,0.455823634928037,3.38534826525637e-10,0.999985319469895,0.999999999998216
"1944","4921536K21Rik",1.7234342842068e-13,0.455820451095412,3.38522118467207e-10,0.999985319745439,0.999999999998216
"1103","Sorcs3",1.71962967930121e-13,0.455445578161053,3.37029144454632e-10,0.999985352153155,0.999999999998216
"228","1700099I09Rik",1.71792181275851e-13,0.455277033716823,3.36360029499296e-10,0.999985366700803,0.999999999998216
"2723","Fam109b",1.7037490475589e-13,0.453871956154137,3.30833017374467e-10,0.999985487424757,0.999999999998216
"1625","Ifitm7",1.69165060910608e-13,0.452663377790561,3.2615116394282e-10,0.999985590479546,0.999999999998216
"1576","Gm28731",1.69076172848691e-13,0.452574246915694,3.25808500652556e-10,0.999985598051052,0.999999999998216
"468","C130060C02Rik",1.69075301750544e-13,0.452573373209403,3.25805143462179e-10,0.999985598125252,0.999999999998216
"1223","Akr1c12",1.69074562876718e-13,0.452572632119851,3.25802295874575e-10,0.99998559818819,0.999999999998216
"1918","Dnmbp",1.69072408047244e-13,0.452570470810254,3.25793991326521e-10,0.999985598371739,0.999999999998216
"1985","Arhgef39",1.68103192210356e-13,0.451595576353614,3.22069437671406e-10,0.999985680929776,0.999999999998216
"2045","Fam178b",1.67828741167555e-13,0.451318510332891,3.21018652903836e-10,0.999985704307582,0.999999999998216
"1440","4933429H19Rik",1.65120153464921e-13,0.448559902302923,3.1074042901528e-10,0.999985935025732,0.999999999998216
"1641","0610043K17Rik",1.64509383754905e-13,0.447931690392493,3.08445859573822e-10,0.999985987051242,0.999999999998216
"1197","Gm26787",1.62493832954329e-13,0.445842140564243,3.00934070800374e-10,0.999986158736343,0.999999999998216
"2335","Susd4",1.5949888336577e-13,0.442689551410328,2.8994317328537e-10,0.999986413846867,0.999999999998216
"2814","Gm26534",1.58384773772408e-13,0.441501883748163,2.85906777830532e-10,0.999986508746989,0.999999999998216
"415","Sfrp2",1.56891194000723e-13,0.439896702486239,2.80539959624078e-10,0.999986635970472,0.999999999998216
"1504","Sema3a",1.56871215332551e-13,0.43987512903243,2.80468515743024e-10,0.99998663767226,0.999999999998216
"1980","Slit3",1.56869296919843e-13,0.439873057340985,2.80461655962232e-10,0.999986637835671,0.999999999998216
"2528","2810414N06Rik",1.56856216575435e-13,0.439858931227822,2.80414886043872e-10,0.999986638949858,0.999999999998216
"824","Krt12",1.56814447315708e-13,0.439813814753494,2.80265562504505e-10,0.999986642507773,0.999999999998216
"2556","Mrgpre",1.56806425964513e-13,0.439805149248406,2.8023689102626e-10,0.999986643191034,0.999999999998216
"1288","Prmt8",1.56800674418829e-13,0.439798935556303,2.80216333632501e-10,0.999986643680952,0.999999999998216
"2825","Fam217a",1.5626310510644e-13,0.439217177304913,2.78298261716447e-10,0.999986689471235,0.999999999998216
"507","Il12b",1.55624752735428e-13,0.438523783132298,2.76029146557599e-10,0.999986743846243,0.999999999998216
"869","Gad1os",1.55597646521438e-13,0.438494277657822,2.75932999211139e-10,0.999986746155157,0.999999999998216
"2306","Gm1604a",1.54232213519264e-13,0.437001389855047,2.71111398304852e-10,0.999986862463067,0.999999999998216
"2872","Gm26798",1.53370620910819e-13,0.43605265221543,2.68090821442778e-10,0.999986935853732,0.999999999998216
"2775","Bard1",1.53244522628088e-13,0.4359133591779,2.67650164754122e-10,0.999986946594814,0.999999999998216
"1310","Ypel4",1.51744098571132e-13,0.434247204740058,2.62434673167242e-10,0.999987074401295,0.999999999998216
"2334","Hsf4",1.51650997547806e-13,0.434143285617839,2.62112743793116e-10,0.999987082331663,0.999999999998216
"2933","Rsl1",1.5164332570031e-13,0.434134719516334,2.62086224506525e-10,0.999987082985152,0.999999999998216
"1802","Twist1",1.49673130202866e-13,0.431920604138073,2.55320259198383e-10,0.999987250806877,0.999999999998216
"2548","Htr2b",1.49605493680988e-13,0.431844084661448,2.55089555499017e-10,0.999987256568172,0.999999999998216
"2212","A430073D23Rik",1.48689482634853e-13,0.430804397965038,2.51975371678805e-10,0.999987334594213,0.999999999998216
"2853","Gm9530",1.46862590092803e-13,0.428711854129396,2.4582155426901e-10,0.999987490209358,0.999999999998216
"2733","Bend6",1.45508679187156e-13,0.427144443700629,2.41310039603609e-10,0.999987605535814,0.999999999998216
"2922","Gm10371",1.45390136787275e-13,0.427006524301817,2.409170208603e-10,0.999987615633284,0.999999999998216
"1888","4632428C04Rik",1.45005839872976e-13,0.426558646445249,2.39645114654777e-10,0.999987648367787,0.999999999998216
"1810","Gm20659",1.44441533825896e-13,0.425898851845645,2.3778353376784e-10,0.999987696435511,0.999999999998216
"2458","Sertad4",1.43932332916239e-13,0.425301301882007,2.36109968456508e-10,0.999987739809367,0.999999999998216
"670","Acaa1b",1.43883866972468e-13,0.425244318243715,2.35950985890343e-10,0.999987743937708,0.999999999998216
"1759","Pcdhga9",1.43759267499152e-13,0.42509773399988,2.35542508697365e-10,0.999987754551121,0.999999999998216
"1499","Il4",1.43334108204217e-13,0.42459661341346,2.34151363554259e-10,0.999987790766291,0.999999999998216
"2883","Tnni1",1.43255998069914e-13,0.424504388352644,2.33896230826778e-10,0.999987797419731,0.999999999998216
"2999","Gm14420",1.43176017122643e-13,0.424409903022145,2.33635131533812e-10,0.999987804232528,0.999999999998216
"1453","Fgf14",1.4296360130588e-13,0.42415871315829,2.32942404016914e-10,0.999987822326158,0.999999999998216
"1484","E2f7",1.42954226153677e-13,0.424147618203239,2.32911853598957e-10,0.999987823124735,0.999999999998216
"826","Adra2c",1.4295280191734e-13,0.424145932638429,2.32907212674632e-10,0.999987823246052,0.999999999998216
"1109","Tnfrsf8",1.42952692617678e-13,0.424145803283045,2.32906856519741e-10,0.999987823255363,0.999999999998216
"1231","Gm15410",1.42951618986935e-13,0.424144532643401,2.32903358089346e-10,0.999987823346814,0.999999999998216
"128","Esrp2",1.4295078273513e-13,0.424143542934693,2.32900633177443e-10,0.999987823418047,0.999999999998216
"926","Pcdh12",1.42949539506646e-13,0.42414207155625,2.32896582168608e-10,0.999987823523945,0.999999999998216
"274","Gm13179",1.42948569086251e-13,0.424140923041257,2.32893420118182e-10,0.999987823606606,0.999999999998216
"2816","3110052M02Rik",1.42946982332008e-13,0.424139045064334,2.3288824983108e-10,0.999987823741766,0.999999999998216
"1011","Glis1",1.42943041298286e-13,0.424134380629675,2.32875408597512e-10,0.999987824077464,0.999999999998216
"180","Gm38186",1.42771558607286e-13,0.423931298347436,2.32317002287567e-10,0.999987838684401,0.999999999998216
"154","Col6a5",1.42770612137856e-13,0.423930176802217,2.32313922119304e-10,0.999987838765021,0.999999999998216
"1973","Gm15634",1.42768513923292e-13,0.423927690438499,2.32307093811074e-10,0.999987838943748,0.999999999998216
"1387","Palm3",1.42323097528847e-13,0.423399059048934,2.30859828240417e-10,0.999987876884423,0.999999999998216
"1585","Smtnl2",1.42312936370163e-13,0.42338698050834,2.30826864938605e-10,0.999987877749953,0.999999999998216
"939","Gm29478",1.42308614335905e-13,0.423381842660676,2.30812844758932e-10,0.999987878118105,0.999999999998216
"2613","Lin7a",1.4192761126675e-13,0.422928317009958,2.29578588053152e-10,0.999987910572038,0.999999999998216
"1923","Gm16432",1.40620865562226e-13,0.4213636661269,2.25370530747552e-10,0.99998802188095,0.999999999998216
"2253","Unc79",1.40005028742634e-13,0.420621308211555,2.2340087200937e-10,0.999988074338078,0.999999999998216
"1901","2810429I04Rik",1.39763142578517e-13,0.420328846544683,2.22629601145552e-10,0.999988094942,0.999999999998216
"1091","Fam71f2",1.39630431054996e-13,0.420168174536713,2.2220700781239e-10,0.999988106246399,0.999999999998216
"1572","Sec14l4",1.39623595095284e-13,0.420159894257571,2.22185250936636e-10,0.999988106828688,0.999999999998216
"655","Prss27",1.39564088260216e-13,0.420087797773798,2.21995902945736e-10,0.999988111897494,0.999999999998216
"544","Gm13703",1.39561325396809e-13,0.420084449644994,2.21987113603244e-10,0.999988112132836,0.999999999998216
"2290","AA986860",1.39559534428987e-13,0.420082279256329,2.21981416190652e-10,0.999988112285391,0.999999999998216
"1533","RP23-78N8.4",1.38641747401993e-13,0.418966428095749,2.19071378358251e-10,0.99998819046271,0.999999999998216
"2866","Gm17025",1.37284391526253e-13,0.417302723277435,2.14802791087729e-10,0.999988306082609,0.999999999998216
"1966","Tex40",1.37281692707662e-13,0.417299399218688,2.14794345727535e-10,0.999988306312495,0.999999999998216
"2840","Klhl31",1.37276711335477e-13,0.417293263633827,2.14778758053085e-10,0.999988306736809,0.999999999998216
"1581","Gm5089",1.37268850094e-13,0.417283580450756,2.14754159862753e-10,0.999988307406432,0.999999999998216
"2310","Tub",1.34236983338473e-13,0.41350766472777,2.0537234475391e-10,0.999988565661569,0.999999999998216
"660","Mpp4",1.34232088403571e-13,0.413501500795282,2.05357367272973e-10,0.99998856607852,0.999999999998216
"2413","Samd12",1.34224443439194e-13,0.413491873452817,2.05333976367428e-10,0.99998856672972,0.999999999998216
"1323","Slc17a8",1.34224126314227e-13,0.413491474084058,2.05333006105204e-10,0.999988566756733,0.999999999998216
"2742","1700055D18Rik",1.34220544030134e-13,0.413486962698971,2.05322046058511e-10,0.999988567061873,0.999999999998216
"501","Tmem253",1.34219521961349e-13,0.413485675524716,2.05318919078856e-10,0.999988567148933,0.999999999998216
"2621","Pcdhb19",1.34218891303162e-13,0.413484881280806,2.05316989616567e-10,0.999988567202653,0.999999999998216
"855","Padi1",1.34217691132631e-13,0.413483369789215,2.05313317789206e-10,0.999988567304884,0.999999999998216
"793","Gm13524",1.34215868900514e-13,0.413481074849431,2.0530774287611e-10,0.999988567460102,0.999999999998216
"810","F2rl3",1.34205839473312e-13,0.41346844312523,2.05277060332486e-10,0.999988568314411,0.999999999998216
"482","Aff2",1.34205364274858e-13,0.413467844605761,2.05275606637634e-10,0.999988568354888,0.999999999998216
"723","Cldn6",1.34204542513631e-13,0.413466809580432,2.0527309277362e-10,0.999988568424886,0.999999999998216
"1644","Zfp108",1.34043043538561e-13,0.41326327688206,2.04779347232368e-10,0.999988582181408,0.999999999998216
"1173","Vwc2",1.33524737677091e-13,0.412608433289769,2.03198763414113e-10,0.999988626330825,0.999999999998216
"480","Mchr1",1.33479986655049e-13,0.412551775980818,2.03062581479993e-10,0.999988630142728,0.999999999998216
"2597","A930012L18Rik",1.33479624057817e-13,0.412551316835856,2.03061478245991e-10,0.999988630173614,0.999999999998216
"1378","Kif26b",1.33475790906329e-13,0.412546462966858,2.03049815728406e-10,0.999988630500123,0.999999999998216
"1974","C330013J21Rik",1.33475433108752e-13,0.412546009885508,2.03048727131977e-10,0.9999886305306,0.999999999998216
"1191","Smc2os",1.32813213479055e-13,0.411705378001397,2.01038929666174e-10,0.999988686938627,0.999999999998216
"1709","Derl3",1.32134591676401e-13,0.410839626465104,1.98989723148835e-10,0.999988744743795,0.999999999998216
"2818","Zfp964",1.32093048397676e-13,0.410786485330829,1.98864617589432e-10,0.999988748282461,0.999999999998216
"23","Dydc1",1.31200362365916e-13,0.409640584289985,1.96185842056616e-10,0.999988824321671,0.999999999998216
"45","Plcxd3",1.31198755403472e-13,0.409638514580522,1.96181036256634e-10,0.999988824458553,0.999999999998216
"2787","Rgs11",1.26803808335733e-13,0.403882340104624,1.83257681560711e-10,0.999989198821198,0.999999999998216
"1472","Gm38394",1.2656332417345e-13,0.40356172116208,1.82563242165502e-10,0.999989219305697,0.999999999998216
"2020","RP24-143K11.2",1.24202202219192e-13,0.400381530324007,1.75815105872472e-10,0.999989420426631,0.999999999998216
"1856","Nr1i3",1.24141398820161e-13,0.400298849298609,1.75643006841132e-10,0.999989425605879,0.999999999998216
"1193","4930415F15Rik",1.24100472282052e-13,0.400243174526737,1.75527215085165e-10,0.999989429092011,0.999999999998216
"2388","1500035N22Rik",1.24079856059409e-13,0.400215122212119,1.75468900922453e-10,0.999989430848106,0.999999999998216
"2470","Klrg2",1.24006152850415e-13,0.40011479730115,1.75260506417325e-10,0.999989437126163,0.999999999998216
"1842","Gm17276",1.23573330293284e-13,0.399524449602784,1.74039207049467e-10,0.999989473994092,0.999999999998216
"2997","1700018L02Rik",1.1899781549004e-13,0.393155921242885,1.61389609801119e-10,0.99998986373754,0.999999999998216
"2837","Stk32a",1.15477938628933e-13,0.38809018336051,1.51983219271882e-10,0.999990163561496,0.999999999998216
"2623","Mir155hg",1.11710154811187e-13,0.382496105922103,1.42227278898242e-10,0.999990484502225,0.999999999998216
"2934","Ms4a14",1.11161655883903e-13,0.381666266938153,1.40834030611026e-10,0.999990531223495,0.999999999998216
"2357","Cngb1",1.100063759236e-13,0.379905124906532,1.37921924558273e-10,0.999990629630519,0.999999999998216
"2641","Pcsk5",1.09677526488632e-13,0.379400482396103,1.37098558559862e-10,0.999990657641993,0.999999999998216
"1963","Gm26733",1.09035886542177e-13,0.378411531111845,1.35499131624451e-10,0.999990712297037,0.999999999998216
"2052","1700125H03Rik",1.09034612982359e-13,0.378409562490381,1.35495966331864e-10,0.999990712405519,0.999999999998216
"2996","Wdr62",1.08866969538706e-13,0.378150227365436,1.35079629769963e-10,0.999990726685428,0.999999999998216
"475","BC024139",1.08765690768236e-13,0.377993363853484,1.34828417941244e-10,0.999990735312378,0.999999999998216
"1899","Psd",1.08654692274132e-13,0.377821280650207,1.34553365858923e-10,0.999990744767256,0.999999999998216
"1865","Gm11127",1.08560347453864e-13,0.377674879644615,1.34319802050932e-10,0.999990752803571,0.999999999998216
"583","Tnfaip8l3",1.07879490627607e-13,0.376614615432934,1.32640261127573e-10,0.999990810799118,0.999999999998216
"2176","Ano4",1.0733190992934e-13,0.375757097447608,1.31297152932848e-10,0.999990857442174,0.999999999998216
"153","Pnma3",1.07316522296809e-13,0.375732937966225,1.31259508815284e-10,0.999990858752896,0.999999999998216
"471","Gm43740",1.07309513224059e-13,0.37572193218058,1.31242363693866e-10,0.99999085934993,0.999999999998216
"720","Lrp2",1.07291529240725e-13,0.375693690128978,1.31198377608518e-10,0.99999086088181,0.999999999998216
"752","Gm16299",1.07272571527242e-13,0.375663913877425,1.3115201790926e-10,0.999990862496633,0.999999999998216
"2344","Sdk1",1.0720904799902e-13,0.375564101745264,1.30996735491018e-10,0.999990867907582,0.999999999998216
"1125","H3f3aos",1.05500831882425e-13,0.372857947177045,1.26855517699314e-10,0.999991013413841,0.999999999998216
"2747","D730045B01Rik",1.05129564159016e-13,0.372264072095044,1.25964254790435e-10,0.999991045038514,0.999999999998216
"2962","Gm26737",1.05125257095166e-13,0.372257170443996,1.25953933717025e-10,0.999991045405391,0.999999999998216
"147","Adamts17",1.04998426888429e-13,0.372053812286304,1.25650198394472e-10,0.999991056208819,0.999999999998216
"814","Lypd2",1.04992572277621e-13,0.372044419220622,1.25636186517869e-10,0.999991056707516,0.999999999998216
"1960","Ppp1r18os",1.04987666235495e-13,0.372036547629175,1.256244454583e-10,0.999991057125413,0.999999999998216
"2355","1700084C06Rik",1.04584697606376e-13,0.371388755580108,1.24661940791989e-10,0.999991091450378,0.999999999998216
"2459","Gm15743",1.02994777433293e-13,0.368808641336131,1.20900473212977e-10,0.99999122688016,0.999999999998216
"830","4933417D19Rik",1.02924639209611e-13,0.368693918910144,1.20735865699043e-10,0.99999123285455,0.999999999998216
"2089","Ttll6",1.02892037348067e-13,0.368640567040156,1.20659390510982e-10,0.999991235631585,0.999999999998216
"430","Ggt6",1.0260632221836e-13,0.368172289274133,1.1999021630582e-10,0.999991259968868,0.999999999998216
"2490","Gm9725",1.01868498203314e-13,0.366957047215488,1.18270763674732e-10,0.999991322816895,0.999999999998216
"398","Gng4",1.01797241249581e-13,0.36683922338004,1.18105360887254e-10,0.999991328886579,0.999999999998216
"231","BC016579",1.01796810419765e-13,0.36683851075285,1.18104361190158e-10,0.999991328923277,0.999999999998216
"136","E130309D14Rik",1.01793938395568e-13,0.366833760117695,1.18097697056051e-10,0.999991329167917,0.999999999998216
"41","Prph",1.01793137666978e-13,0.366832435603416,1.1809583910985e-10,0.999991329236123,0.999999999998216
"2948","Mex3a",1.01788949629654e-13,0.366825507851213,1.18086121763102e-10,0.999991329592861,0.999999999998216
"401","Gm10097",1.0178774410076e-13,0.36682351364176,1.18083324693493e-10,0.999991329695548,0.999999999998216
"1726","BC021891",1.01715828072407e-13,0.366704506591029,1.17916524970236e-10,0.999991335821373,0.999999999998216
"1180","5330417C22Rik",9.89547296173442e-14,0.362071544302562,1.11601673437171e-10,0.999991571012401,0.999999999998216
"1536","Prdm6",9.83617113199807e-14,0.36105987818105,1.1026806307674e-10,0.999991621525842,0.999999999998216
"2341","Acpp",9.83503293730723e-14,0.361040402258129,1.10242545167226e-10,0.999991622495359,0.999999999998216
"2400","Ambp",9.79943088260849e-14,0.360430082344998,1.09445850880168e-10,0.999991652821275,0.999999999998216
"1516","Pfkfb1",9.79824799170746e-14,0.360409766742889,1.09419430021856e-10,0.999991653828864,0.999999999998216
"1130","Gm16230",9.79738328768213e-14,0.360394914322613,1.09400118151669e-10,0.999991654565421,0.999999999998216
"1898","Dlx4",9.79653656660919e-14,0.360380369530517,1.09381209555373e-10,0.99999165528666,0.999999999998216
"1742","4930404N11Rik",9.79650672481826e-14,0.360379856892052,1.09380543171658e-10,0.999991655312079,0.999999999998216
"550","Ak5",9.79641077565852e-14,0.36037820861493,1.09378400587549e-10,0.999991655393809,0.999999999998216
"994","2610028H24Rik",9.79619277070327e-14,0.36037446352473,1.09373532525449e-10,0.999991655579506,0.999999999998216
"2673","Nalcn",9.72138915222995e-14,0.359084541685652,1.07709559769874e-10,0.999991719297408,0.999999999998216
"1887","Megf11",9.14644250566484e-14,0.348830481272507,9.53458975397846e-11,0.99999220903834,0.999999999998216
"1411","Rnf165",8.97709915225191e-14,0.345688879261826,9.18479860192066e-11,0.999992353285415,0.999999999998216
"2800","3632451O06Rik",8.95655768233199e-14,0.345303833407758,9.14281323365242e-11,0.999992370782688,0.999999999998216
"2392","Gm853",8.93600263349471e-14,0.344917660457648,9.10089638768806e-11,0.999992388291528,0.999999999998216
"2488","Syne4",8.71861668252938e-14,0.340779105112642,8.66348767983880e-11,0.999992573461402,0.999999999998216
"1097","RP23-430B14.2",8.58128848268952e-14,0.338111905200044,8.39271736907138e-11,0.999992690437892,0.999999999998216
"694","Gm15677",8.5734588278867e-14,0.337958571481317,8.37740915473846e-11,0.999992697107211,0.999999999998216
"558","Pcdhb11",8.57338064571121e-14,0.337957039687853,8.37725636667486e-11,0.999992697173807,0.999999999998216
"2682","Slc8a1",8.56590189157278e-14,0.33781044760852,8.36264740034677e-11,0.999992703544227,0.999999999998216
"354","Gm26636",8.56289915571548e-14,0.337751555065699,8.3567854560262e-11,0.999992706101965,0.999999999998216
"1538","Hspa1l",8.5351419507452e-14,0.337206187951177,8.30269511954135e-11,0.999992729745619,0.999999999998216
"2475","Myoz2",8.41231589394571e-14,0.334771749770774,8.0654525246113e-11,0.999992834369148,0.999999999998216
"1895","Gm14798",8.38624968142334e-14,0.334250605790315,8.01554710349168e-11,0.999992856572411,0.999999999998216
"611","Kremen2",8.38499036075708e-14,0.334225387659118,8.01313997596532e-11,0.999992857645103,0.999999999998216
"2873","Zfp882",8.37934852923288e-14,0.334112363070163,8.00236033891411e-11,0.999992862450829,0.999999999998216
"2416","Appbp2os",8.28581389666702e-14,0.33222754045217,7.82470445769086e-11,0.999992942123853,0.999999999998216
"2397","Gm9934",8.28551307271594e-14,0.332221444747964,7.82413630209121e-11,0.999992942380096,0.999999999998216
"817","Cpne5",8.28236591978053e-14,0.332157659766648,7.81819362194692e-11,0.999992945060848,0.999999999998216
"327","Loxl4",8.28229774181778e-14,0.332156277704064,7.81806490840667e-11,0.999992945118922,0.999999999998216
"1867","Smyd1",8.28206345471249e-14,0.332151528291512,7.81762260460485e-11,0.999992945318488,0.999999999998216
"2276","Cacna2d3",8.28197705280991e-14,0.332149776739229,7.81745949212761e-11,0.999992945392086,0.999999999998216
"1357","Atcayos",8.28193768941811e-14,0.332148978752694,7.81738518112974e-11,0.999992945425616,0.999999999998216
"2053","Gm7173",8.28180568283332e-14,0.332146302648143,7.81713597903855e-11,0.999992945538059,0.999999999998216
"13","Cd163l1",8.28176788783747e-14,0.332145536441043,7.81706463035953e-11,0.999992945570253,0.999999999998216
"961","Gm19265",8.28171699539803e-14,0.33214450470778,7.81696855708837e-11,0.999992945613603,0.999999999998216
"1099","Ghrh",8.28121824411645e-14,0.332134393282006,7.81602706012794e-11,0.999992946038441,0.999999999998216
"2651","Mybph",8.27770142860988e-14,0.33206307813297,7.80938994763063e-11,0.999992949034073,0.999999999998216
"895","Kcnt2",8.27707446442278e-14,0.332050361208069,7.8082070051339e-11,0.999992949568122,0.999999999998216
"36","Kcnab3os",8.08467527236119e-14,0.328102295289041,7.44942505726301e-11,0.999993113454216,0.999999999998216
"1009","2410018L13Rik",8.07885105790325e-14,0.327981341807556,7.43869576521181e-11,0.999993118415295,0.999999999998216
"2847","Acot10",8.07123228107794e-14,0.327822990168156,7.4246722266301e-11,0.999993124904988,0.999999999998216
"2846","Tnfrsf25",8.05906574638819e-14,0.32756981029665,7.40230527059142e-11,0.999993135268471,0.999999999998216
"2164","Prickle4",7.97840755612577e-14,0.325881759255258,7.25487657816732e-11,0.999993203973311,0.999999999998216
"2988","Samd15",7.91573216527674e-14,0.324558402157969,7.14134107964628e-11,0.999993257360359,0.999999999998216
"2836","Gm15648",7.91294638113758e-14,0.324499342284715,7.13631545886806e-11,0.999993259733297,0.999999999998216
"1818","Sit1",7.91286641681121e-14,0.32449764670247,7.13617122744083e-11,0.999993259801411,0.999999999998216
"1015","Hist1h2ao",7.86054410599242e-14,0.323384554127841,7.04211011370283e-11,0.999993304369681,0.999999999998216
"1670","RP24-259P13.2",7.83389681297823e-14,0.322814855038036,6.99444544916888e-11,0.999993327067909,0.999999999998216
"2820","Gm38287",7.81111248085366e-14,0.322326225803303,6.95381891990937e-11,0.999993346475657,0.999999999998216
"756","Aldh3a1",7.77614529493942e-14,0.321573584860555,6.89169941380868e-11,0.99999337626079,0.999999999998216
"1495","Sema3d",7.75868612033199e-14,0.321196540022645,6.86078736099101e-11,0.999993391132557,0.999999999998216
"2911","Tmem86b",7.74896972176294e-14,0.320986344131068,6.84361424633729e-11,0.999993399409009,0.999999999998216
"572","Gm13832",7.74892242135503e-14,0.320985320240791,6.84353069851892e-11,0.999993399449299,0.999999999998216
"2402","Atp6ap1l",7.74062074063678e-14,0.320805522038276,6.82887514487584e-11,0.999993406520691,0.999999999998216
"1554","Myzap",7.72514196309577e-14,0.320469773604925,6.8015912985423e-11,0.99999341970555,0.999999999998216
"1053","Gm12666",7.72373991046639e-14,0.32043932908327,6.79912265171666e-11,0.999993420899822,0.999999999998216
"1419","Gm37240",7.72344302361726e-14,0.320432881708855,6.79859996935574e-11,0.999993421152711,0.999999999998216
"115","Gm17322",7.72335006816803e-14,0.320430862981854,6.79843632132744e-11,0.999993421231891,0.999999999998216
"2398","Gm15853",7.71586666072724e-14,0.320268266089041,6.78526824761644e-11,0.999993427606275,0.999999999998216
"559","BC050972",7.7154584032735e-14,0.320259391139917,6.78455023027022e-11,0.99999342795403,0.999999999998216
"1813","Gm16133",7.71518821542257e-14,0.320253517377268,6.78407506188652e-11,0.999993428184177,0.999999999998216
"1355","Pou2af1",7.7125829414494e-14,0.320196869481261,6.77949412632267e-11,0.999993430403355,0.999999999998216
"2561","Gnat2",7.71248593356393e-14,0.320194759821462,6.77932358416871e-11,0.999993430485987,0.999999999998216
"2105","Actn2",7.68440744185487e-14,0.319583025963503,6.73005109857434e-11,0.999993454403313,0.999999999998216
"1760","Gm28874",7.54111931984822e-14,0.316426541380176,6.48140588042229e-11,0.999993576456479,0.999999999998216
"1203","Gnb3",7.53970709396217e-14,0.316395138161427,6.47897856115757e-11,0.999993577659417,0.999999999998216
"563","A930003A15Rik",7.53891149306082e-14,0.316377444082661,6.47761129074399e-11,0.999993578337112,0.999999999998216
"2979","C130026I21Rik",7.53809548314294e-14,0.316359294196867,6.47620909654243e-11,0.999993579032191,0.999999999998216
"1844","Gucy1a2",7.53692791776423e-14,0.316333321562096,6.47420306943491e-11,0.999993580026726,0.999999999998216
"1549","Foxd2",7.53662919146239e-14,0.316326675721601,6.4736898692467e-11,0.999993580281182,0.999999999998216
"167","Krtdap",7.53661916436639e-14,0.316326452641725,6.47367264343793e-11,0.999993580289723,0.999999999998216
"155","Msln",7.53654454354497e-14,0.316324792490491,6.47354445110972e-11,0.999993580353285,0.999999999998216
"1361","Cyp26b1",7.53648774749894e-14,0.316323528890939,6.47344688110502e-11,0.999993580401664,0.999999999998216
"2038","Vgf",7.53593939954315e-14,0.316311328751867,6.47250491122553e-11,0.999993580868748,0.999999999998216
"1214","Cav3",7.53454965489879e-14,0.316280404540895,6.47011786983942e-11,0.999993582052536,0.999999999998216
"1878","Dapl1",7.53422547767014e-14,0.316273190230495,6.46956112262717e-11,0.999993582328671,0.999999999998216
"1160","Arsi",7.53385303409524e-14,0.316264901412534,6.46892151158197e-11,0.999993582645919,0.999999999998216
"1341","Usp13",7.44342179010275e-14,0.314240278837111,6.31455649003667e-11,0.999993659675469,0.999999999998216
"1571","Calr4",7.3432020324261e-14,0.311967976757677,6.14566025579025e-11,0.9999937450429,0.999999999998216
"286","Dsc2",7.24702265529051e-14,0.309758344556522,5.98572598517072e-11,0.999993826968724,0.999999999998216
"1428","Srpx",7.22835547838878e-14,0.309326134651664,5.95492914533668e-11,0.999993842869469,0.999999999998216
"2011","1700034P13Rik",7.16203852282269e-14,0.307781716764944,5.84616271901938e-11,0.999993899358411,0.999999999998216
"2685","Parvaos",6.88880387358672e-14,0.301266158947866,5.40860461861339e-11,0.999994132100341,0.999999999998216
"2333","Hist1h4b",6.88376322617058e-14,0.301143580453349,5.40069239029092e-11,0.999994136393976,0.999999999998216
"2869","Hpdl",6.78441238412673e-14,0.298709331317114,5.24592491567026e-11,0.999994221021262,0.999999999998216
"2129","Gm21992",6.78095599740896e-14,0.298624013187332,5.24058109945621e-11,0.99999422396542,0.999999999998216
"1457","Hist2h2aa2",6.78031942395046e-14,0.29860829520716,5.23959720920553e-11,0.999994224507655,0.999999999998216
"1404","Gm19684",6.7795107198697e-14,0.298588324958039,5.23834740645009e-11,0.999994225196511,0.999999999998216
"1483","Kcnip4",6.7632878758389e-14,0.298187218897549,5.21330748244555e-11,0.999994239015169,0.999999999998216
"459","1700017J07Rik",6.76214267529895e-14,0.298158868243427,5.21154213482427e-11,0.999994239990653,0.999999999998216
"1124","Catsper3",6.73962845140259e-14,0.297600541263619,5.17689675584602e-11,0.999994259168323,0.999999999998216
"2503","Kcnk7",6.58925705500929e-14,0.293823663040133,4.94846490216405e-11,0.999994387255039,0.999999999998216
"1886","Prss30",6.58045478773073e-14,0.293599951303114,4.9352529066347e-11,0.999994394752831,0.999999999998216
"797","Nxph4",6.57880365705458e-14,0.293557954558561,4.93277656558758e-11,0.999994396159269,0.999999999998216
"811","Gm1647",6.57878040764997e-14,0.293557363132438,4.93274170091567e-11,0.999994396179072,0.999999999998216
"904","Bhlhe22",6.5786318257209e-14,0.293553583407018,4.93251889122888e-11,0.999994396305635,0.999999999998216
"187","Lhx1",6.57844782854925e-14,0.293548902648565,4.93224298071822e-11,0.999994396462364,0.999999999998216
"318","Asxl3",6.57844535899946e-14,0.293548839824079,4.93223927759016e-11,0.999994396464468,0.999999999998216
"2620","Slc2a13",6.57320620310376e-14,0.293415505143392,4.9243862122762e-11,0.999994400927193,0.999999999998216
"2865","RP23-143D11.1",6.56647423249685e-14,0.293244024944611,4.91430472496168e-11,0.999994406661502,0.999999999998216
"506","Ldoc1",6.55739157679829e-14,0.293012391992798,4.9007193313324e-11,0.99999441439813,0.999999999998216
"2494","Nkx2-1",6.53646181886761e-14,0.292477418378308,4.86948521141899e-11,0.999994432226148,0.999999999998216
"2706","RP23-291B1.2",6.53273237916796e-14,0.292381915032596,4.86393013555094e-11,0.999994435402894,0.999999999998216
"2726","Gm20633",6.53214786565619e-14,0.292366941960731,4.8630597782395e-11,0.999994435900784,0.999999999998216
"1446","4933415A04Rik",6.52900370673254e-14,0.292286377579044,4.85837937196533e-11,0.999994438578986,0.999999999998216
"409","Cuzd1",6.52888472027374e-14,0.292283327977386,4.85820229254698e-11,0.999994438680339,0.999999999998216
"2295","Neil2",6.52847133277221e-14,0.292272732503721,4.85758710125058e-11,0.999994439032463,0.999999999998216
"2575","Klrb1a",6.41969386376283e-14,0.289461427968371,4.69706132634723e-11,0.999994531689372,0.999999999998216
"1473","A930011G23Rik",6.41706240136696e-14,0.289392838654734,4.69321142095481e-11,0.999994533930858,0.999999999998216
"1120","Gm11205",6.4167899927647e-14,0.28938573671506,4.69281296946803e-11,0.999994534162896,0.999999999998216
"2439","Platr22",6.41639968304449e-14,0.289375560468039,4.69224209374577e-11,0.999994534495363,0.999999999998216
"2519","Tmc8",6.4134739726989e-14,0.289299261218023,4.68796399011163e-11,0.99999453698749,0.999999999998216
"2552","Gm5083",6.34373124307503e-14,0.287470216266726,4.5865606929209e-11,0.999994596394514,0.999999999998216
"2384","Bricd5",6.29034375459722e-14,0.286056649630057,4.50968650604478e-11,0.999994641870105,0.999999999998216
"1732","Lrrn4cl",6.22162702019955e-14,0.284219689736718,4.41169558773836e-11,0.999994700403184,0.999999999998216
"1780","Gpr50",6.08246170582551e-14,0.280437386695295,4.2165413200279e-11,0.999994818944533,0.999999999998216
"1485","Poln",5.96426052015586e-14,0.277157230200231,4.05425260438593e-11,0.999994919628586,0.999999999998216
"1076","Gm5860",5.8741232558019e-14,0.274612498615,3.93263557761217e-11,0.999994996407724,0.999999999998216
"1829","Caly",5.70733222880409e-14,0.269800481077411,3.71247811111388e-11,0.999995138480721,0.999999999998216
"2957","Ascl1",5.68373942513444e-14,0.269108645393144,3.68184848248205e-11,0.999995158577128,0.999999999998216
"2834","RP24-416M6.5",5.62624943089821e-14,0.267410880089148,3.60774271047851e-11,0.999995207547243,0.999999999998216
"2182","Chrna4",5.37429391042234e-14,0.259762681180643,3.29185290624322e-11,0.999995422163559,0.999999999998216
"984","4931440F15Rik",5.35604757897741e-14,0.259195154702469,3.2695384300439e-11,0.999995437705828,0.999999999998216
"256","Kcnh7",5.12805461719433e-14,0.251938446733463,2.99711134725261e-11,0.99999563191078,0.999999999998216
"2449","Il27ra",5.00427899267725e-14,0.247864442323966,2.85417515757487e-11,0.999995737343154,0.999999999998216
"182","Kcnip1",5.00354614901265e-14,0.247840026517464,2.85333926851683e-11,0.999995737967391,0.999999999998216
"988","Gm37168",4.9979730703604e-14,0.24765423544104,2.84698656276476e-11,0.999995742714553,0.999999999998216
"2856","Kank4",4.99671866163405e-14,0.247612388750488,2.84555764885462e-11,0.999995743783062,0.999999999998216
"1854","Pou3f1",4.99627541149651e-14,0.247597599585023,2.84505282240308e-11,0.999995744160623,0.999999999998216
"704","Htra4",4.99167597998149e-14,0.247444061855844,2.83981708121373e-11,0.99999574807843,0.999999999998216
"2024","Pcdhb16",4.99126375137443e-14,0.247430294074193,2.8393480581817e-11,0.999995748429567,0.999999999998216
"1676","A730071L15Rik",4.99114576056824e-14,0.247426353162031,2.83921381842868e-11,0.999995748530072,0.999999999998216
"1268","Fsd2",4.99113955679746e-14,0.247426145952533,2.83920676040167e-11,0.999995748535356,0.999999999998216
"58","Gm15873",4.99107146377546e-14,0.247423871589909,2.83912929158021e-11,0.999995748593358,0.999999999998216
"2767","Egf",4.99076055108865e-14,0.247413486463108,2.83877558243033e-11,0.999995748858194,0.999999999998216
"2646","Madcam1",4.95423733156535e-14,0.246189075001303,2.79737834669514e-11,0.99999577996876,0.999999999998216
"783","Ceacam2",4.94817202583595e-14,0.245984879170359,2.79053306749544e-11,0.999995785135202,0.999999999998216
"2375","Tmem79",4.94531762857762e-14,0.245888697030457,2.7873145082088e-11,0.999995787566585,0.999999999998216
"57","Gm10640",4.94488126677632e-14,0.245873988503264,2.78682263932985e-11,0.999995787938279,0.999999999998216
"630","Exph5",4.94486431993641e-14,0.24587341724721,2.78680353765535e-11,0.999995787952714,0.999999999998216
"1225","Tg",4.93369529159495e-14,0.245496503246778,2.7742285776718e-11,0.999995797466519,0.999999999998216
"677","Gm27019",4.93310883194583e-14,0.245476689130675,2.77356908156417e-11,0.999995797966067,0.999999999998216
"2512","Cst6",4.93294545937509e-14,0.245471169014054,2.77338537687683e-11,0.999995798105228,0.999999999998216
"543","1700020D05Rik",4.93242753990485e-14,0.245453668092478,2.77280304127539e-11,0.999995798546393,0.999999999998216
"2910","Hspb3",4.93208029526091e-14,0.245441933397899,2.7724126423877e-11,0.999995798842177,0.999999999998216
"2564","Gm16638",4.93196873595101e-14,0.245438163218896,2.77228722474455e-11,0.999995798937204,0.999999999998216
"464","AU022754",4.93192308074372e-14,0.24543662026377,2.77223589888712e-11,0.999995798976093,0.999999999998216
"131","Gm8898",4.93154305191347e-14,0.245423776331656,2.77180868663796e-11,0.999995799299802,0.999999999998216
"2722","Usp43",4.93120475587018e-14,0.245412342032221,2.77142841630897e-11,0.999995799587964,0.999999999998216
"2954","Bche",4.92880161216739e-14,0.245331094265299,2.76872785195623e-11,0.999995801634967,0.999999999998216
"2611","Xlr4c",4.8622221680112e-14,0.24306444270959,2.69443177809531e-11,0.999995858347497,0.999999999998216
"2955","Gpr153",4.78070044359448e-14,0.240247044782201,2.60483763236581e-11,0.999995927787898,0.999999999998216
"2325","Cd96",4.68318869084702e-14,0.23681414053297,2.4996598037212e-11,0.999996010848643,0.999999999998216
"1631","Hdx",4.64745669733872e-14,0.235538522451628,2.46166129746391e-11,0.99999604128524,0.999999999998216
"2559","Sema5b",4.64727519274084e-14,0.235532018155297,2.46146902278632e-11,0.999996041439847,0.999999999998216
"2171","Klrg1",4.6426873771212e-14,0.235367528550473,2.45661147016828e-11,0.999996045347759,0.999999999998216
"2363","Gm128",4.63776508302499e-14,0.235190868379932,2.4514051088753e-11,0.999996049540581,0.999999999998216
"2765","4933424M12Rik",4.63462225333027e-14,0.235077976110112,2.44808379433432e-11,0.999996052217651,0.999999999998216
"2403","Il12rb1",4.61377789419296e-14,0.234327318665199,2.42611264615917e-11,0.999996069972926,0.999999999998216
"2879","Kcnk3",4.60831259096727e-14,0.234129946122748,2.4203682916351e-11,0.999996074628284,0.999999999998216
"1951","Prf1",4.30834944601596e-14,0.222927241338976,2.11553120788118e-11,0.99999633013761,0.999999999998216
"1968","Bfsp1",4.30654253786066e-14,0.222857454500834,2.11375708577099e-11,0.999996331676739,0.999999999998216
"2540","Ffar4",4.30634573264384e-14,0.22284985169934,2.1135638964956e-11,0.999996331844378,0.999999999998216
"597","Gm29562",4.30575850311053e-14,0.222827164341725,2.11298750872097e-11,0.999996332344582,0.999999999998216
"2708","Col9a2",4.30459010683516e-14,0.222782014784577,2.11184091781498e-11,0.999996333339824,0.999999999998216
"1903","Ttc41",4.30451048108873e-14,0.222778937420247,2.11176278942182e-11,0.99999633340765,0.999999999998216
"1828","Serpinc1",4.30347741438154e-14,0.222739006518775,2.11074928042756e-11,0.999996334287619,0.999999999998216
"400","Gm13620",4.30289391664694e-14,0.222716448531552,2.11017693680454e-11,0.999996334784643,0.999999999998216
"1247","Calca",4.30287871707998e-14,0.222715860876906,2.11016202882883e-11,0.99999633479759,0.999999999998216
"444","Gm26876",4.30285377433731e-14,0.222714896521398,2.11013756470637e-11,0.999996334818837,0.999999999998216
"730","5330429C05Rik",4.30237520300813e-14,0.222696392561013,2.10966820402934e-11,0.999996335226485,0.999999999998216
"2026","1700109H08Rik",4.30209451014045e-14,0.222685538627072,2.10939293770638e-11,0.99999633546558,0.999999999998216
"576","Avpr2",4.30167956316358e-14,0.222669492027249,2.10898604566401e-11,0.999996335819032,0.999999999998216
"605","Sult2b1",4.30162431807718e-14,0.222667355504722,2.10893187595357e-11,0.99999633586609,0.999999999998216
"435","Gzmc",4.30160208111771e-14,0.22266649551536,2.10891007204511e-11,0.999996335885032,0.999999999998216
"2133","Fsbp",4.30152520630493e-14,0.222663522434783,2.10883469519005e-11,0.999996335950514,0.999999999998216
"2269","Slfn9",4.3013458709941e-14,0.222656586561162,2.10865885958576e-11,0.999996336103272,0.999999999998216
"1698","Slc35f3",4.29896619974409e-14,0.222564524704478,2.10632632136996e-11,0.999996338130282,0.999999999998216
"1927","Ror2",4.29863579534133e-14,0.222551738444327,2.10600256318528e-11,0.999996338411721,0.999999999998216
"2113","Hist1h3i",4.29857168919385e-14,0.22254925749989,2.10593974944127e-11,0.999996338466327,0.999999999998216
"599","Msmp",4.29800731603389e-14,0.222527414362554,2.1053867946769e-11,0.999996338947061,0.999999999998216
"1313","Aloxe3",4.29792656337642e-14,0.222524288732148,2.10530768174432e-11,0.999996339015847,0.999999999998216
"2326","1600014C23Rik",4.28833828042163e-14,0.222152750291047,2.09592466015051e-11,0.999996347183169,0.999999999998216
"2135","Gm14302",4.16616085876095e-14,0.217345402236161,1.9781975634353e-11,0.99999645125419,0.999999999998216
"2022","Pmel",4.11431351613996e-14,0.215263198842506,1.92926710177582e-11,0.999996495417881,0.999999999998216
"2366","9330182L06Rik",3.99473215114473e-14,0.210360405695949,1.81874965412425e-11,0.999996597277574,0.999999999998216
"2784","Fcrlb",3.9825274629326e-14,0.209851903824576,1.80765335874273e-11,0.999996607673557,0.999999999998216
"1503","Hsf2bp",3.97288284776013e-14,0.209448978006726,1.79890865539248e-11,0.999996615888863,0.999999999998216
"621","Tlr11",3.96056987211754e-14,0.208933171435946,1.7877753825598e-11,0.999996626377085,0.999999999998216
"1376","Gm12279",3.95766174134651e-14,0.208811115246311,1.78515092395836e-11,0.999996628854238,0.999999999998216
"1284","Gm5129",3.95469379626946e-14,0.208686457398126,1.78247447326191e-11,0.999996631382341,0.999999999998216
"2863","Nr6a1",3.78732713191428e-14,0.201503257398983,1.63479474129686e-11,0.999996773945667,0.999999999998216
"2418","Gm15614",3.70699248916372e-14,0.197943453109448,1.5661775919422e-11,0.999996842374908,0.999999999998216
"2626","Gm19585",3.69732325513977e-14,0.197509869329703,1.55801788435439e-11,0.999996850611185,0.999999999998216
"2149","Dppa3",3.68209322417594e-14,0.196824658038258,1.54520873168752e-11,0.999996863584162,0.999999999998216
"1458","Tvp23bos",3.67738720022976e-14,0.196612365018683,1.54126144308159e-11,0.999996867592764,0.999999999998216
"2477","A130057D12Rik",3.63849815028577e-14,0.194847721579068,1.50883555956727e-11,0.99999690071855,0.999999999998216
"1971","Gm44123",3.63310516635942e-14,0.194601540544687,1.50436608059096e-11,0.999996905312307,0.999999999998216
"12","Klra5",3.63161971696585e-14,0.19453366887987,1.50313616692604e-11,0.999996906577616,0.999999999998216
"2444","Lrrc14b",3.63127124357929e-14,0.1945177428193,1.50284771281436e-11,0.999996906874447,0.999999999998216
"2102","Dach2",3.63119081542974e-14,0.194514066848,1.50278114112973e-11,0.999996906942956,0.999999999998216
"565","Gm26551",3.63114160806543e-14,0.194511817784165,1.50274041212275e-11,0.999996906984871,0.999999999998216
"2441","D130040H23Rik",3.63093909184575e-14,0.194502561294231,1.50257279496333e-11,0.999996907157374,0.999999999998216
"2699","Tm6sf2",3.62997965147429e-14,0.194458700849333,1.50177881935765e-11,0.999996907974628,0.999999999998216
"1978","B230323A14Rik",3.61915604251676e-14,0.193963110417139,1.4928363817965e-11,0.999996917194204,0.999999999998216
"1391","Prl",3.61806778855959e-14,0.193913200715035,1.49193874664049e-11,0.999996918121181,0.999999999998216
"566","Gm37679",3.59026444748668e-14,0.192633033562651,1.46909699650507e-11,0.999996941804134,0.999999999998216
"1342","Gm12708",3.59026301465637e-14,0.192632967338366,1.46909582390829e-11,0.999996941805354,0.999999999998216
"936","Arf4os",3.589649339945e-14,0.192604601382633,1.46859364905232e-11,0.999996942328084,0.999999999998216
"1146","Zbtb32",3.53138847790134e-14,0.189889592058987,1.42130925888071e-11,0.999996991954826,0.999999999998216
"539","Adam5",3.52981641870929e-14,0.189815722253207,1.42004409931981e-11,0.99999699329391,0.999999999998216
"2180","Ccr9",3.43258060587707e-14,0.185182467129764,1.34288580335249e-11,0.999997076119608,0.999999999998216
"1823","Slc6a12",3.40835502084238e-14,0.184007990071513,1.32399774258177e-11,0.99999709675502,0.999999999998216
"375","Gm26514",3.40703036930581e-14,0.18394353272096,1.32296880350661e-11,0.999997097883361,0.999999999998216
"1309","Actl6b",3.40677195480672e-14,0.183930955428783,1.32276812354873e-11,0.999997098103479,0.999999999998216
"1584","Gm43263",3.40663160863674e-14,0.183924124246118,1.32265913966696e-11,0.999997098223027,0.999999999998216
"518","Gsx2",3.40602962768906e-14,0.18389482039247,1.32219173059855e-11,0.999997098735795,0.999999999998216
"2928","Cd300e",3.40385027059585e-14,0.183788688659377,1.32050025614595e-11,0.999997100592177,0.999999999998216
"2120","Gm20939",3.40275289772718e-14,0.183735222725205,1.3196489569094e-11,0.999997101526922,0.999999999998216
"2202","Gm27151",3.40239476515277e-14,0.183717770197389,1.3193711909817e-11,0.99999710183198,0.999999999998216
"1095","Gm13068",3.40216381931707e-14,0.18370651477705,1.31919208599119e-11,0.9999971020287,0.999999999998216
"1442","Shcbp1l",3.40198458099291e-14,0.18369777886464,1.31905309000935e-11,0.999997102181376,0.999999999998216
"1753","Gm36266",3.40179459779986e-14,0.183688518761671,1.31890576957648e-11,0.999997102343204,0.999999999998216
"485","Pax9",3.40077813957638e-14,0.183638966200482,1.31811770769383e-11,0.999997103209025,0.999999999998216
"2358","Lama3",3.40064822015492e-14,0.183632631547689,1.31801699790809e-11,0.999997103319691,0.999999999998216
"2014","Gm10306",3.40042513444823e-14,0.183621753706634,1.31784407728236e-11,0.999997103509716,0.999999999998216
"1182","Gja5",3.33204624056318e-14,0.180253933514408,1.26537611705697e-11,0.999997161755022,0.999999999998216
"1488","Btbd16",3.3041427855557e-14,0.1788600040774,1.24427165324258e-11,0.999997185523252,0.999999999998216
"486","Hist1h2bf",3.30164291535286e-14,0.178734555973119,1.24238956693821e-11,0.999997187652647,0.999999999998216
"385","Rptoros",3.30127176136788e-14,0.178715922796513,1.24211025634514e-11,0.999997187968797,0.999999999998216
"1567","Gm16118",3.30109227975856e-14,0.178706911475974,1.24197519937095e-11,0.99999718812168,0.999999999998216
"251","Gm1123",3.30095540092575e-14,0.178700038809082,1.24187220522431e-11,0.999997188238274,0.999999999998216
"2938","Csmd2",3.30082942974207e-14,0.178693713565415,1.24177742228566e-11,0.999997188345576,0.999999999998216
"18","Cyp26a1",3.30053157792277e-14,0.178678756933734,1.24155332771502e-11,0.999997188599287,0.999999999998216
"1430","Cyp2s1",3.30027536951531e-14,0.178665890361569,1.24136058054868e-11,0.999997188817526,0.999999999998216
"1029","Gpr137c",3.3001728211815e-14,0.178660740193932,1.24128343699721e-11,0.999997188904877,0.999999999998216
"1808","Gm44066",3.30014020822585e-14,0.178659102277704,1.24125890390524e-11,0.999997188932657,0.999999999998216
"735","Ttbk1",3.29988205129308e-14,0.178646136332464,1.24106471393887e-11,0.999997189152555,0.999999999998216
"799","Gm12728",3.29980895891536e-14,0.178642465082358,1.24100973538824e-11,0.999997189214816,0.999999999998216
"239","Gm26792",3.29965074136831e-14,0.178634517930022,1.24089073164505e-11,0.999997189349586,0.999999999998216
"725","Veph1",3.29956166057611e-14,0.178630043301284,1.24082373180419e-11,0.999997189425465,0.999999999998216
"1047","Ifnlr1",3.29937006845619e-14,0.178620419009248,1.24067963681727e-11,0.999997189588664,0.999999999998216
"2710","Sv2c",3.29918440709741e-14,0.178611092112795,1.24054001029378e-11,0.99999718974681,0.999999999998216
"2442","Gm15408",3.29911295633027e-14,0.178607502569368,1.24048627787713e-11,0.999997189807672,0.999999999998216
"852","Chn1os3",3.29909692981265e-14,0.1786066974187,1.24047422577272e-11,0.999997189821324,0.999999999998216
"2762","Gm16867",3.29883385572332e-14,0.178593480379369,1.2402763997476e-11,0.999997190045411,0.999999999998216
"2871","Gad1-ps",3.29875815976205e-14,0.178589677165031,1.24021948094461e-11,0.999997190109889,0.999999999998216
"2432","Pdzd9",3.29857429867062e-14,0.178580439020049,1.24008123391855e-11,0.999997190266502,0.999999999998216
"2359","Zmiz1os1",3.29667069851971e-14,0.178484762318874,1.23865035047842e-11,0.999997191887993,0.999999999998216
"183","Gm13383",3.295427656798e-14,0.178422256491033,1.23771643628029e-11,0.999997192946819,0.999999999998216
"1525","Ggn",3.29542704519799e-14,0.178422225731265,1.23771597686356e-11,0.99999719294734,0.999999999998216
"2084","Gm26850",3.29407711637462e-14,0.178354318781485,1.236702156055e-11,0.999997194097213,0.999999999998216
"1608","Gm29336",3.29386646545221e-14,0.178343719702315,1.23654399089309e-11,0.999997194276646,0.999999999998216
"586","Scml2",3.29264783551774e-14,0.178282390187463,1.23562919317019e-11,0.999997195314678,0.999999999998216
"1902","Gm29361",3.29236489684264e-14,0.178268147641468,1.23541684597526e-11,0.999997195555686,0.999999999998216
"986","Mast1",3.29187629637101e-14,0.178243549665557,1.23505019131682e-11,0.999997195971877,0.999999999998216
"2897","Bspry",3.2914262357143e-14,0.178220888742828,1.23471250578261e-11,0.99999719635524,0.999999999998216
"1636","Gm26714",3.29029193794708e-14,0.178163762365063,1.23386163432981e-11,0.999997197321437,0.999999999998216
"384","Rnf17",3.29026241468619e-14,0.178162275232592,1.23383949194477e-11,0.999997197346585,0.999999999998216
"882","Atrip",3.28837656733768e-14,0.178067254902876,1.23242552198297e-11,0.999997198952954,0.999999999998216
"2427","Cpa2",3.28805774745732e-14,0.178051185530747,1.23218655743506e-11,0.999997199224526,0.999999999998216
"2518","Gm9946",3.28756148823009e-14,0.17802616968535,1.23181464316177e-11,0.999997199647241,0.999999999998216
"9","Fstl5",3.28749517314283e-14,0.1780228265376,1.23176494853433e-11,0.999997199703728,0.999999999998216
"776","RP23-449M8.5",3.28704807533458e-14,0.17800028522485,1.2314299324014e-11,0.999997200084567,0.999999999998216
"1281","Amhr2",3.28687951339117e-14,0.177991786059203,1.23130363859881e-11,0.999997200228148,0.999999999998216
"223","Gm43332",3.28667767592534e-14,0.177981608522526,1.23115242187514e-11,0.999997200400074,0.999999999998216
"1743","Gm10550",3.28612852258116e-14,0.177953914665357,1.23074104293624e-11,0.999997200867844,0.999999999998216
"2474","Cerkl",3.23185565221087e-14,0.175194169496443,1.19042353440053e-11,0.999997247097605,0.999999999998216
"2855","Syngr3",3.16406787306853e-14,0.171682297524093,1.14100927827092e-11,0.999997304839398,0.999999999998216
"1304","Grik4",3.08293799587657e-14,0.16738036059238,1.08324620039174e-11,0.999997373946022,0.999999999998216
"1013","Dancr",3.02818011221299e-14,0.164413243169855,1.04510758466797e-11,0.999997420588919,0.999999999998216
"1656","4930526L06Rik",2.94423907192322e-14,0.159760493181712,9.87969954617784e-12,0.999997492090098,0.999999999998216
"2721","F2rl2",2.92396795847016e-14,0.158617287474163,9.74412423014072e-12,0.999997509357081,0.999999999998216
"2368","Nrg4",2.90787840054532e-14,0.157704327361519,9.63718235881328e-12,0.999997523062205,0.999999999998216
"2893","Gm29340",2.86876638610698e-14,0.155464080783724,9.37967867793119e-12,0.999997556377913,0.999999999998216
"2657","Col4a6",2.84580280255017e-14,0.154134705796482,9.23011685446572e-12,0.999997575938348,0.999999999998216
"1715","Gm28192",2.77746644499484e-14,0.15011517920895,8.79215297032438e-12,0.999997634147422,0.999999999998216
"940","RP24-143L4.3",2.75859850144053e-14,0.14898818693197,8.67310463181791e-12,0.999997650219181,0.999999999998216
"868","Gm5117",2.75853215148655e-14,0.148984210418962,8.67268742491202e-12,0.999997650275698,0.999999999998216
"2195","Gm15448",2.7572968783838e-14,0.14891016029157,8.66492189002593e-12,0.999997651327907,0.999999999998216
"1377","Acnat1",2.756829160716e-14,0.148882113781872,8.66198249430186e-12,0.99999765172631,0.999999999998216
"2579","Gal3st1",2.75627692494733e-14,0.148848993136282,8.65851258218059e-12,0.999997652196706,0.999999999998216
"364","RP24-159C12.10",2.75129503096807e-14,0.148549905188116,8.62724082719851e-12,0.999997656440295,0.999999999998216
"2776","Fbxl21",2.59697328115392e-14,0.139010575439741,7.68656947124706e-12,0.999997787891931,0.999999999998216
"2797","Gpr62",2.58919475474898e-14,0.138515068655522,7.64059237828225e-12,0.999997794517699,0.999999999998216
"1264","Gm15050",2.58884361583852e-14,0.138492665835726,7.63852012987071e-12,0.9999977948168,0.999999999998216
"2284","Serinc4",2.58838034481081e-14,0.138463104352259,7.6357865630958e-12,0.999997795211415,0.999999999998216
"2148","Rab15",2.58743666690141e-14,0.138402871800813,7.63021983131694e-12,0.999997796015242,0.999999999998216
"2654","Abca6",2.58699505858294e-14,0.138374677629336,7.6276154924024e-12,0.999997796391405,0.999999999998216
"1189","Gm26785",2.5867811348503e-14,0.138361018113371,7.62635405936912e-12,0.999997796573626,0.999999999998216
"1674","Gm43660",2.58661986158146e-14,0.138350719712683,7.62540315657191e-12,0.999997796710999,0.999999999998216
"207","4930534D22Rik",2.58634434579673e-14,0.13833312468165,7.62377879183607e-12,0.999997796945684,0.999999999998216
"1439","Tex15",2.58614502411845e-14,0.138320394418097,7.62260375431162e-12,0.999997797115467,0.999999999998216
"1915","Zdbf2",2.58612641402577e-14,0.138319205780571,7.62249404905484e-12,0.999997797131319,0.999999999998216
"1868","Gm20517",2.58612330846243e-14,0.138319007425597,7.6224757420427e-12,0.999997797133964,0.999999999998216
"1230","Igll1",2.58558423445081e-14,0.138284572750845,7.61929828310465e-12,0.999997797593149,0.999999999998216
"1796","Zpbp",2.58520840138697e-14,0.13826056130383,7.61708340566318e-12,0.999997797913284,0.999999999998216
"1833","Fam129c",2.45906816019795e-14,0.130000692928723,6.89189618814167e-12,0.999997905359844,0.999999999998216
"1700","Rhbdl1",2.45706079207802e-14,0.129865896971156,6.88064889841596e-12,0.999997907069725,0.999999999998216
"2748","St14",2.4232458223261e-14,0.127578733126134,6.69256409594796e-12,0.999997935873397,0.999999999998216
"2311","Zfp296",2.32896867908084e-14,0.121031875872175,6.18194148345545e-12,0.999998016178894,0.999999999998216
"1938","4930555A03Rik",2.27076285175138e-14,0.116858140671826,5.87680330825852e-12,0.999998065758757,0.999999999998216
"2666","5730559C18Rik",2.01746283482298e-14,0.0973734156056113,4.63883237867128e-12,0.999998281520319,0.999999999998216
"1666","Gtsf1",1.94162214553384e-14,0.0910679837133259,4.29662080833892e-12,0.9999983461216,0.999999999998216
"1028","5031425F14Rik",1.94133685347492e-14,0.091043808846795,4.29535825399092e-12,0.999998346364613,0.999999999998216
"2225","5430421N21Rik",1.94113856648949e-14,0.0910270044880897,4.29448084815457e-12,0.999998346533514,0.999999999998216
"1579","Nudt15",1.93485392712055e-14,0.0904935171902273,4.26671820040808e-12,0.999998351886785,0.999999999998216
"1529","Slc9a5",1.9342542608877e-14,0.0904425237653913,4.26407385573533e-12,0.999998352397582,0.999999999998216
"2143","Fmr1nb",1.93404494473199e-14,0.0904247206143655,4.26315102850221e-12,0.999998352575878,0.999999999998216
"2986","Rell2",1.93398641623751e-14,0.0904197421989878,4.26289300757391e-12,0.999998352625733,0.999999999998216
"2210","Gm14493",1.93386914434981e-14,0.0904097666419856,4.26237604184033e-12,0.999998352725625,0.999999999998216
"2499","Amigo3",1.93371081356934e-14,0.0903962975256397,4.26167812729852e-12,0.999998352860492,0.999999999998216
"1381","Dgki",1.93356105714035e-14,0.0903835568241838,4.26101806067416e-12,0.999998352988055,0.999999999998216
"1418","Pcdhb4",1.93355768567636e-14,0.0903832699817869,4.26100320119365e-12,0.999998352990927,0.999999999998216
"683","Upk1a",1.93351627684108e-14,0.0903797468994526,4.26082069689948e-12,0.999998353026199,0.999999999998216
"225","Gm2447",1.93349928934104e-14,0.0903783015737862,4.26074582773527e-12,0.999998353040669,0.999999999998216
"1291","D130051D11Rik",1.93332931652819e-14,0.0903638393056551,4.25999674122187e-12,0.999998353185452,0.999999999998216
"1437","Fam227b",1.9332916255934e-14,0.0903606321735231,4.25983064257237e-12,0.999998353217557,0.999999999998216
"933","Fam65c",1.9332665924755e-14,0.0903585020644799,4.25972032693150e-12,0.99999835323888,0.999999999998216
"517","Tusc5",1.93304959386871e-14,0.0903400361575742,4.25876411995721e-12,0.99999835342372,0.999999999998216
"607","Nptx1",1.93291212559914e-14,0.0903283369775959,4.25815841990783e-12,0.999998353540816,0.999999999998216
"1046","Tmem139",1.93265999575204e-14,0.0903068774393564,4.25704762051233e-12,0.999998353755581,0.999999999998216
"1820","Dcstamp",1.93265285364036e-14,0.0903062695123022,4.25701615687835e-12,0.999998353761665,0.999999999998216
"293","Has1",1.9324185551784e-14,0.0902863251102774,4.25598405028216e-12,0.999998353961241,0.999999999998216
"2362","2810442N19Rik",1.93071454825584e-14,0.0901412016045141,4.24848150508299e-12,0.999998355412718,0.999999999998216
"2599","Gm13431",1.93042284472093e-14,0.0901163457131044,4.24719783168442e-12,0.999998355661192,0.999999999998216
"1082","Prr15",1.93034095081447e-14,0.09010936691438,4.2468374834372e-12,0.999998355730949,0.999999999998216
"2","Mcpt8",1.9302867713108e-14,0.090104749708929,4.24659909206092e-12,0.999998355777099,0.999999999998216
"1280","Slc26a8",1.92520980041623e-14,0.0896715196259104,4.22428996439464e-12,0.999998360101675,0.999999999998216
"2095","Dll1",1.92478122514289e-14,0.0896348967280297,4.2224094164001e-12,0.999998360466737,0.999999999998216
"601","Gm26912",1.92446932119799e-14,0.0896082386503915,4.22104107445006e-12,0.999998360732417,0.999999999998216
"2033","Scg2",1.92446380788502e-14,0.0896077673954475,4.22101688919867e-12,0.999998360737113,0.999999999998216
"864","Slc44a5",1.92419092901122e-14,0.08958444118657,4.21981993795559e-12,0.999998360969552,0.999999999998216
"2147","Mgarp",1.92400500197279e-14,0.089568545918809,4.21900448798484e-12,0.999998361127925,0.999999999998216
"2942","Pde1c",1.92367558121307e-14,0.0895403793716982,4.21755988811968e-12,0.999998361408527,0.999999999998216
"1678","Gm28959",1.90558855986135e-14,0.0879865356230579,4.13862300573284e-12,0.999998376815095,0.999999999998216
"1200","Gm6225",1.89660318797714e-14,0.0872091936690986,4.09968554150275e-12,0.999998384468856,0.999999999998216
"284","3830408C21Rik",1.89643060376194e-14,0.0871942275582233,4.09893946153791e-12,0.999998384615864,0.999999999998216
"2231","Radil",1.89641703679485e-14,0.0871930510047408,4.09888081454316e-12,0.99999838462742,0.999999999998216
"710","Efcab9",1.89639044599405e-14,0.0871907449752751,4.09876586961593e-12,0.99999838465007,0.999999999998216
"2338","Mctp2",1.896251969238e-14,0.0871787353639152,4.09816729765012e-12,0.999998384768025,0.999999999998216
"1994","Zfp300",1.89597938933573e-14,0.0871550929227375,4.0969891865431e-12,0.99999838500021,0.999999999998216
"2454","Ppbp",1.89595917726005e-14,0.0871533396783271,4.09690183515671e-12,0.999998385017426,0.999999999998216
"2059","Shc4",1.89588896670603e-14,0.0871472493015789,4.09659841045744e-12,0.999998385077232,0.999999999998216
"2083","Angptl3",1.89584356554784e-14,0.0871433108841313,4.09640220900389e-12,0.999998385115905,0.999999999998216
"1876","6720483E21Rik",1.89582279242309e-14,0.0871415088454161,4.09631243935256e-12,0.999998385133599,0.999999999998216
"1086","Cd300c",1.89552863088037e-14,0.0871159886643301,4.09504134575935e-12,0.999998385384167,0.999999999998216
"1258","Oaz3",1.89550047759022e-14,0.0871135460020963,4.09491970367054e-12,0.999998385408148,0.999999999998216
"1832","Rasgef1a",1.89508983821427e-14,0.0870779136558378,4.09314565702853e-12,0.999998385757931,0.999999999998216
"2168","Brca1",1.89405694432226e-14,0.086988252847843,4.08868504211356e-12,0.999998386637753,0.999999999998216
"43","Gm26652",1.89360312866442e-14,0.0869488439352652,4.08672598063145e-12,0.999998387024314,0.999999999998216
"837","4921507G05Rik",1.89274361244148e-14,0.0868741788507066,4.08301685063412e-12,0.999998387756452,0.999999999998216
"2958","Ovgp1",1.84984910312425e-14,0.0831048773809778,3.90005023035395e-12,0.999998424294098,0.999999999998216
"521","Rltpr",1.79987754190893e-14,0.0786034593425753,3.69218547911074e-12,0.999998466859994,0.999999999998216
"2713","Gm26563",1.79932525674525e-14,0.0785530242972707,3.68991996230377e-12,0.999998467330431,0.999999999998216
"5","Ccl20",1.79882647263413e-14,0.0785074618843504,3.68787450849125e-12,0.999998467755297,0.999999999998216
"35","Gm1992",1.79878110106687e-14,0.0785033167114784,3.68768847327482e-12,0.999998467793945,0.999999999998216
"818","Gm43291",1.79873953689758e-14,0.0784995192942267,3.68751805349773e-12,0.999998467829349,0.999999999998216
"2050","Klra3",1.7966179346702e-14,0.0783055688483946,3.67882437383828e-12,0.999998469636535,0.999999999998216
"2664","Gm16372",1.76805046942823e-14,0.075671795806902,3.56276280461523e-12,0.99999849397037,0.999999999998216
"2584","Tldc1",1.76074734549142e-14,0.0749917508546699,3.53339083701156e-12,0.999998500191189,0.999999999998216
"2560","Hes7",1.76067707660964e-14,0.0749851941283037,3.53310881759607e-12,0.999998500251044,0.999999999998216
"2336","Gm16008",1.76059596092123e-14,0.074977624975298,3.53278327924941e-12,0.999998500320138,0.999999999998216
"1454","Prss45",1.75313895354285e-14,0.074280315925832,3.50292043558473e-12,0.999998506672035,0.999999999998216
"1008","Gm14827",1.45355502098268e-14,0.0435352556086353,2.40802252521557e-12,0.999998761858347,0.999999999998216
"2884","Plcxd2",1.37100664270902e-14,0.0339593712494996,2.14228236052246e-12,0.999998832173254,0.999999999998216
"1573","Gm16229",1.32718942333714e-14,0.0286428147681521,2.00753635100775e-12,0.999998869496867,0.999999999998216
"369","Wnt16",1.28679389100944e-14,0.0235858126675386,1.88718977449178e-12,0.999998903905878,0.999999999998216
"1624","6030445D17Rik",1.2525878997417e-14,0.0191797321143877,1.7881914657282e-12,0.999998933042623,0.999999999998216
"2736","A930001A20Rik",1.25018170306074e-14,0.0188653379123005,1.78132790328936e-12,0.999998935092227,0.999999999998216
"1522","Celf3",1.22413741080245e-14,0.0154236846188841,1.70788228959767e-12,0.999998957276818,0.999999999998216
"1665","Ctnna3",1.21554109117275e-14,0.014271849091165,1.68397982144413e-12,0.999998964599184,0.999999999998216
"1468","Gm16152",1.19798207274057e-14,0.011893917160537,1.63567958020322e-12,0.999998979555998,0.999999999998216
"1530","Gm4787",1.15288046575819e-14,0.00562489202288325,1.51483787486955e-12,0.999999017973655,0.999999999998216
"1997","Gm2885",1.14166795842222e-14,0.00402884977484502,1.4855156066868e-12,0.999999027524495,0.999999999998216
"1826","C030010L15Rik",1.12387372716384e-14,0.00146392889490935,1.43956948252769e-12,0.999999042681664,0.999999999998216
"1657","Pcdhga4",1.11135708997465e-14,-0.000364364163910465,1.40768292509245e-12,0.999999053343366,0.999999999998216
"2469","Arhgap27os3",1.05661338356369e-14,-0.00860690978941273,1.27241801294526e-12,0.999999099974186,0.999999999998216
"1351","A230065H16Rik",1.04243900169475e-14,-0.0108097389831059,1.2385082307814e-12,0.999999112047959,0.999999999998216
"567","Gm20402",1.01626790107503e-14,-0.0149557052221091,1.17710176511244e-12,0.999999134340565,0.999999999998216
"2702","Gm10260",1.01144872015617e-14,-0.0157306126861848,1.16596451210956e-12,0.999999138445555,0.999999999998216
"1943","Zfp850",1.01043048287601e-14,-0.0158948074684241,1.16361811350033e-12,0.999999139312892,0.999999999998216
"615","Pax5",1.01037601343668e-14,-0.0159035954770286,1.1634926621824e-12,0.999999139359289,0.999999999998216
"1757","Asb5",1.01011896555735e-14,-0.0159450734583294,1.16290073348633e-12,0.999999139578243,0.999999999998216
"1441","Htr6",1.0081698853667e-14,-0.0162599216687058,1.15841730112142e-12,0.999999141238474,0.999999999998216
"437","Prrt2",1.00584482960865e-14,-0.0166362897022566,1.15308034532851e-12,0.999999143218962,0.999999999998216
"2586","Ttc36",1.00199911866194e-14,-0.0172607003988893,1.14427990934227e-12,0.999999146494748,0.999999999998216
"2604","Gm17660",1.00172592975836e-14,-0.0173051466938577,1.14365603262794e-12,0.999999146727451,0.999999999998216
"2462","Cd19",1.00170943907501e-14,-0.0173078300175776,1.14361837858764e-12,0.999999146741498,0.999999999998216
"1616","Comp",1.00161128036553e-14,-0.0173238030643365,1.14339426049562e-12,0.999999146825109,0.999999999998216
"838","Mgam",1.00159110572003e-14,-0.0173270862098306,1.14334820002884e-12,0.999999146842294,0.999999999998216
"902","Hal",1.00158537512076e-14,-0.0173280187977713,1.14333511674249e-12,0.999999146847176,0.999999999998216
"1119","Myadml2",1.0014951115086e-14,-0.017342708837986,1.14312904962168e-12,0.999999146924062,0.999999999998216
"2498","Adamts8",1.00146502839146e-14,-0.0173476050344754,1.14306037555983e-12,0.999999146949687,0.999999999998216
"2200","Gm13470",1.00144474426708e-14,-0.017350906471641,1.14301407190797e-12,0.999999146966965,0.999999999998216
"2919","C030034L19Rik",1.00136700693956e-14,-0.0173635595831245,1.14283662545154e-12,0.999999147033182,0.999999999998216
"681","Hsf5",1.00115939099977e-14,-0.0173973574613662,1.14236278019527e-12,0.99999914721003,0.999999999998216
"1094","Dnah7c",1.00094431215195e-14,-0.0174323775177477,1.14187200583679e-12,0.999999147393235,0.999999999998216
"822","Scin",1.00085536612891e-14,-0.0174468622576948,1.14166907654319e-12,0.999999147468999,0.999999999998216
"1172","Tm4sf5",1.00074756380351e-14,-0.0174644194225036,1.14142315099338e-12,0.999999147560825,0.999999999998216
"2803","Spib",1.00056309248661e-14,-0.0174944675654864,1.14100238469266e-12,0.999999147717958,0.999999999998216
"2346","Zfp873",9.98860811317082e-15,-0.0177720065998894,1.13712325974277e-12,0.999999149167966,0.999999999998216
"289","Rln3",9.96769924934514e-15,-0.0181135425335467,1.13236762805459e-12,0.999999150948988,0.999999999998216
"533","4930540M05Rik",9.95687258834129e-15,-0.0182906683619995,1.12990906625123e-12,0.999999151871205,0.999999999998216
"1133","Tmem89",9.95587669960597e-15,-0.0183069707901076,1.12968305001441e-12,0.999999151956035,0.999999999998216
"798","Slc25a30",9.9511691907868e-15,-0.0183840532007809,1.12861499025256e-12,0.999999152357022,0.999999999998216
"581","Lypd6b",9.95091025236235e-15,-0.0183882941930685,1.12855625585069e-12,0.999999152379078,0.999999999998216
"2373","P2rx5",9.9506272650186e-15,-0.0183929291921708,1.12849206823611e-12,0.999999152403183,0.999999999998216
"2675","Gm16751",9.9505037336753e-15,-0.0183949525307067,1.12846404924353e-12,0.999999152413706,0.999999999998216
"1017","Gm29554",9.94996871369813e-15,-0.0184037159896701,1.12834270170279e-12,0.999999152459279,0.999999999998216
"1217","Cxcl9",9.94965535833911e-15,-0.0184088488676506,1.12827163280297e-12,0.999999152485971,0.999999999998216
"1229","Hfm1",9.94739011513106e-15,-0.0184459591401809,1.12775794290724e-12,0.999999152678925,0.999999999998216
"715","Gm31728",9.94698052435635e-15,-0.0184526701371234,1.12766507236849e-12,0.999999152713814,0.999999999998216
"2013","Gm6169",9.94669390687802e-15,-0.0184573664230526,1.12760008704714e-12,0.999999152738228,0.999999999998216
"1118","Doc2a",9.94634796323038e-15,-0.0184630349581033,1.12752165308561e-12,0.999999152767695,0.999999999998216
"1815","1810049J17Rik",9.94617863572395e-15,-0.018465809581733,1.12748326335592e-12,0.999999152782119,0.999999999998216
"2332","Tmem151b",9.94596367785159e-15,-0.0184693319778567,1.12743452930573e-12,0.999999152800429,0.999999999998216
"1956","Phf2os1",9.94509959071092e-15,-0.0184834920547222,1.12723863891404e-12,0.999999152874032,0.999999999998216
"773","RP23-402A4.1",9.94483484525815e-15,-0.0184878307672889,1.12717862396318e-12,0.999999152896583,0.999999999998216
"381","AC168977.2",9.9447082741523e-15,-0.0184899050854504,1.12714993221731e-12,0.999999152907364,0.999999999998216
"1772","Tstd1",9.94458165136069e-15,-0.0184919802767124,1.12712122912047e-12,0.99999915291815,0.999999999998216
"2057","Gm26775",9.94451202749339e-15,-0.0184931213370636,1.12710544680464e-12,0.999999152924081,0.999999999998216
"260","Gpr1",9.94402717131667e-15,-0.0185010678270779,1.12699554282666e-12,0.999999152965381,0.999999999998216
"1763","Ugt1a6a",9.94382573325157e-15,-0.0185043693835237,1.12694988375952e-12,0.999999152982539,0.999999999998216
"59","Sftpb",9.94367407801959e-15,-0.0185068550461732,1.12691550935527e-12,0.999999152995457,0.999999999998216
"402","Fam83e",9.94365112749551e-15,-0.0185072312135716,1.12691030740044e-12,0.999999152997412,0.999999999998216
"347","Gm13496",9.94250271335429e-15,-0.0185260552303928,1.12665002373126e-12,0.999999153095235,0.999999999998216
"509","Gng13",9.94222703104395e-15,-0.0185305743447973,1.1265875458654e-12,0.999999153118717,0.999999999998216
"19","Dpt",9.94209698177824e-15,-0.0185327062165632,1.1265580734093e-12,0.999999153129795,0.999999999998216
"2315","Wnt3",9.94161232039083e-15,-0.018540651416545,1.12644824026413e-12,0.999999153171078,0.999999999998216
"2404","Rtp3",9.94035493444694e-15,-0.0185612659035127,1.12616331854955e-12,0.999999153278183,0.999999999998216
"1290","Fcer2a",9.94029481660023e-15,-0.0185622515830102,1.12614969684097e-12,0.999999153283304,0.999999999998216
"200","Gm28933",9.93851506037964e-15,-0.0185914347525035,1.12574647087268e-12,0.999999153434904,0.999999999998216
"2235","Gm7628",9.93772200579123e-15,-0.0186044403540273,1.12556681771956e-12,0.999999153502456,0.999999999998216
"1219","Ly6g6e",9.93764090606035e-15,-0.0186057703967994,1.12554844675014e-12,0.999999153509365,0.999999999998216
"1562","1700001C19Rik",9.93652568613416e-15,-0.0186240611879213,1.12529583878508e-12,0.999999153604359,0.999999999998216
"2183","Gm26698",9.91237661681302e-15,-0.0190206288228004,1.11983279745518e-12,0.999999155661383,0.999999999998216
"1520","Gm12089",9.90863878722675e-15,-0.0190820952825142,1.1189884076325e-12,0.999999155979772,0.999999999998216
"1394","Dyrk4",9.89203852012057e-15,-0.0193553536553179,1.1152421924809e-12,0.999999157393787,0.999999999998216
"1677","Gm3248",9.85672612812703e-15,-0.0199381408846686,1.10729406791545e-12,0.999999160401705,0.999999999998216
"2630","F630040K05Rik",9.85366409281028e-15,-0.0199887729344152,1.10660620323307e-12,0.99999916066253,0.999999999998216
"2250","Msantd1",9.84764120491236e-15,-0.0200884092177803,1.10525382748288e-12,0.999999161175561,0.999999999998216
"2015","Gm27253",9.82940484074017e-15,-0.0203904591233188,1.10116408698523e-12,0.999999162728939,0.999999999998216
"1400","Star",9.79393035248752e-15,-0.0209796111451982,1.09323019003692e-12,0.999999165750664,0.999999999998216
"1972","Gm15406",9.79128459648809e-15,-0.0210236355210629,1.09263961412975e-12,0.99999916597603,0.999999999998216
"2394","Zfp174",9.79065556157021e-15,-0.0210341041492455,1.09249922675048e-12,0.999999166029611,0.999999999998216
"1379","Gm26615",9.78996302914413e-15,-0.0210456302930707,1.09234467849232e-12,0.999999166088602,0.999999999998216
"699","Dnmt3aos",9.78863368535227e-15,-0.0210677574416692,1.09204804753983e-12,0.999999166201835,0.999999999998216
"2241","Retnla",9.78859719562044e-15,-0.0210683648611075,1.09203990575674e-12,0.999999166204944,0.999999999998216
"2421","Ticrr",9.78760264070094e-15,-0.0210849213917141,1.09181800705901e-12,0.99999916628966,0.999999999998216
"970","Pcdhga10",9.78683669812098e-15,-0.0210976733032205,1.09164713024471e-12,0.999999166354903,0.999999999998216
"1590","Gm15402",9.78658595944357e-15,-0.0211018479780052,1.09159119497987e-12,0.999999166376261,0.999999999998216
"644","Thsd7b",9.78586330387623e-15,-0.0211138804252619,1.09142999160765e-12,0.999999166437817,0.999999999998216
"2737","Grik2",9.78412953370314e-15,-0.0211427518281603,1.09104328660729e-12,0.9999991665855,0.999999999998216
"819","Ttn",9.78343732528837e-15,-0.0211542801560261,1.09088891362485e-12,0.999999166644463,0.999999999998216
"1748","Tubg2",9.78341658076235e-15,-0.0211546256564317,1.09088428744926e-12,0.99999916664623,0.999999999998216
"478","Acot4",9.78295542316706e-15,-0.0211623064299466,1.09078144858636e-12,0.999999166685511,0.999999999998216
"77","Rapgef4os3",9.78266085025231e-15,-0.0211672128524639,1.09071576090421e-12,0.999999166710603,0.999999999998216
"199","Prom2",9.77614062090109e-15,-0.0212758514608617,1.08926230217432e-12,0.999999167265998,0.999999999998216
"81","Gm6569",9.77211205710663e-15,-0.0213430102052742,1.08836475810173e-12,0.999999167609152,0.999999999998216
"2343","Klra8",9.74469690231926e-15,-0.0218007647175176,1.08226662208181e-12,0.999999169944381,0.999999999998216
"1224","Gm14029",9.68939177420654e-15,-0.0227280790727106,1.07001687346057e-12,0.999999174655285,0.999999999998216
"974","6030408B16Rik",9.68674293169739e-15,-0.022772623710383,1.06943192059025e-12,0.999999174880914,0.999999999998216
"2463","Cnih2",9.63218326090942e-15,-0.0236928154445448,1.05741889732281e-12,0.99999917952832,0.999999999998216
"2211","Esrrb",9.62567052418646e-15,-0.0238030010398089,1.05598944721737e-12,0.999999180083076,0.999999999998216
"1561","Itgb6",9.62279761403852e-15,-0.0238516296744443,1.05535919292851e-12,0.999999180327792,0.999999999998216
"1979","Gm43568",9.62258334927542e-15,-0.0238552570244953,1.05531219541718e-12,0.999999180346043,0.999999999998216
"2121","Plcxd1",9.62245192360141e-15,-0.0238574820070889,1.05528336861166e-12,0.999999180357238,0.999999999998216
"1392","Chst3",9.62173269662452e-15,-0.0238696587546171,1.05512562089666e-12,0.999999180418502,0.999999999998216
"1265","Gm4793",9.62111775765512e-15,-0.0238800705838474,1.05499075597196e-12,0.999999180470882,0.999999999998216
"758","Gm20069",9.62097245914326e-15,-0.0238825307990886,1.05495889118593e-12,0.999999180483259,0.999999999998216
"1711","Klra4",9.62055784744728e-15,-0.0238895512652086,1.05486796714011e-12,0.999999180518576,0.999999999998216
"1814","Gpr3",9.62037786700721e-15,-0.0238925989001261,1.05482849877912e-12,0.999999180533906,0.999999999998216
"1025","Aim1l",9.62034430832323e-15,-0.0238931671604105,1.05482113969302e-12,0.999999180536765,0.999999999998216
"1812","Gm26718",9.62025950560111e-15,-0.0238946031616364,1.05480254341271e-12,0.999999180543988,0.999999999998216
"1380","Jazf1",9.62007369726118e-15,-0.0238977495783735,1.05476179831291e-12,0.999999180559816,0.999999999998216
"2098","Ninj2",9.62001354921714e-15,-0.0238987681182181,1.05474860887949e-12,0.999999180564939,0.999999999998216
"2628","Ly6g6d",9.61954951196649e-15,-0.023906626281089,1.0546468562494e-12,0.999999180604466,0.999999999998216
"495","Nr0b2",9.6190431250442e-15,-0.0239152020340312,1.05453582291709e-12,0.9999991806476,0.999999999998216
"412","Serpinb12",9.61662669561991e-15,-0.023956130828939,1.05400606308831e-12,0.999999180853432,0.999999999998216
"587","Gvin1",9.61459836390366e-15,-0.0239904939640818,1.05356148963545e-12,0.999999181026206,0.999999999998216
"976","4933428P19Rik",8.86841169591086e-15,-0.0371435049797894,8.96374072057122e-13,0.999999244586565,0.999999999998216
"965","B130046B21Rik",8.82311746754262e-15,-0.0379766704815057,8.87241232420836e-13,0.999999248444738,0.999999999998216
"2946","Ston1",8.73324571727426e-15,-0.0396423771972587,8.69258513752614e-13,0.999999256100035,0.999999999998216
"2275","Gm27184",8.47925869887995e-15,-0.0444428510814332,8.1943284019258e-13,0.999999277734711,0.999999999998216
"2826","Kcnk12",8.47731722932961e-15,-0.044480089141197,8.19057637163138e-13,0.999999277900085,0.999999999998216
"1507","Gm15420",8.03636735053705e-15,-0.0531632904592161,7.36066673696254e-13,0.999999315460302,0.999999999998216
"2842","Jph2",7.99928592398435e-15,-0.0539147840678336,7.29289623777876e-13,0.999999318618907,0.999999999998216
"2665","RP23-474J16.2",7.97458776661248e-15,-0.0544172260384935,7.24793146600705e-13,0.999999320722702,0.999999999998216
"2643","Ephx3",7.93976868039591e-15,-0.0551281735063575,7.18477700335227e-13,0.9999993236886,0.999999999998216
"1123","Hcn3",7.64750772164535e-15,-0.0612197900744493,6.66557227954729e-13,0.999999348583458,0.999999999998216
"38","Myt1",7.64650149494879e-15,-0.06124115695112,6.66381833936828e-13,0.999999348669169,0.999999999998216
"1299","Gm26777",7.64637458777632e-15,-0.0612438519780073,6.66359714557762e-13,0.999999348679979,0.999999999998216
"1245","Lrrc7",7.64596172912576e-15,-0.0612526198345834,6.66287757595108e-13,0.999999348715146,0.999999999998216
"1068","Gm15735",7.64554707645816e-15,-0.0612614262604651,6.66215491864682e-13,0.999999348750467,0.999999999998216
"162","Dlx6",7.6448647218009e-15,-0.0612759191873546,6.66096579521835e-13,0.99999934880859,0.999999999998216
"1651","Crtac1",7.64436748592637e-15,-0.0612864810722817,6.66009934079138e-13,0.999999348850944,0.999999999998216
"2695","Usp29",7.64303423008712e-15,-0.0613148043650963,6.65777636455967e-13,0.999999348964511,0.999999999998216
"40","Rps6kl1",7.64261435136705e-15,-0.0613237251531364,6.65704487972042e-13,0.999999349000277,0.999999999998216
"524","Gm16958",7.63028694414075e-15,-0.0615858501505229,6.63558679865456e-13,0.999999350050328,0.999999999998216
"265","Gm2788",7.62962458563035e-15,-0.0615999460916013,6.63443482451348e-13,0.999999350106748,0.999999999998216
"2683","A930024E05Rik",7.48216690848741e-15,-0.0647684813023219,6.38046569238473e-13,0.999999362667228,0.999999999998216
"1635","Mtl5",7.47866921204335e-15,-0.0648443842708694,6.37450172066993e-13,0.999999362965163,0.999999999998216
"1603","Rerg",7.47669386110172e-15,-0.0648872665226374,6.37113475399054e-13,0.999999363133424,0.999999999998216
"2425","Lax1",6.6649361663183e-15,-0.0835289186316296,5.06278613912172e-13,0.999999432279139,0.999999999998216
"2483","Gm9796",6.02066977647412e-15,-0.0999934254696482,4.1313045271343e-13,0.999999487157905,0.999999999998216
"503","Gucy2c",6.01222864069525e-15,-0.100220483928228,4.11972825492784e-13,0.999999487876923,0.999999999998216
"1002","Adrb3",5.95112258839566e-15,-0.101873613036158,4.03641105336968e-13,0.999999493081951,0.999999999998216
"2288","Osbpl10",5.90222795178306e-15,-0.103208480006176,3.97035692826891e-13,0.999999497246808,0.999999999998216
"2927","Cd164l2",5.89773087476461e-15,-0.103331801239191,3.96430897521662e-13,0.99999949762987,0.999999999998216
"1799","Tssk6",5.89414205947656e-15,-0.103430282173659,3.9594858171967e-13,0.999999497935566,0.999999999998216
"960","8430432A02Rik",5.88359075835283e-15,-0.103720163982692,3.94532248931053e-13,0.999999498834328,0.999999999998216
"1891","Gm16984",5.8802775652746e-15,-0.103811294946354,3.94088032627525e-13,0.999999499116547,0.999999999998216
"1637","Gm26530",5.75607531635877e-15,-0.107264574629047,3.77616123543128e-13,0.999999509696124,0.999999999998216
"433","Vsig8",5.75270027197931e-15,-0.107359435326013,3.77173426925864e-13,0.999999509983611,0.999999999998216
"255","Ddx4",5.75248585105804e-15,-0.107365463802111,3.77145310610866e-13,0.999999510001876,0.999999999998216
"755","Shc2",5.75006021532388e-15,-0.107433676345757,3.76827317905873e-13,0.999999510208492,0.999999999998216
"898","Spry3",5.74864043021781e-15,-0.107473616013989,3.76641251067751e-13,0.99999951032943,0.999999999998216
"515","Gal",5.74763315927727e-15,-0.107501957233459,3.76509273235934e-13,0.999999510415229,0.999999999998216
"525","Arsj",5.74681126150076e-15,-0.107525086303484,3.76401601086207e-13,0.999999510485239,0.999999999998216
"1523","Ppef2",5.7460906605365e-15,-0.107545367457895,3.76307211923572e-13,0.99999951054662,0.999999999998216
"1699","Lgals12",5.74449161089005e-15,-0.107590381313961,3.76097799917034e-13,0.999999510682827,0.999999999998216
"1334","Gm29585",5.74437800709884e-15,-0.107593579773942,3.76082924548995e-13,0.999999510692504,0.999999999998216
"1035","Azgp1",5.74436813433582e-15,-0.107593857739771,3.76081631815684e-13,0.999999510693345,0.999999999998216
"1761","Serac1",5.74415498424266e-15,-0.107599859056358,3.76053722619845e-13,0.999999510711501,0.999999999998216
"953","Fam83a",5.7440591953033e-15,-0.10760255609948,3.76041180657804e-13,0.99999951071966,0.999999999998216
"2502","Gm26525",5.74395983286593e-15,-0.107605353805235,3.76028171026872e-13,0.999999510728124,0.999999999998216
"1343","Gm26527",5.7426865881088e-15,-0.107641208238681,3.75861483638074e-13,0.999999510836579,0.999999999998216
"2134","Doc2g",5.74264646526857e-15,-0.10764233822087,3.75856231539656e-13,0.999999510839997,0.999999999998216
"575","Prox2os",5.74245989838958e-15,-0.107647592618411,3.75831810330575e-13,0.999999510855889,0.999999999998216
"1399","AI661453",5.74209500269011e-15,-0.107657869886552,3.75784048550228e-13,0.999999510886971,0.999999999998216
"2364","1700022N22Rik",5.74191085945341e-15,-0.107663056515584,3.75759946900426e-13,0.999999510902656,0.999999999998216
"2044","Pcdhb21",5.74154450958805e-15,-0.107673375714345,3.75711999372925e-13,0.999999510933862,0.999999999998216
"1774","Gm3716",5.74139896591157e-15,-0.107677475511509,3.75692951601888e-13,0.999999510946259,0.999999999998216
"1090","Edaradd",5.74116291034601e-15,-0.107684125141871,3.75662059274224e-13,0.999999510966367,0.999999999998216
"2319","Cdk18",5.74018567345074e-15,-0.107711656546222,3.75534182888841e-13,0.999999511049608,0.999999999998216
"2190","Cxcl5",5.73918646418437e-15,-0.107739811750485,3.7540345381579e-13,0.999999511134721,0.999999999998216
"856","Spink4",5.73861387999546e-15,-0.107755947911393,3.75328551436874e-13,0.999999511183494,0.999999999998216
"801","Itpka",5.73456382673963e-15,-0.107870128981707,3.74798958666038e-13,0.999999511528478,0.999999999998216
"764","Cpvl",5.73390982782452e-15,-0.107888574293026,3.74713475570026e-13,0.999999511584186,0.999999999998216
"146","Gm17349",5.73210282398989e-15,-0.107939549610287,3.74477335827894e-13,0.999999511738107,0.999999999998216
"2907","Hapln3",5.73086054356542e-15,-0.107974603353144,3.74315037464621e-13,0.999999511843925,0.999999999998216
"2950","Gm15537",5.70491833776402e-15,-0.108708338102028,3.70933842266665e-13,0.999999514053688,0.999999999998216
"1577","Gm26797",5.69417404990422e-15,-0.109013187357369,3.69537970565567e-13,0.999999514968889,0.999999999998216
"573","Alpk3",5.6863603016275e-15,-0.109235244405898,3.68524480108032e-13,0.999999515634466,0.999999999998216
"1557","Gm10801",5.68456590212759e-15,-0.109286281494909,3.68291932126448e-13,0.999999515787313,0.999999999998216
"742","9530046B11Rik",5.67670072139634e-15,-0.109510173942381,3.67273497745025e-13,0.999999516457271,0.999999999998216
"1438","Pld6",5.66409301798632e-15,-0.109869707267348,3.6564391270414e-13,0.999999517531198,0.999999999998216
"1822","Tnnc1",5.66032775960256e-15,-0.109977234000858,3.65157943917327e-13,0.999999517851924,0.999999999998216
"1228","Pgam2",5.65857049803614e-15,-0.110027441309295,3.64931250890856e-13,0.999999518001608,0.999999999998216
"816","Tgm3",5.65819054489491e-15,-0.110038299099019,3.64882244831817e-13,0.999999518033972,0.999999999998216
"2894","Myo5c",5.65808806586629e-15,-0.110041227729931,3.6486902773031e-13,0.999999518042702,0.999999999998216
"1756","Cdk15",5.6538503989386e-15,-0.110162376983765,3.643226896821e-13,0.999999518403667,0.999999999998216
"1033","Gemin4",5.65125776405682e-15,-0.110236541114027,3.63988637990355e-13,0.999999518624508,0.999999999998216
"1138","Gpr156",5.61947675669337e-15,-0.111148395087206,3.59906219964322e-13,0.999999521331622,0.999999999998216
"649","E330013P04Rik",5.6186077125258e-15,-0.11117340088013,3.59794910591647e-13,0.999999521405648,0.999999999998216
"2132","Slco1b2",5.61464295208637e-15,-0.111287530921035,3.59287312483013e-13,0.999999521743367,0.999999999998216
"2435","Slco2a1",5.57884863787202e-15,-0.112321522001592,3.54720878144056e-13,0.999999524792335,0.999999999998216
"1673","2600006K01Rik",5.4404982172765e-15,-0.116380516071122,3.37345513358023e-13,0.999999536577057,0.999999999998216
"1857","C430042M11Rik",5.43959068114525e-15,-0.116407476420693,3.37232976713413e-13,0.999999536654361,0.999999999998216
"2650","Ccdc63",5.3928159639921e-15,-0.117803061005646,3.31458219649845e-13,0.999999540638643,0.999999999998216
"1848","Btc",5.38325018118814e-15,-0.118089938148755,3.30283380641357e-13,0.999999541453459,0.999999999998216
"2496","Gm28707",5.37819410039908e-15,-0.118241772759024,3.2966325147197e-13,0.999999541884137,0.999999999998216
"2987","Fndc7",5.35299260070992e-15,-0.119000681551362,3.2658097401388e-13,0.999999544030807,0.999999999998216
"1449","Prss22",5.34581426740997e-15,-0.119217491951645,3.25705674754469e-13,0.999999544642259,0.999999999998216
"2379","Pcdh8",5.34294388408852e-15,-0.119304267769247,3.25355999626616e-13,0.999999544886759,0.999999999998216
"1333","Polh",5.34274700456051e-15,-0.119310221405027,3.2533202229994e-13,0.999999544903529,0.999999999998216
"1108","Gm42747",5.34213879331424e-15,-0.119328615076002,3.25257955782509e-13,0.999999544955336,0.999999999998216
"2455","Dnd1",5.34197719957252e-15,-0.119333502380026,3.25238278699155e-13,0.999999544969101,0.999999999998216
"1415","Gm15083",5.34153370365069e-15,-0.119346916392368,3.251842777713e-13,0.999999545006878,0.999999999998216
"2749","Gm42809",5.34118888646948e-15,-0.119357346518632,3.25142295257263e-13,0.99999954503625,0.999999999998216
"2023","Optc",5.34101659062309e-15,-0.119362558420198,3.25121318742636e-13,0.999999545050926,0.999999999998216
"896","Gm12185",5.33986738656857e-15,-0.119397325765051,3.24981423823721e-13,0.999999545148816,0.999999999998216
"1134","Gm44148",5.33965184066329e-15,-0.119403847585963,3.24955188340193e-13,0.999999545167176,0.999999999998216
"1578","Gadl1",5.33964785287566e-15,-0.119403968247795,3.24954702970796e-13,0.999999545167515,0.999999999998216
"2233","Gm2061",5.33853235555671e-15,-0.119437724274145,3.2481894561498e-13,0.999999545262534,0.999999999998216
"1642","Gm14443",5.33668684790746e-15,-0.119493586391793,3.24594407410776e-13,0.999999545419735,0.999999999998216
"2744","Retn",5.33592906130479e-15,-0.119516529534261,3.24502231933117e-13,0.999999545484283,0.999999999998216
"403","9230104M06Rik",5.33374534912102e-15,-0.119582662715908,3.24236683246376e-13,0.999999545670292,0.999999999998216
"528","Gpx6",5.33274371523482e-15,-0.11961300588107,3.24114916670138e-13,0.999999545755612,0.999999999998216
"436","Gm15013",5.33051113948435e-15,-0.119680659017925,3.23843589312017e-13,0.999999545945783,0.999999999998216
"1911","Axdnd1",5.32847828064397e-15,-0.11974228449289,3.23596632592395e-13,0.999999546118942,0.999999999998216
"462","Igfals",5.32837013398914e-15,-0.119745563574023,3.23583497308229e-13,0.999999546128154,0.999999999998216
"1174","Il12a",5.30951487184627e-15,-0.120318273551232,3.21297448703427e-13,0.99999954773425,0.999999999998216
"2029","Gm16386",5.30471576946651e-15,-0.120464361703289,3.20716890014807e-13,0.999999548143039,0.999999999998216
"1574","Gm6904",5.30407667709312e-15,-0.120483825969492,3.206396171201e-13,0.999999548197477,0.999999999998216
"96","Gm26835",5.30403399635939e-15,-0.120485125940887,3.20634456908476e-13,0.999999548201112,0.999999999998216
"2440","Npff",5.3039407209011e-15,-0.120487966964214,3.20623179807702e-13,0.999999548209057,0.999999999998216
"1306","9330136K24Rik",5.30385050753695e-15,-0.120490714767846,3.20612273105983e-13,0.999999548216742,0.999999999998216
"1339","4933423P22Rik",5.30308915508711e-15,-0.120513906593727,3.20520233777431e-13,0.999999548281594,0.999999999998216
"2249","Cdh23",5.3030732784019e-15,-0.120514390253986,3.20518314597463e-13,0.999999548282946,0.999999999998216
"2228","Gm26786",5.30277891782214e-15,-0.120523357782067,3.2048273321533e-13,0.99999954830802,0.999999999998216
"1403","Gm15851",5.30252636433776e-15,-0.120531052071913,3.20452206917785e-13,0.999999548329533,0.999999999998216
"721","Stfa2",5.30190724783935e-15,-0.120549915592573,3.20377380070236e-13,0.999999548382269,0.999999999998216
"2972","Tigd5",5.30150868222889e-15,-0.120562060418492,3.20329213778161e-13,0.999999548416219,0.999999999998216
"2259","Nccrp1",5.30145662517988e-15,-0.1205636467327,3.20322922998419e-13,0.999999548420653,0.999999999998216
"1570","Gm26702",5.3012843725834e-15,-0.120568895828568,3.20302107753585e-13,0.999999548435326,0.999999999998216
"1062","4933427G17Rik",5.30097602080992e-15,-0.120578292728212,3.20264847782734e-13,0.999999548461591,0.999999999998216
"1765","Catsperg1",5.30039920435392e-15,-0.120595872431161,3.20195153453615e-13,0.999999548510725,0.999999999998216
"2220","Gm340",5.30021225198121e-15,-0.120601570605368,3.20172566404728e-13,0.999999548526649,0.999999999998216
"1431","Dnm1",5.30004009761379e-15,-0.120606817922258,3.20151767912947e-13,0.999999548541313,0.999999999998216
"2302","Galnt3",5.29982858039098e-15,-0.120613265260903,3.20126214800018e-13,0.999999548559331,0.999999999998216
"1983","Diras2",5.29932489593613e-15,-0.120628619283932,3.20065369460037e-13,0.999999548602235,0.999999999998216
"1685","RP23-198F11.3",5.2991681067883e-15,-0.120633399046498,3.20046430430956e-13,0.99999954861559,0.999999999998216
"1595","Slc7a13",5.29823822536973e-15,-0.120661749616905,3.19934118795875e-13,0.999999548694797,0.999999999998216
"1880","Phox2a",5.2971523611104e-15,-0.120694862060286,3.19802992406252e-13,0.999999548787292,0.999999999998216
"2408","Kiss1r",5.29702184079958e-15,-0.120698842609066,3.19787232892882e-13,0.999999548798409,0.999999999998216
"1156","Gm527",5.29701141236977e-15,-0.120699160654722,3.19785973741786e-13,0.999999548799298,0.999999999998216
"2137","Prr16",5.29691099880213e-15,-0.120702223093575,3.19773849718011e-13,0.999999548807851,0.999999999998216
"531","Igflr1",5.29682334161774e-15,-0.120704896531761,3.19763266099227e-13,0.999999548815318,0.999999999998216
"1771","Slc43a1",5.29668732316785e-15,-0.120709045016458,3.19746843748494e-13,0.999999548826904,0.999999999998216
"980","Asphd1",5.29617045340363e-15,-0.120724810205801,3.19684442703478e-13,0.999999548870931,0.999999999998216
"1649","Zfp647",5.29611728770831e-15,-0.1207264319136,3.19678024420487e-13,0.999999548875459,0.999999999998216
"233","Gm960",5.29605176564865e-15,-0.120728430548403,3.19670114537877e-13,0.999999548881041,0.999999999998216
"1254","9430098F02Rik",5.29558649643377e-15,-0.120742623466025,3.1961394962992e-13,0.999999548920672,0.999999999998216
"216","Gm43791",5.29556435400302e-15,-0.120743298945824,3.19611276832505e-13,0.999999548922558,0.999999999998216
"626","Gm11973",5.29535503503208e-15,-0.120749684594474,3.19586010637291e-13,0.999999548940388,0.999999999998216
"1797","Gm16196",5.29421344807791e-15,-0.120784515121807,3.19448231058024e-13,0.999999549037629,0.999999999998216
"2273","Gm26660",5.29417441448743e-15,-0.120785706191832,3.19443520569644e-13,0.999999549040954,0.999999999998216
"150","Oprm1",5.29364810942349e-15,-0.120801766697199,3.19380010616046e-13,0.999999549085785,0.999999999998216
"489","Gm15880",5.29307125610651e-15,-0.120819371520496,3.19310408188176e-13,0.999999549134921,0.999999999998216
"1490","Gpr55",5.29305234741633e-15,-0.120819948621485,3.19308126816737e-13,0.999999549136532,0.999999999998216
"297","Gsta1",5.29182323223845e-15,-0.120857466082731,3.19159849085309e-13,0.999999549241228,0.999999999998216
"1007","Pcdhb5",5.29140260268927e-15,-0.120870307335152,3.19109113177446e-13,0.999999549277057,0.999999999998216
"1501","Gldn",5.29110762844688e-15,-0.120879313101056,3.19073536090496e-13,0.999999549302183,0.999999999998216
"998","Rapgef4os2",5.29021690737757e-15,-0.120906510430753,3.18966117523646e-13,0.999999549378055,0.999999999998216
"8","Il19",5.28964066709171e-15,-0.12092410779108,3.18896634128304e-13,0.99999954942714,0.999999999998216
"461","Nodal",5.28901505380486e-15,-0.120943215055775,3.18821205876718e-13,0.999999549480429,0.999999999998216
"1058","Mybl1",5.2882017623105e-15,-0.12096805765514,3.18723163183903e-13,0.999999549549706,0.999999999998216
"257","Runx2os2",5.28724492415148e-15,-0.12099728981872,3.18607835173231e-13,0.999999549631209,0.999999999998216
"2741","Zfp78",5.14902059750211e-15,-0.12527592038769,3.02166874262417e-13,0.999999561405191,0.999999999998216
"1837","Gm44067",5.14509433007393e-15,-0.125399102593805,3.01706229132964e-13,0.999999561739631,0.999999999998216
"2019","Alx1",5.14454774194651e-15,-0.125416258528086,3.0164212912908e-13,0.99999956178619,0.999999999998216
"1776","Gm4035",5.05623724613761e-15,-0.128211961407817,2.9137513034695e-13,0.999999569308499,0.999999999998216
"2303","Nfe2l3",4.99748902800931e-15,-0.130098587180718,2.84643514109087e-13,0.999999574312686,0.999999999998216
"1640","RP24-136L4.6",4.92364276393233e-15,-0.132501331957346,2.76293497455522e-13,0.999999580602929,0.999999999998216
"1996","Ret",4.82431620205721e-15,-0.135789785670251,2.65258386885264e-13,0.999999589063589,0.999999999998216
"884","Gm11100",4.71606836297554e-15,-0.139450500579632,2.53488217567443e-13,0.999999598284166,0.999999999998216
"2021","Gm10629",4.7098906441225e-15,-0.139661909603859,2.52824548952426e-13,0.999999598810385,0.999999999998216
"2547","Gdap1",4.70873318527014e-15,-0.139701549658159,2.52700300609149e-13,0.999999598908978,0.999999999998216
"2844","Lypd1",4.70804862601665e-15,-0.139724998612317,2.5262683042184e-13,0.999999598967289,0.999999999998216
"1528","Noxred1",4.70721071125863e-15,-0.139753705195875,2.52536915924584e-13,0.999999599038663,0.999999999998216
"2304","Gm15867",4.70679345064705e-15,-0.139768002236408,2.52492146720852e-13,0.999999599074205,0.999999999998216
"2923","Fzd10",4.7058319940315e-15,-0.139800950396592,2.52389004123638e-13,0.999999599156102,0.999999999998216
"763","Mesp2",4.70559414509858e-15,-0.139809102266607,2.5236349155187e-13,0.999999599176362,0.999999999998216
"2035","Baiap3",4.7052656279056e-15,-0.139820362306052,2.52328255681839e-13,0.999999599204345,0.999999999998216
"2514","Srms",4.70496068624659e-15,-0.13983081497971,2.52295550661708e-13,0.99999959923032,0.999999999998216
"2088","Gfra4",4.70492072643325e-15,-0.139832184756421,2.52291265125241e-13,0.999999599233724,0.999999999998216
"918","Themis",4.70430671277011e-15,-0.13985323388516,2.5222541909525e-13,0.999999599286026,0.999999999998216
"1836","Plet1os",4.70397082537633e-15,-0.139864749656288,2.52189402602552e-13,0.999999599314637,0.999999999998216
"1630","Ntng2",4.68088551963149e-15,-0.140658169630444,2.49720176531209e-13,0.999999601281049,0.999999999998216
"253","Gm10308",4.60245630076459e-15,-0.143382826032981,2.41422054346853e-13,0.999999607961669,0.999999999998216
"1505","Hist2h2bb-1",4.59944408880923e-15,-0.143488381921179,2.4110614632838e-13,0.99999960821825,0.999999999998216
"1688","Gm42918",4.59646981210893e-15,-0.143592675357163,2.40794419730895e-13,0.999999608471599,0.999999999998216
"1235","Gm26648",4.48193528799972e-15,-0.147660307159358,2.28943731642332e-13,0.999999618227677,0.999999999998216
"1785","Rab11fip4os1",4.48098467938258e-15,-0.147694494595046,2.28846625017577e-13,0.99999961830865,0.999999999998216
"1476","Gm568",4.43925025828838e-15,-0.149202512319611,2.24603671438214e-13,0.999999621863598,0.999999999998216
"169","Gm26852",4.43448653380657e-15,-0.149375531228043,2.24121889214347e-13,0.999999622269374,0.999999999998216
"1741","Spdya",4.40109440249895e-15,-0.150593505914845,2.20759276561455e-13,0.999999625113723,0.999999999998216
"1511","Oc90",4.28814737907023e-15,-0.154781850636409,2.09573805829307e-13,0.999999634734578,0.999999999998216
"891","Il1bos",4.28320776101985e-15,-0.154967496958992,2.09091257904212e-13,0.999999635155336,0.999999999998216
"2245","4930515G01Rik",4.28264740571488e-15,-0.154988570197346,2.09036552301318e-13,0.999999635203067,0.999999999998216
"2594","4831440E17Rik",4.28048435139058e-15,-0.15506994152313,2.08825447725542e-13,0.999999635387317,0.999999999998216
"2163","Gm15859",4.27719912641794e-15,-0.15519360504937,2.08505028232822e-13,0.999999635667153,0.999999999998216
"494","Gm10647",4.27559782902854e-15,-0.155253915569149,2.08348937272916e-13,0.999999635803552,0.999999999998216
"1779","Mmp13",4.2494206023986e-15,-0.156243013004972,2.05805526225215e-13,0.999999638033334,0.999999999998216
"2668","Sarm1",4.2491513668277e-15,-0.156253217158973,2.05779448122721e-13,0.999999638056268,0.999999999998216
"2632","Dnase1l2",4.24718078495696e-15,-0.156327922547258,2.05588628268824e-13,0.999999638224122,0.999999999998216
"1477","Dmc1",4.24482392988095e-15,-0.156417316569987,2.05360520173173e-13,0.99999963842488,0.999999999998216
"1050","Pcdhga6",4.24408276593801e-15,-0.156445438564652,2.05288812829129e-13,0.999999638488012,0.999999999998216
"2712","Gm15627",4.24196588738256e-15,-0.156525785993351,2.05084074547166e-13,0.999999638668328,0.999999999998216
"1084","Cdkn2a",4.24081477557098e-15,-0.156569493746228,2.0497278526484e-13,0.99999963876638,0.999999999998216
"580","Gm10384",4.23596118879742e-15,-0.156753913328413,2.04503873534243e-13,0.99999963917981,0.999999999998216
"608","Gpr82",4.23213470521284e-15,-0.156899453463869,2.04134570210966e-13,0.999999639505751,0.999999999998216
"1846","Gucy2e",4.23056175274788e-15,-0.156959318274932,2.03982857504519e-13,0.999999639639735,0.999999999998216
"1300","3300005D01Rik",4.21202862851763e-15,-0.15766632557965,2.02199567606687e-13,0.999999641218391,0.999999999998216
"2794","Gm1110",4.12222003331868e-15,-0.161136406476801,1.93668921003096e-13,0.999999648868309,0.999999999998216
"1940","Gm17705",4.1192994485745e-15,-0.161250501351423,1.93394590123665e-13,0.999999649117085,0.999999999998216
"1916","0610040F04Rik",4.11731877794936e-15,-0.161327923159012,1.9320865613277e-13,0.999999649285799,0.999999999998216
"578","Ddx43",4.08895351253383e-15,-0.162440730883595,1.90555698169361e-13,0.999999651701959,0.999999999998216
"1497","Cysltr2",4.08377526315508e-15,-0.162644701925001,1.90073364429975e-13,0.999999652143044,0.999999999998216
"1924","8030462N17Rik",4.08328237260413e-15,-0.162664130154673,1.90027485454954e-13,0.999999652185028,0.999999999998216
"1568","Gm15965",4.08227632760529e-15,-0.162703792532071,1.89933858498595e-13,0.999999652270724,0.999999999998216
"1386","Rbpjl",4.08195058258477e-15,-0.162716636788445,1.89903548183853e-13,0.999999652298471,0.999999999998216
"2002","1700071M16Rik",4.08189320185878e-15,-0.162718899438099,1.89898209203552e-13,0.999999652303358,0.999999999998216
"2118","A730049H05Rik",4.08080490348182e-15,-0.162761819402799,1.89796962868865e-13,0.99999965239606,0.999999999998216
"514","Slc32a1",4.0802956323279e-15,-0.16278190775276,1.89749593739849e-13,0.99999965243944,0.999999999998216
"2557","Gm10399",4.08008059547066e-15,-0.162790390686943,1.89729594168844e-13,0.999999652457756,0.999999999998216
"2436","Gm12589",4.07904485350974e-15,-0.162831255583612,1.89633279424642e-13,0.999999652545981,0.999999999998216
"839","Asb11",4.07863416644638e-15,-0.162847461954483,1.89595095969016e-13,0.999999652580964,0.999999999998216
"2237","1700056N10Rik",4.07812546574184e-15,-0.162867538331949,1.89547805067034e-13,0.999999652624295,0.999999999998216
"804","RP23-74K24.8",4.07779323048528e-15,-0.162880651658606,1.89516922300436e-13,0.999999652652595,0.999999999998216
"340","Gm43518",4.07702864098851e-15,-0.162910834010709,1.89445859813752e-13,0.999999652717723,0.999999999998216
"1583","Gm29417",4.07639500257952e-15,-0.162935851266831,1.89386978282301e-13,0.999999652771696,0.999999999998216
"313","Clec2g",4.07589219776203e-15,-0.162955705691127,1.89340261115675e-13,0.999999652814525,0.999999999998216
"732","Slc22a20",4.07562319673367e-15,-0.16296632881756,1.89315269755871e-13,0.999999652837439,0.999999999998216
"1255","Arntl2",4.07529940589141e-15,-0.162979116566838,1.892851903728e-13,0.999999652865019,0.999999999998216
"392","Gm15265",4.07510325652347e-15,-0.162986863749219,1.89266969735129e-13,0.999999652881727,0.999999999998216
"1085","Gm5416",4.07457166761583e-15,-0.163007861414748,1.89217593975531e-13,0.999999652927008,0.999999999998216
"300","Gm43278",4.07405549912079e-15,-0.163028252561611,1.89169656679363e-13,0.999999652970976,0.999999999998216
"657","Prss53",4.06584208249855e-15,-0.163353065364472,1.88407682267934e-13,0.999999653670596,0.999999999998216
"1270","2810032G03Rik",3.99436691170502e-15,-0.166207290658478,1.8184170917837e-13,0.999999659758869,0.999999999998216
"2521","Gm43137",3.98883401475211e-15,-0.166430331999583,1.8133829292209e-13,0.999999660230162,0.999999999998216
"2305","Eomes",3.98750972896659e-15,-0.166483761659201,1.81217904929432e-13,0.999999660342965,0.999999999998216
"126","Pkdrej",3.98653439059816e-15,-0.16652312386883,1.81129264564138e-13,0.999999660426045,0.999999999998216
"2156","Sema6c",3.98644377569129e-15,-0.166526781341192,1.81121030432285e-13,0.999999660433763,0.999999999998216
"2920","Gm34342",3.98602377405168e-15,-0.16654373485856,1.81082867534876e-13,0.999999660469539,0.999999999998216
"1873","Gm16907",3.98499112185102e-15,-0.166585425726539,1.80989054045572e-13,0.999999660557501,0.999999999998216
"1429","Styk1",3.98469029994992e-15,-0.166597572696362,1.80961729810891e-13,0.999999660583125,0.999999999998216
"1716","Irgc1",3.98420406777932e-15,-0.166617208310147,1.80917568764687e-13,0.999999660624542,0.999999999998216
"2535","Dmrtc1a",3.98408883389458e-15,-0.166621862170154,1.80907103671823e-13,0.999999660634358,0.999999999998216
"2238","Gm28048",3.98312190943092e-15,-0.166660917815685,1.8081930328141e-13,0.999999660716721,0.999999999998216
"728","Scn3a",3.98295454658001e-15,-0.166667678821407,1.80804108266545e-13,0.999999660730977,0.999999999998216
"636","Gm28068",3.98279809294788e-15,-0.166673999377572,1.80789904286291e-13,0.999999660744303,0.999999999998216
"1427","Pde4c",3.98181099305241e-15,-0.166713882782752,1.80700301159589e-13,0.999999660828385,0.999999999998216
"1766","Dscaml1",3.97998021679123e-15,-0.166787880433007,1.80534172848175e-13,0.999999660984331,0.999999999998216
"1051","Gm26711",3.97987293485635e-15,-0.166792217673404,1.80524440239828e-13,0.999999660993469,0.999999999998216
"870","RP23-36D15.6",3.97948955388545e-15,-0.166807718106968,1.80489662093479e-13,0.999999661026125,0.999999999998216
"2201","Gm17334",3.97910923913321e-15,-0.16682309602541,1.80455165407341e-13,0.999999661058521,0.999999999998216
"63","Gm10226",3.97521881951079e-15,-0.166980487320292,1.80102471839496e-13,0.999999661389908,0.999999999998216
"795","Rasal1",3.97085244171965e-15,-0.167157315021751,1.79707040251582e-13,0.999999661761837,0.999999999998216
"765","Gm42517",3.96440005892474e-15,-0.167418972155959,1.79123489720114e-13,0.999999662311452,0.999999999998216
"1730","Hoxaas3",3.96270355725755e-15,-0.167487838435629,1.78970216451309e-13,0.999999662455961,0.999999999998216
"2484","Gpr68",3.96087300258005e-15,-0.167562178957505,1.78804905525586e-13,0.999999662611888,0.999999999998216
"1811","Hspb7",3.60417711998384e-15,-0.182735618177446,1.48050488441966e-13,0.999999692995329,0.999999999998216
"2551","Serpina3f",2.96197372945853e-15,-0.214223515403967,9.99907897340793e-14,0.999999747698367,0.999999999998216
"502","Gm44170",2.72516435030501e-15,-0.22756784642742,8.46414299553806e-14,0.999999767869847,0.999999999998216
"2563","6330403A02Rik",1.17345401752104e-15,-0.36162965285684,1.56938589922185e-14,0.999999900044905,0.999999999998216
"2625","Klra7",1.15633743915373e-15,-0.363953576193572,1.5239361391403e-14,0.9999999015029,0.999999999998216
"2076","B230104I21Rik",1.94056388585827e-16,-0.642709639241593,4.29193843342544e-16,0.99999998347023,0.999999999998216
"1251","Gm26674",1.60009702114485e-16,-0.672423143234963,2.91803318953866e-16,0.999999986370335,0.999999999998216
"1042","1110002J07Rik",1.59582790150836e-16,-0.672834071557416,2.90248311454568e-16,0.9999999864067,0.999999999998216
"308","Gm12764",2.17743271997731e-17,-0.974962240839426,5.40364840363362e-18,0.999999998145258,0.999999999998216
"273","Ceacam19",1.98645260537851e-17,-0.988683947129617,4.49732226809128e-18,0.999999998307935,0.999999999998216
"218","Vipr1",1.92478523917465e-17,-0.993393891084605,4.22242702765168e-18,0.999999998360463,0.999999999998216
"1385","Awat2",1.89089258844358e-17,-0.996046259225295,4.07503471661743e-18,0.999999998389333,0.999999999998216
"337","Gm16001",1.84693947847377e-17,-0.999556628084652,3.88779111376581e-18,0.999999998426773,0.999999999998216
"853","Ttll10",1.83212001205557e-17,-1.000758795432,3.82565172582708e-18,0.999999998439396,0.999999999998216
"1036","Pnma2",1.83059754894315e-17,-1.00088284154205,3.8192962539182e-18,0.999999998440693,0.999999999998216
"189","F930015N05Rik",1.78662905961831e-17,-1.00450986599448,3.63803087841664e-18,0.999999998478145,0.999999999998216
"380","Gm16143",1.78637412719726e-17,-1.00453115133064,3.63699273807514e-18,0.999999998478362,0.999999999998216
"1210","Gm16897",1.73108951121897e-17,-1.00921931963862,3.41536122689545e-18,0.999999998525454,0.999999999998216
"156","4930444M15Rik",1.65091238758415e-17,-1.01628755138632,3.10631609087206e-18,0.999999998593749,0.999999999998216
"1","Gm16222",1.64101573441185e-17,-1.01718338936867,3.06918512140686e-18,0.999999998602179,0.999999999998216
"1559","Gpr174",1.63964081448092e-17,-1.01730826738034,3.06404426151326e-18,0.99999999860335,0.999999999998216
"362","Capn11",1.63289735580327e-17,-1.01792224538233,3.03889269639953e-18,0.999999998609094,0.999999999998216
"490","9130015L21Rik",1.60977656111489e-17,-1.02004649289532,2.95344435656645e-18,0.999999998628788,0.999999999998216
"504","Tspo2",1.5743619964549e-17,-1.023359291603,2.82492413691636e-18,0.999999998658955,0.999999999998216
"188","Gm17210",1.56926090677035e-17,-1.02384250894623,2.80664772249686e-18,0.9999999986633,0.999999999998216
"266","1810006J02Rik",1.56281405312538e-17,-1.02445542851966,2.78363449385183e-18,0.999999998668791,0.999999999998216
"177","Olfr288",1.53009015702361e-17,-1.02760553354087,2.66828144739022e-18,0.999999998696666,0.999999999998216
"958","Calcoco2",1.5145897000276e-17,-1.02912091346448,2.61449365370012e-18,0.999999998709869,0.999999999998216
"3","Jchain",1.50251836241018e-17,-1.03031167945199,2.57298450220549e-18,0.999999998720151,0.999999999998216
"1755","6430571L13Rik",1.49343063960651e-17,-1.03121436969279,2.54195412307727e-18,0.999999998727892,0.999999999998216
"143","D630029K05Rik",1.47408654129119e-17,-1.03315400474979,2.47652978661766e-18,0.99999999874437,0.999999999998216
"1413","E330017L17Rik",1.47297750065822e-17,-1.03326596775958,2.47280471501219e-18,0.999999998745314,0.999999999998216
"2255","Cml2",1.44242394189801e-17,-1.03638363617493,2.37128327702731e-18,0.99999999877134,0.999999999998216
"304","RP23-457J22.1",1.42764728604594e-17,-1.03791487447419,2.32294775342467e-18,0.999999998783927,0.999999999998216
"2031","Gm10311",1.42472434839343e-17,-1.03821961589242,2.3134455733914e-18,0.999999998786416,0.999999999998216
"264","Frmd3",1.4164477045782e-17,-1.03908588311716,2.28664467244089e-18,0.999999998793466,0.999999999998216
"754","D330045A20Rik",1.40891810226859e-17,-1.03987830845791,2.26239843703072e-18,0.99999999879988,0.999999999998216
"277","4930426L09Rik",1.40808380261187e-17,-1.03996636809429,2.25971984360011e-18,0.999999998800591,0.999999999998216
"282","Tcf24",1.40608353349399e-17,-1.04017770454412,2.25330426335166e-18,0.999999998802295,0.999999999998216
"127","Hist1h3h",1.40375076666432e-17,-1.04042454546898,2.24583376395774e-18,0.999999998804282,0.999999999998216
"117","Pabpc5",1.39430705503745e-17,-1.04142797881733,2.21571778425694e-18,0.999999998812326,0.999999999998216
"22","Myl10",1.39136715688538e-17,-1.04174172323478,2.20638394746163e-18,0.99999999881483,0.999999999998216
"123","4930507D05Rik",1.37684185378328e-17,-1.04330151217749,2.16055692131902e-18,0.999999998827203,0.999999999998216
"1014","2900055J20Rik",1.36916827029038e-17,-1.04413209663751,2.13654107196115e-18,0.999999998833739,0.999999999998216
"716","RP23-407J24.3",1.36484771101897e-17,-1.04460177357588,2.12307817226829e-18,0.999999998837419,0.999999999998216
"508","Crtam",1.35881134428462e-17,-1.04526043228048,2.10434005497855e-18,0.999999998842561,0.999999999998216
"87","Gipc3",1.35191715037145e-17,-1.04601623124383,2.08304066773569e-18,0.999999998848434,0.999999999998216
"834","Cfap221",1.35165442804569e-17,-1.04604510816721,2.08223113867065e-18,0.999999998848658,0.999999999998216
"1723","Gm10638",1.33784831601606e-17,-1.04757043599519,2.03991159474499e-18,0.999999998860418,0.999999999998216
"469","4930425O10Rik",1.32637709534585e-17,-1.04884965198998,2.0050796121721e-18,0.999999998870189,0.999999999998216
"140","Gm15726",1.32275790917033e-17,-1.0492555109257,1.99415231863871e-18,0.999999998873272,0.999999999998216
"497","Gm26625",1.31551636024714e-17,-1.05007088257434,1.97237777784918e-18,0.99999999887944,0.999999999998216
"950","Gm12996",1.31459483424222e-17,-1.05017496026657,1.96961542406853e-18,0.999999998880225,0.999999999998216
"370","Gm13536",1.31276775699927e-17,-1.05038152432228,1.9641443258147e-18,0.999999998881781,0.999999999998216
"1022","Zfp493",1.30983560850827e-17,-1.05071361774621,1.9553800473411e-18,0.999999998884279,0.999999999998216
"676","BC048644",1.30844081716749e-17,-1.05087184835177,1.95121785321685e-18,0.999999998885467,0.999999999998216
"68","Gm13481",1.29624599166517e-17,-1.05226240350237,1.91501617575385e-18,0.999999998895855,0.999999999998216
"1544","Prss35",1.29503513173045e-17,-1.05240117907732,1.91144010556255e-18,0.999999998896886,0.999999999998216
"1289","BC100530",1.28770078284243e-17,-1.05324450651276,1.88985077576524e-18,0.999999998903133,0.999999999998216
"654","Nlrp10",1.27853145807609e-17,-1.0543055122076,1.86303249668057e-18,0.999999998910944,0.999999999998216
"246","Sapcd1",1.27436611417966e-17,-1.05478997524721,1.8509130763722e-18,0.999999998914492,0.999999999998216
"1710","Ptcra",1.26287355814082e-17,-1.05613479289677,1.81767960424666e-18,0.999999998924281,0.999999999998216
"119","Neurog1",1.24587009899379e-17,-1.05814677502997,1.76906226760672e-18,0.999999998938765,0.999999999998216
"1368","Cr2",1.24005069210576e-17,-1.05884159646231,1.75257443368713e-18,0.999999998943722,0.999999999998216
"440","C6",1.23903834776145e-17,-1.05896279584352,1.74971409157562e-18,0.999999998944584,0.999999999998216
"307","Tulp1",1.23489579184454e-17,-1.05945976818328,1.73803378863175e-18,0.999999998948113,0.999999999998216
"281","Trim66",1.23373190672245e-17,-1.0595996924555,1.73475915055014e-18,0.999999998949104,0.999999999998216
"2048","Gm43573",1.23052176032946e-17,-1.05998629737836,1.72574327634786e-18,0.999999998951839,0.999999999998216
"457","D830030K20Rik",1.22664782924708e-17,-1.06045416964415,1.71489440358149e-18,0.999999998955138,0.999999999998216
"1195","Stag3",1.21810807350394e-17,-1.06149072151724,1.69109979603299e-18,0.999999998962413,0.999999999998216
"355","Pappa2",1.21580937945136e-17,-1.06177096000264,1.68472326304304e-18,0.999999998964371,0.999999999998216
"1725","A430106G13Rik",1.20908309514614e-17,-1.06259398597143,1.66613386616404e-18,0.9999999989701,0.999999999998216
"1327","Glyctk",1.20907641501031e-17,-1.06259480559255,1.66611545556873e-18,0.999999998970106,0.999999999998216
"672","Gm10848",1.20854795829557e-17,-1.06265965888756,1.66465934001881e-18,0.999999998970556,0.999999999998216
"1470","Srsf12",1.20852483751166e-17,-1.0626624969561,1.66459564728661e-18,0.999999998970576,0.999999999998216
"722","Add2",1.20332728776365e-17,-1.06330185705849,1.65030845382125e-18,0.999999998975003,0.999999999998216
"1397","A830005F24Rik",1.20211832286428e-17,-1.06345096435421,1.6469940392677e-18,0.999999998976033,0.999999999998216
"1052","Cdkl1",1.19421269778752e-17,-1.06442966201254,1.62540264848786e-18,0.999999998982767,0.999999999998216
"473","Best3",1.19294537113983e-17,-1.06458714791713,1.62195464784653e-18,0.999999998983846,0.999999999998216
"74","4930404A12Rik",1.18980412345167e-17,-1.06497821120915,1.6134240756691e-18,0.999999998986522,0.999999999998216
"292","Alox8",1.18965554189262e-17,-1.06499673377575,1.61302113523289e-18,0.999999998986649,0.999999999998216
"1534","Faxc",1.17742909253115e-17,-1.06652878474449,1.58003649636469e-18,0.999999998997063,0.999999999998216
"345","Wdr27",1.16175932709794e-17,-1.06851540273181,1.53826064642427e-18,0.999999999010411,0.999999999998216
"1061","Gm15348",1.1602876502826e-17,-1.06870333763845,1.53436588335207e-18,0.999999999011664,0.999999999998216
"374","Ybx2",1.15651443082513e-17,-1.06918625819578,1.52440268919312e-18,0.999999999014878,0.999999999998216
"242","Egr3",1.15038517419498e-17,-1.06997404051338,1.50828754877649e-18,0.999999999020099,0.999999999998216
"1596","Ebf2",1.14580029568142e-17,-1.07056603712065,1.49628889862028e-18,0.999999999024005,0.999999999998216
"263","Cblc",1.13390215720122e-17,-1.07211328056474,1.46537492872724e-18,0.999999999034139,0.999999999998216
"832","Gm5464",1.13341079103685e-17,-1.07217752189961,1.46410519016457e-18,0.999999999034558,0.999999999998216
"1728","Olfr56",1.13299168869545e-17,-1.07223233714737,1.46302262333082e-18,0.999999999034915,0.999999999998216
"1831","a",1.13188426301938e-17,-1.07237727586928,1.46016400217882e-18,0.999999999035858,0.999999999998216
"929","Gm3336",1.12896236731675e-17,-1.07276036270874,1.45263506964452e-18,0.999999999038347,0.999999999998216
"978","Gm12976",1.11985899388385e-17,-1.073960195295,1.42930291156484e-18,0.999999999046101,0.999999999998216
"750","Lipc",1.11650677400791e-17,-1.07440444495638,1.42075868164425e-18,0.999999999048957,0.999999999998216
"331","Samd13",1.1117751240698e-17,-1.0750337456346,1.40874211684443e-18,0.999999999052987,0.999999999998216
"1863","Gm26780",1.10896115325585e-17,-1.07540925197174,1.40161991676852e-18,0.999999999055384,0.999999999998216
"394","Popdc2",1.10715250208873e-17,-1.07565110116164,1.39705172384627e-18,0.999999999056925,0.999999999998216
"481","E130018N17Rik",1.1063838603958e-17,-1.07575400035529,1.39511258818866e-18,0.99999999905758,0.999999999998216
"168","Cd200r3",1.10432810834218e-17,-1.07602955364439,1.38993293729921e-18,0.999999999059331,0.999999999998216
"955","Rgsl1",1.10206581457918e-17,-1.07633337696188,1.38424401968209e-18,0.999999999061258,0.999999999998216
"456","Gm3252",1.1013443539967e-17,-1.07643039758172,1.38243223930656e-18,0.999999999061872,0.999999999998216
"356","Gm28041",1.09897823583961e-17,-1.07674902890789,1.37649861042952e-18,0.999999999063888,0.999999999998216
"371","A230083N12Rik",1.09863139412878e-17,-1.0767957928917,1.37562989114368e-18,0.999999999064183,0.999999999998216
"258","A230009B12Rik",1.09796398956364e-17,-1.07688581870171,1.37395904356611e-18,0.999999999064752,0.999999999998216
"232","Zan",1.09222547431315e-17,-1.07766211760165,1.35963456508344e-18,0.99999999906964,0.999999999998216
"2473","Sfmbt2",1.09021846628381e-17,-1.07793457255879,1.3546423900868e-18,0.999999999071349,0.999999999998216
"76","Rad51b",1.09020638094387e-17,-1.07793621466294,1.35461235716486e-18,0.99999999907136,0.999999999998216
"1375","Gm10277",1.08997689733937e-17,-1.0779673993172,1.35404213740758e-18,0.999999999071555,0.999999999998216
"1910","Xirp1",1.08947154829171e-17,-1.07803609430976,1.35278687175435e-18,0.999999999071986,0.999999999998216
"1215","Nipal4",1.08804848402828e-17,-1.07822970852865,1.34925516801269e-18,0.999999999073198,0.999999999998216
"268","Gm13404",1.08504127752475e-17,-1.07863967495928,1.34180718784751e-18,0.999999999075759,0.999999999998216
"1114","Cxcr5",1.0800544092434e-17,-1.07932200039785,1.32950159374249e-18,0.999999999080007,0.999999999998216
"360","1700058P15Rik",1.07775282314474e-17,-1.07963796194258,1.32384131962265e-18,0.999999999081968,0.999999999998216
"178","Elf5",1.0776723993947e-17,-1.07964901453418,1.32364375240931e-18,0.999999999082036,0.999999999998216
"1371","Hmga2",1.07614404208867e-17,-1.07985921055972,1.31989202583858e-18,0.999999999083338,0.999999999998216
"438","Samd11",1.0714915861188e-17,-1.0805008825248,1.3085042092023e-18,0.999999999087301,0.999999999998216
"555","Gm10778",1.06723374105464e-17,-1.08109054138458,1.29812552110993e-18,0.999999999090928,0.999999999998216
"108","Morc1",1.05873758451071e-17,-1.08227411803495,1.27753925880113e-18,0.999999999098165,0.999999999998216
"1032","Aqp2",1.05722500818245e-17,-1.08248581258988,1.27389152717174e-18,0.999999999099453,0.999999999998216
"2099","Pcdhga7",1.05535541708683e-17,-1.08274788666144,1.26939002487389e-18,0.999999999101046,0.999999999998216
"283","Camk1g",1.05305590725452e-17,-1.08307085402767,1.26386431339406e-18,0.999999999103004,0.999999999998216
"498","Serpinb5",1.05205430165039e-17,-1.08321174752402,1.26146122814812e-18,0.999999999103858,0.999999999998216
"1409","Evi2b",1.04949146128342e-17,-1.08357285926328,1.25532278834473e-18,0.999999999106041,0.999999999998216
"21","Ell3",1.04801801580569e-17,-1.08378086590371,1.25180041329853e-18,0.999999999107296,0.999999999998216
"582","Nphs1os",1.04428721620728e-17,-1.084308835851,1.24290380322957e-18,0.999999999110474,0.999999999998216
"358","Gm43713",1.04380987717569e-17,-1.08437652138892,1.24176781134096e-18,0.99999999911088,0.999999999998216
"1266","Ccdc159",1.04253732463108e-17,-1.08455711555166,1.23874187420529e-18,0.999999999111964,0.999999999998216
"985","Kcnj12",1.02518843920861e-17,-1.08704109825985,1.19785705216556e-18,0.999999999126742,0.999999999998216
"1517","A230028O05Rik",1.02392554207013e-17,-1.08722353270338,1.19490766565511e-18,0.999999999127818,0.999999999998216
"363","Fhl4",1.02186867170128e-17,-1.08752113766725,1.19011180604371e-18,0.99999999912957,0.999999999998216
"2328","Gm17669",1.02130419041544e-17,-1.08760291476543,1.18879733127642e-18,0.999999999130051,0.999999999998216
"937","Smim6",1.02109444011483e-17,-1.08763331290636,1.18830908302528e-18,0.999999999130229,0.999999999998216
"491","Stac",1.01911743732641e-17,-1.0879201336549,1.18371202328869e-18,0.999999999131913,0.999999999998216
"134","Gm29707",1.01401900171128e-17,-1.08866234670189,1.17189791201114e-18,0.999999999136256,0.999999999998216
"577","Bcl2l15",1.00504435770573e-17,-1.08997782923799,1.15124578572926e-18,0.999999999143901,0.999999999998216
"254","Fam3b",1.0039254019189e-17,-1.09014265461298,1.14868375744495e-18,0.999999999144854,0.999999999998216
"688","Gm9996",1.00199941685065e-17,-1.09042678237092,1.14428059040357e-18,0.999999999146495,0.999999999998216
"166","Syt13",9.96041620585228e-18,-1.09130911797938,1.13071347105131e-18,0.999999999151569,0.999999999998216
"1767","Slc5a11",9.94745470452726e-18,-1.09150176385633,1.12777258824441e-18,0.999999999152673,0.999999999998216
"328","Lrrc17",9.93555401166881e-18,-1.09167886108083,1.12507576834894e-18,0.999999999153687,0.999999999998216
"874","Gm5602",9.92525022570919e-18,-1.09183236334849,1.12274343161156e-18,0.999999999154565,0.999999999998216
"1183","Hopxos",9.91023573942635e-18,-1.09205632554065,1.11934912620106e-18,0.999999999155844,0.999999999998216
"905","Spp2",9.88911589924776e-18,-1.09237192461342,1.1145832891414e-18,0.999999999157643,0.999999999998216
"2267","Grm8",9.79780689980652e-18,-1.09374406970002,1.0940957868148e-18,0.99999999916542,0.999999999998216
"2446","Afmid",9.78875823560419e-18,-1.09388073440123,1.09207583808326e-18,0.999999999166191,0.999999999998216
"221","Lhfpl3",9.78580085280073e-18,-1.09392542765377,1.09141606115365e-18,0.999999999166443,0.999999999998216
"964","Recql4",9.76487952061453e-18,-1.09424198077231,1.08675431303008e-18,0.999999999168225,0.999999999998216
"520","4930500F10Rik",9.76427692427916e-18,-1.09425110834441,1.08662018870038e-18,0.999999999168277,0.999999999998216
"1163","B230112J18Rik",9.72612286255124e-18,-1.09483016459455,1.07814480987045e-18,0.999999999171526,0.999999999998216
"968","C1qtnf5",9.71262869655505e-18,-1.09503549902495,1.07515521726057e-18,0.999999999172676,0.999999999998216
"686","Gm26947",9.71061806612827e-18,-1.09506611792593,1.07471012333021e-18,0.999999999172847,0.999999999998216
"851","Gm5160",9.70077715372755e-18,-1.09521607056367,1.07253296651279e-18,0.999999999173685,0.999999999998216
"69","Gm14321",9.67858143816938e-18,-1.09555483307514,1.0676305958651e-18,0.999999999175576,0.999999999998216
"2124","B230217O12Rik",9.66467863890132e-18,-1.09576741518506,1.06456560265129e-18,0.99999999917676,0.999999999998216
"397","Otoa",9.65599528628738e-18,-1.09590034186047,1.06265351717796e-18,0.9999999991775,0.999999999998216
"346","RP24-174G2.4",9.64980757195085e-18,-1.09599513669327,1.06129202322542e-18,0.999999999178027,0.999999999998216
"244","Galnt2",9.62791713769494e-18,-1.09633097651382,1.05648243666841e-18,0.999999999179892,0.999999999998216
"719","1110032F04Rik",9.61476370077881e-18,-1.09653313690324,1.05359772496336e-18,0.999999999181012,0.999999999998216
"675","Gm43159",9.59731008771712e-18,-1.09680180979888,1.04977601976172e-18,0.999999999182499,0.999999999998216
"2378","Rec114",9.5972832496259e-18,-1.09680222330298,1.0497701485447e-18,0.999999999182501,0.999999999998216
"1602","Rbm3os",9.59425974806754e-18,-1.09684881477596,1.0491088193672e-18,0.999999999182759,0.999999999998216
"1034","Gm10010",9.58336379304777e-18,-1.09701683914623,1.04672728043963e-18,0.999999999183687,0.999999999998216
"951","Hist2h2bb",9.55298254641357e-18,-1.09748633907345,1.04010111604343e-18,0.999999999186275,0.999999999998216
"1827","Henmt1",9.54344644553561e-18,-1.09763400986577,1.03802562629414e-18,0.999999999187087,0.999999999998216
"53","Lrrtm1",9.52687880813726e-18,-1.09789091344676,1.03442468306115e-18,0.999999999188498,0.999999999998216
"1519","Gsg1l",9.51452079060775e-18,-1.09808282818643,1.03174276646435e-18,0.999999999189551,0.999999999998216
"1164","Gm29237",9.51368759402025e-18,-1.09809577621645,1.03156207277917e-18,0.999999999189622,0.999999999998216
"2079","Eya4",9.50350263284267e-18,-1.0982541428397,1.02935455951154e-18,0.999999999190489,0.999999999998216
"212","Zfp385c",9.4854108663921e-18,-1.09853586597802,1.02543913655595e-18,0.99999999919203,0.999999999998216
"1005","Sidt1",9.46470667908363e-18,-1.09885892028398,1.02096748772517e-18,0.999999999193794,0.999999999998216
"365","Gm9945",9.460641448745e-18,-1.0989224332526,1.02009063505491e-18,0.99999999919414,0.999999999998216
"1613","Ddias",9.40032135298312e-18,-1.09986801699602,1.00712411384731e-18,0.999999999199278,0.999999999998216
"103","Tex22",9.39021366162455e-18,-1.10002705117909,1.00495945873357e-18,0.999999999200139,0.999999999998216
"2534","Gm28035",9.32277189556693e-18,-1.10109251850956,9.90575792046147e-19,0.999999999205884,0.999999999998216
"1455","Gm26760",9.31086941631255e-18,-1.10128134648805,9.88048049966265e-19,0.999999999206898,0.999999999998216
"635","Ksr2",9.30322489881769e-18,-1.10140274920017,9.86426278769891e-19,0.999999999207549,0.999999999998216
"579","Cdh24",9.28311144021022e-18,-1.1017226418369,9.82165606380701e-19,0.999999999209262,0.999999999998216
"179","Bglap2",9.24237567932846e-18,-1.10237261890862,9.73564722925176e-19,0.999999999212732,0.999999999998216
"1077","Tnfsf18",9.2275619065348e-18,-1.10260968706419,9.70446345333007e-19,0.999999999213994,0.999999999998216
"631","4930448N21Rik",9.21520510877387e-18,-1.10280772292516,9.67849000496671e-19,0.999999999215047,0.999999999998216
"393","Gpr17",9.16479486728138e-18,-1.10361834328448,9.57289050098249e-19,0.999999999219341,0.999999999998216
"101","Gm42956",9.16226892669995e-18,-1.10365907717171,9.5676143937252e-19,0.999999999219556,0.999999999998216
"975","Pakap",9.13510513147238e-18,-1.10409782778999,9.5109674076118e-19,0.99999999922187,0.999999999998216
"407","Epyc",9.11950197516663e-18,-1.10435043257803,9.4785048642312e-19,0.999999999223199,0.999999999998216
"652","RP23-32A8.5",9.11008732450938e-18,-1.10450305576635,9.45894442116501e-19,0.999999999224001,0.999999999998216
"196","Zfp934",9.09530903339874e-18,-1.10474294416665,9.42828090527837e-19,0.999999999225259,0.999999999998216
"729","Glipr1l1",9.08901121027604e-18,-1.10484529029804,9.41522866307763e-19,0.999999999225796,0.999999999998216
"378","Gm43076",9.07762718047903e-18,-1.10503047009913,9.39165819597036e-19,0.999999999226766,0.999999999998216
"1909","Htr1b",9.06146364555073e-18,-1.10529379007858,9.3582425812214e-19,0.999999999228142,0.999999999998216
"717","Abca13",9.05804562767979e-18,-1.10534953229051,9.35118398475307e-19,0.999999999228434,0.999999999998216
"261","A730061H03Rik",9.02842873269076e-18,-1.10583340505491,9.29013323014097e-19,0.999999999230956,0.999999999998216
"687","6430562O15Rik",8.98099565220344e-18,-1.10661162379994,9.19277363565797e-19,0.999999999234997,0.999999999998216
"785","Gm27022",8.96511339142305e-18,-1.10687310465875,9.16028883404948e-19,0.99999999923635,0.999999999998216
"770","Nkx2-2os",8.93530388584294e-18,-1.10736511504042,9.0994731604103e-19,0.999999999238889,0.999999999998216
"1232","Cct6b",8.93066099315709e-18,-1.10744189231822,9.09001922315972e-19,0.999999999239284,0.999999999998216
"132","Plekhg4",8.9126671921755e-18,-1.10773981941712,9.05342636182948e-19,0.999999999240817,0.999999999998216
"1121","Adamts6",8.89488761319019e-18,-1.10803478267702,9.01734164045679e-19,0.999999999242331,0.999999999998216
"771","Zkscan7",8.89331490126114e-18,-1.10806090195088,9.01415319611753e-19,0.999999999242465,0.999999999998216
"93","Gm26603",8.88704173512657e-18,-1.10816513072654,9.00144087511463e-19,0.999999999243,0.999999999998216
"1136","Vstm2l",8.86044055781157e-18,-1.1086079173157,8.94763431807254e-19,0.999999999245266,0.999999999998216
"1553","Dnase1l3",8.83152438375285e-18,-1.10909072714602,8.8893281508017e-19,0.999999999247729,0.999999999998216
"982","Pou5f1",8.79738000867253e-18,-1.10966284251007,8.82072531238921e-19,0.999999999250637,0.999999999998216
"1402","1810019N24Rik",8.77953188879691e-18,-1.10996277347247,8.7849706531045e-19,0.999999999252157,0.999999999998216
"1550","2210406O10Rik",8.75733432813019e-18,-1.11033663507591,8.74060418732353e-19,0.999999999254048,0.999999999998216
"298","Hbq1b",8.72153886389276e-18,-1.11094149161004,8.66929606108477e-19,0.999999999257097,0.999999999998216
"1065","Fv1",8.67341918779889e-18,-1.11175846576681,8.57389709346307e-19,0.999999999261196,0.999999999998216
"302","D430041D05Rik",8.6731766317407e-18,-1.11176259518481,8.57341755441207e-19,0.999999999261217,0.999999999998216
"1806","Krt222",8.66705711674789e-18,-1.11186681512524,8.56132356610181e-19,0.999999999261738,0.999999999998216
"1027","Lrrc52",8.63891327722653e-18,-1.11234706191838,8.50581284155092e-19,0.999999999264135,0.999999999998216
"1414","Gm42957",8.62001670123448e-18,-1.11267037968117,8.46864266885098e-19,0.999999999265745,0.999999999998216
"523","Gfi1",8.61415887013139e-18,-1.11277074825587,8.45713665341173e-19,0.999999999266244,0.999999999998216
"2100","1700112J16Rik",8.60579402087314e-18,-1.11291418901551,8.44071988499518e-19,0.999999999266956,0.999999999998216
"1296","Chst13",8.58490468961818e-18,-1.11327300125757,8.39979234331489e-19,0.999999999268736,0.999999999998216
"2730","Tfap2b",8.54705418492139e-18,-1.11392535107651,8.32588692291461e-19,0.99999999927196,0.999999999998216
"1734","Rbfox1",8.53695138791259e-18,-1.11409995343888,8.30621581027477e-19,0.99999999927282,0.999999999998216
"65","Rasgef1c",8.52757824635366e-18,-1.11426212776347,8.28798621226986e-19,0.999999999273619,0.999999999998216
"2711","Mmp23",8.52669982998954e-18,-1.11427733515129,8.2862788277027e-19,0.999999999273694,0.999999999998216
"1907","Hist1h2an",8.52570426445227e-18,-1.11429457252567,8.28434395203087e-19,0.999999999273778,0.999999999998216
"1691","Gm11899",8.52352328190819e-18,-1.11433234132908,8.28010601508726e-19,0.999999999273964,0.999999999998216
"237","Gm17057",8.52310900821856e-18,-1.11433951652185,8.27930114916615e-19,0.999999999274,0.999999999998216
"530","Slc13a2",8.51709483256845e-18,-1.11444372039433,8.26762099735677e-19,0.999999999274512,0.999999999998216
"2329","Tlr9",8.50965796399712e-18,-1.11457267474986,8.25318922961117e-19,0.999999999275145,0.999999999998216
"1864","Adam3",8.5075220234069e-18,-1.11460973222865,8.2490466166936e-19,0.999999999275327,0.999999999998216
"624","Xlr3a",8.50702905344575e-18,-1.11461828630873,8.24809065928063e-19,0.999999999275369,0.999999999998216
"259","Gm9754",8.49620413719222e-18,-1.11480624499086,8.22711316313575e-19,0.999999999276291,0.999999999998216
"1928","Gm13546",8.48795944433258e-18,-1.11494956037789,8.21115377491369e-19,0.999999999276994,0.999999999998216
"1360","Srrm4",8.48659822076806e-18,-1.11497323537968,8.20852032223703e-19,0.999999999277109,0.999999999998216
"181","B830012L14Rik",8.48575571059519e-18,-1.11498789056487,8.20689059536335e-19,0.999999999277181,0.999999999998216
"1384","Gm42413",8.47099432697345e-18,-1.11524489297416,8.17836286119476e-19,0.999999999278439,0.999999999998216
"54","Epha8",8.46389792467768e-18,-1.11536860177667,8.16466608815744e-19,0.999999999279043,0.999999999998216
"1340","Gm10603",8.4554033758152e-18,-1.11551681846743,8.14828584527394e-19,0.999999999279767,0.999999999998216
"1424","Piezo2",8.45138417927321e-18,-1.11558699838211,8.14054126414899e-19,0.999999999280109,0.999999999998216
"1074","Ccr3",8.44982548524774e-18,-1.11561422387516,8.13753881089896e-19,0.999999999280242,0.999999999998216
"174","Gm31108",8.44654760366429e-18,-1.11567149433946,8.13122655866556e-19,0.999999999280521,0.999999999998216
"1469","Gm17029",8.44606972540057e-18,-1.11567984555916,8.13030650784933e-19,0.999999999280562,0.999999999998216
"512","Apol11b",8.43308845715534e-18,-1.11590687968936,8.10533380777352e-19,0.999999999281667,0.999999999998216
"651","Gm26801",8.42641097607535e-18,-1.1160237988381,8.09250297230333e-19,0.999999999282236,0.999999999998216
"224","Gm15598",8.41832734375191e-18,-1.11616546124524,8.07698380502588e-19,0.999999999282925,0.999999999998216
"20","Ablim3",8.41762721654748e-18,-1.11617773700372,8.07564038353382e-19,0.999999999282984,0.999999999998216
"321","Izumo1r",8.41513669161407e-18,-1.11622141306214,8.07086240801789e-19,0.999999999283197,0.999999999998216
"1460","U2af1l4-1",8.41412634308902e-18,-1.11623913506577,8.0689244966784e-19,0.999999999283283,0.999999999998216
"921","Gm15491",8.3959913013513e-18,-1.11655758983048,8.0341799294869e-19,0.999999999284827,0.999999999998216
"368","Gm20463",8.39045763166308e-18,-1.11665489717431,8.02359300880256e-19,0.999999999285299,0.999999999998216
"554","2210417A02Rik",8.38012244879025e-18,-1.11683680675907,8.00383860877056e-19,0.999999999286179,0.999999999998216
"306","Atcay",8.37770031339851e-18,-1.11687947076608,7.99921252383524e-19,0.999999999286385,0.999999999998216
"339","Gm16049",8.36939710072556e-18,-1.11702581768042,7.98336420126245e-19,0.999999999287093,0.999999999998216
"208","Xntrpc",8.34808753765317e-18,-1.11740206203402,7.94276260841999e-19,0.999999999288908,0.999999999998216
"1604","Vsig4",8.33960640785893e-18,-1.11755206944422,7.92663211584409e-19,0.99999999928963,0.999999999998216
"1556","Gm6712",8.3387784804268e-18,-1.1175667212171,7.92505833643719e-19,0.999999999289701,0.999999999998216
"600","4632411P08Rik",8.32787754458786e-18,-1.11775976818613,7.9043516861112e-19,0.999999999290629,0.999999999998216
"1253","1700022I11Rik",8.31376295975712e-18,-1.11801009683066,7.87758085599262e-19,0.999999999291832,0.999999999998216
"342","4930509G22Rik",8.30285414550885e-18,-1.11820385691305,7.85692145367022e-19,0.999999999292761,0.999999999998216
"1006","Gm10522",8.29914793839065e-18,-1.11826974292012,7.84990871357118e-19,0.999999999293077,0.999999999998216
"197","Gm5093",8.29125970057068e-18,-1.11841007038463,7.83499332244101e-19,0.999999999293748,0.999999999998216
"1601","Gm26873",8.28305084388334e-18,-1.11855624132346,7.81948675261006e-19,0.999999999294448,0.999999999998216
"1261","Fam83h",8.26303469922675e-18,-1.11891325824391,7.78174054796694e-19,0.999999999296153,0.999999999998216
"236","Bcas3os1",8.25386597677803e-18,-1.11907708053466,7.76448077903734e-19,0.999999999296934,0.999999999998216
"290","Fam131c",8.22406120688734e-18,-1.11961086012152,7.70850683021495e-19,0.999999999299472,0.999999999998216
"1141","D630023F18Rik",8.19346211262806e-18,-1.12016085339014,7.65125177904958e-19,0.999999999302079,0.999999999998216
"396","Gm10614",8.19231423552787e-18,-1.12018152491631,7.64910809879066e-19,0.999999999302177,0.999999999998216
"669","1700061E18Rik",8.1811306477158e-18,-1.12038307396181,7.62823827375367e-19,0.999999999303129,0.999999999998216
"1614","Gpr150",8.16063290840208e-18,-1.12075318758248,7.59006121362905e-19,0.999999999304875,0.999999999998216
"390","Platr27",8.15739524708057e-18,-1.12081173162401,7.58403982457176e-19,0.999999999305151,0.999999999998216
"1694","Gm4353",8.15377396280773e-18,-1.12087723956202,7.57730780600007e-19,0.99999999930546,0.999999999998216
"835","A230083G16Rik",8.13596735115485e-18,-1.12119977368277,7.54424855052224e-19,0.999999999306976,0.999999999998216
"1471","Gm29094",8.10993341906524e-18,-1.12167258550787,7.49604476363771e-19,0.999999999309194,0.999999999998216
"1256","Ism2",8.1077211382242e-18,-1.12171283251759,7.49195568090446e-19,0.999999999309382,0.999999999998216
"862","Gm13563",8.09824591065164e-18,-1.12188533357518,7.47445470790194e-19,0.999999999310189,0.999999999998216
"829","Col22a1",8.08904452425553e-18,-1.12205303978843,7.45747911227908e-19,0.999999999310973,0.999999999998216
"388","Gm9821",8.05487879898915e-18,-1.12267740092581,7.39461579073821e-19,0.999999999313884,0.999999999998216
"1750","Gm26590",8.04535503939534e-18,-1.1228519081727,7.37713994503405e-19,0.999999999314695,0.999999999998216
"49","4833413E03Rik",8.03189745876668e-18,-1.12309884379273,7.3524808907385e-19,0.999999999315841,0.999999999998216
"1754","4921514A10Rik",8.0316892186457e-18,-1.12310266803321,7.35209964541753e-19,0.999999999315859,0.999999999998216
"439","Fbxo48",8.0195379546079e-18,-1.12332599024528,7.32987026833021e-19,0.999999999316894,0.999999999998216
"235","Gm28523",8.01163741387249e-18,-1.1234713695212,7.31543516904036e-19,0.999999999317567,0.999999999998216
"434","Saa2",8.00415793805722e-18,-1.12360913101899,7.30178250929227e-19,0.999999999318204,0.999999999998216
"1747","Gm16998",8.00339294498114e-18,-1.12362322827717,7.30038684814332e-19,0.999999999318269,0.999999999998216
"1079","Scn9a",7.98940862425252e-18,-1.12388116511118,7.27489721890264e-19,0.99999999931946,0.999999999998216
"1111","Jakmip3",7.98874105948575e-18,-1.12389348928381,7.27368154390098e-19,0.999999999319517,0.999999999998216
"1364","Itga11",7.96128197465771e-18,-1.12440130401133,7.22376494725516e-19,0.999999999321856,0.999999999998216
"589","Tmem169",7.93153856145047e-18,-1.12495331609279,7.16988968742808e-19,0.99999999932439,0.999999999998216
"267","Pcdhgb8",7.93020699815912e-18,-1.12497807646594,7.16748249733803e-19,0.999999999324503,0.999999999998216
"1366","Fam155a",7.91474216585242e-18,-1.12526594513575,7.13955489453998e-19,0.99999999932582,0.999999999998216
"1981","Itgbl1",7.90724308044818e-18,-1.12540573588424,7.12603208695063e-19,0.999999999326459,0.999999999998216
"1024","Myl1",7.90402460083892e-18,-1.12546577178438,7.1202322598485e-19,0.999999999326733,0.999999999998216
"613","Fut2",7.89269970869817e-18,-1.12567721242099,7.09984312928065e-19,0.999999999327698,0.999999999998216
"1096","Clnk",7.8903065566825e-18,-1.12572193188836,7.09553828338643e-19,0.999999999327902,0.999999999998216
"2777","B230369F24Rik",7.87057655251615e-18,-1.1260911256682,7.06009733630924e-19,0.999999999329582,0.999999999998216
"477","Mst1r",7.81256568928338e-18,-1.12718195200696,6.9564065892884e-19,0.999999999334524,0.999999999998216
"2493","A830052D11Rik",7.79976666361333e-18,-1.12742369790052,6.9336324332548e-19,0.999999999335614,0.999999999998216
"145","Gm10612",7.79650133252638e-18,-1.12748543556021,6.9278281913278e-19,0.999999999335892,0.999999999998216
"1478","Gata6",7.78966832841786e-18,-1.12761470979932,6.91569014823345e-19,0.999999999336474,0.999999999998216
"2372","Gm26664",7.78439979405426e-18,-1.12771446205302,6.90633847160639e-19,0.999999999336923,0.999999999998216
"92","Enpp3",7.77551647499427e-18,-1.12788280598692,6.89058486086177e-19,0.99999999933768,0.999999999998216
"1276","Gm2245",7.76226766812855e-18,-1.12813423103723,6.86712294641507e-19,0.999999999338808,0.999999999998216
"1482","Syt15",7.761736367945e-18,-1.12814432244084,6.86618291729621e-19,0.999999999338853,0.999999999998216
"112","Aknaos",7.75558766569241e-18,-1.1282611591709,6.85530870303028e-19,0.999999999339377,0.999999999998216
"842","C77370",7.73534918939235e-18,-1.12864637378075,6.81957705149138e-19,0.999999999341101,0.999999999998216
"656","4930579C12Rik",7.72792450218156e-18,-1.12878794280971,6.80649194688553e-19,0.999999999341734,0.999999999998216
"1509","4930432K21Rik",7.71371808790084e-18,-1.12905919551626,6.78148990000593e-19,0.999999999342944,0.999999999998216
"705","Gm13610",7.69542717845378e-18,-1.12940916252791,6.74936724430086e-19,0.999999999344502,0.999999999998216
"1547","Gm38037",7.68538719321317e-18,-1.12960161024465,6.731767352457e-19,0.999999999345357,0.999999999998216
"62","Tsks",7.67459312880352e-18,-1.1298087889549,6.71287120547649e-19,0.999999999346276,0.999999999998216
"192","H2-M2",7.66866056733803e-18,-1.12992277951288,6.70249694121808e-19,0.999999999346782,0.999999999998216
"1764","Tmprss7",7.66552684315238e-18,-1.12998302721524,6.69702023897285e-19,0.999999999347049,0.999999999998216
"1332","4930580E04Rik",7.63955827750295e-18,-1.13048322474178,6.65172200135882e-19,0.999999999349261,0.999999999998216
"500","Gm42756",7.61428964413471e-18,-1.1309715523073,6.60779224848287e-19,0.999999999351413,0.999999999998216
"2587","RP23-335G1.1",7.60221588091834e-18,-1.13120544756019,6.58685328515308e-19,0.999999999352441,0.999999999998216
"431","Gm10369",7.57317247162521e-18,-1.13176958565071,6.53662076086685e-19,0.999999999354915,0.999999999998216
"152","Gm26799",7.5668325157586e-18,-1.13189301634099,6.52568094916864e-19,0.999999999355455,0.999999999998216
"201","Gm12999",7.5549375020308e-18,-1.13212487215365,6.50518041533907e-19,0.999999999356469,0.999999999998216
"831","Tssk4",7.54616272038672e-18,-1.13229613968303,6.49007813590055e-19,0.999999999357216,0.999999999998216
"908","Gm9903",7.52281866099629e-18,-1.13275273044616,6.4499861222492e-19,0.999999999359204,0.999999999998216
"2309","Gm13322",7.50801596846639e-18,-1.13304298338832,6.42462774789122e-19,0.999999999360465,0.999999999998216
"788","Pde6h",7.50562799870305e-18,-1.1330898598282,6.42054161459357e-19,0.999999999360669,0.999999999998216
"2339","Zc3h12b",7.50298910757039e-18,-1.13314167902399,6.41602763339528e-19,0.999999999360894,0.999999999998216
"2350","Ptgfr",7.49217183109753e-18,-1.13335428295081,6.39754062430169e-19,0.999999999361815,0.999999999998216
"806","Gm26700",7.49198136643193e-18,-1.13335802907486,6.39721535414643e-19,0.999999999361831,0.999999999998216
"483","Gm26517",7.48419718870572e-18,-1.13351121133466,6.3839288310675e-19,0.999999999362494,0.999999999998216
"1793","Gm16141",7.47806486218339e-18,-1.13363199802468,6.37347151771378e-19,0.999999999363017,0.999999999998216
"227","Gm7854",7.45292357143137e-18,-1.13412822197394,6.33068827253486e-19,0.999999999365158,0.999999999998216
"1142","BC018473",7.43821614970279e-18,-1.13441927410797,6.305727266908e-19,0.999999999366411,0.999999999998216
"1475","Pcdhga11",7.43463551208083e-18,-1.1344902189287,6.29965777676085e-19,0.999999999366716,0.999999999998216
"1171","Nts",7.42824595913656e-18,-1.13461690182002,6.28883419302715e-19,0.99999999936726,0.999999999998216
"1336","B230334C09Rik",7.42491942291848e-18,-1.13468289814442,6.28320289040313e-19,0.999999999367544,0.999999999998216
"2025","0610038B21Rik",7.42192750399878e-18,-1.13474228078524,6.27814019679577e-19,0.999999999367798,0.999999999998216
"1260","Gm26536",7.41863770160024e-18,-1.13480760297204,6.27257580312223e-19,0.999999999368079,0.999999999998216
"1049","Mettl7a2",7.39186933841691e-18,-1.13534017867508,6.22739131811513e-19,0.999999999370359,0.999999999998216
"479","C2cd4b",7.38821851428753e-18,-1.13541296174828,6.22124145397601e-19,0.99999999937067,0.999999999998216
"1632","Slc18a2",7.37739302014549e-18,-1.13562898817745,6.20302361908871e-19,0.999999999371592,0.999999999998216
"324","RP23-477O13.1",7.31318080316428e-18,-1.1369168258465,6.09551234259185e-19,0.999999999377062,0.999999999998216
"2074","A330033J07Rik",7.30835315261003e-18,-1.1370140991681,6.08746733686699e-19,0.999999999377473,0.999999999998216
"2030","Apol7d",7.28839025678221e-18,-1.13741700944527,6.05425670732976e-19,0.999999999379173,0.999999999998216
"865","Cabp7",7.28355305020366e-18,-1.13751480234898,6.04622311662396e-19,0.999999999379585,0.999999999998216
"1184","Kcng2",7.27156247906381e-18,-1.13775748986744,6.02633227676722e-19,0.999999999380607,0.999999999998216
"740","Gm17399",7.25822286895752e-18,-1.13802794584697,6.00424206250348e-19,0.999999999381743,0.999999999998216
"2123","Zfp619",7.24165215096624e-18,-1.13836459477928,5.97685766570622e-19,0.999999999383154,0.999999999998216
"448","Ppp1r3fos",7.23030163328385e-18,-1.13859562928486,5.95813617484005e-19,0.999999999384121,0.999999999998216
"425","G630030J09Rik",7.22551950952694e-18,-1.1386930742781,5.95025735497766e-19,0.999999999384529,0.999999999998216
"803","1300017J02Rik",7.22049228065284e-18,-1.13879558234604,5.94198033093804e-19,0.999999999384957,0.999999999998216
"995","Elf3",7.21796586400747e-18,-1.13884712399575,5.93782291586686e-19,0.999999999385172,0.999999999998216
"2146","D030055H07Rik",7.19126867570039e-18,-1.13939286542598,5.89397953572684e-19,0.999999999387446,0.999999999998216
"422","Gm12532",7.17579106223772e-18,-1.13971017286008,5.86863586673127e-19,0.999999999388764,0.999999999998216
"671","Gm16339",7.16407734826937e-18,-1.13995076531167,5.84949166002407e-19,0.999999999389762,0.999999999998216
"2151","Aoc2",7.13814044914237e-18,-1.1404848763887,5.80721321224793e-19,0.999999999391971,0.999999999998216
"777","Map3k13",7.12513125670344e-18,-1.14075349194355,5.7860653200852e-19,0.99999999939308,0.999999999998216
"809","Ptch2",7.11519209306499e-18,-1.14095904319082,5.76993409743762e-19,0.999999999393926,0.999999999998216
"1955","Gm18025",7.10507110698769e-18,-1.14116864582779,5.75353091723546e-19,0.999999999394788,0.999999999998216
"1401","Cdr1",7.09995850479682e-18,-1.1412746382534,5.74525374982752e-19,0.999999999395224,0.999999999998216
"857","Gm26762",7.0926593203555e-18,-1.14142609251607,5.73344688910859e-19,0.999999999395846,0.999999999998216
"1801","Gm3294",7.08840502490564e-18,-1.14151443782829,5.72657091759678e-19,0.999999999396208,0.999999999998216
"102","4933413G19Rik",7.07984166727832e-18,-1.14169242438336,5.71274296807593e-19,0.999999999396937,0.999999999998216
"935","Atp8b5",7.06206170171511e-18,-1.14206265396932,5.68408559518983e-19,0.999999999398452,0.999999999998216
"88","Greb1l",7.04302943849764e-18,-1.14245997978218,5.65348964635985e-19,0.999999999400073,0.999999999998216
"1373","Nr6a1os",7.0362622646649e-18,-1.14260150942146,5.64263074886674e-19,0.99999999940065,0.999999999998216
"170","Gm11940",7.03157380192131e-18,-1.1426996433248,5.63511356173026e-19,0.999999999401049,0.999999999998216
"1201","Gm26610",7.02214732798526e-18,-1.14289714363451,5.62001490900151e-19,0.999999999401852,0.999999999998216
"646","Kdm4d",7.02204734735619e-18,-1.14289923979569,5.61985487572404e-19,0.99999999940186,0.999999999998216
"2260","Nlrp12",7.02185561093418e-18,-1.14290325976117,5.61954798056886e-19,0.999999999401877,0.999999999998216
"866","Gm26742",7.02174686792459e-18,-1.14290553972635,5.61937392918927e-19,0.999999999401886,0.999999999998216
"585","Ahrr",7.02151763566927e-18,-1.14291034604875,5.61900703452413e-19,0.999999999401905,0.999999999998216
"1330","Col9a1",7.01545735661563e-18,-1.14303746832,5.60931167892786e-19,0.999999999402422,0.999999999998216
"2128","1700029I15Rik",7.0021693305906e-18,-1.14331658142869,5.58808253147015e-19,0.999999999403554,0.999999999998216
"24","Rnf112",6.99095081258899e-18,-1.14355263169457,5.57019099467491e-19,0.999999999404509,0.999999999998216
"2115","Cntnap1",6.98860548313442e-18,-1.14360202726996,5.5664542378278e-19,0.999999999404709,0.999999999998216
"151","B430203G13Rik",6.98680491114728e-18,-1.14363996066297,5.56358628071237e-19,0.999999999404862,0.999999999998216
"100","6030407O03Rik",6.97699569547706e-18,-1.14384678489736,5.54797510845581e-19,0.999999999405698,0.999999999998216
"1769","Fam124b",6.97062123004617e-18,-1.14398134225251,5.53784203070586e-19,0.999999999406241,0.999999999998216
"1744","Tfap2a",6.937415517084e-18,-1.14468424322653,5.48520683612675e-19,0.999999999409069,0.999999999998216
"411","Bpifb4",6.91578244490848e-18,-1.14514396049408,5.45105092826093e-19,0.999999999410912,0.999999999998216
"991","2010013B24Rik",6.90604897275906e-18,-1.14535126597537,5.43571779267412e-19,0.999999999411741,0.999999999998216
"4","Cxcl13",6.90508953334232e-18,-1.14537171590804,5.43420755732562e-19,0.999999999411823,0.999999999998216
"241","Gm15655",6.88199018220692e-18,-1.1458649136577,5.3979106467793e-19,0.99999999941379,0.999999999998216
"2386","Fgf7",6.86954400633288e-18,-1.14613133093137,5.37840390745726e-19,0.999999999414851,0.999999999998216
"890","Prx",6.86879601072191e-18,-1.14614735734804,5.37723270788764e-19,0.999999999414914,0.999999999998216
"184","Bmp15",6.85590688425089e-18,-1.14642378803591,5.35707115261418e-19,0.999999999416012,0.999999999998216
"685","Akap5",6.85488615868113e-18,-1.14644570123802,5.35547612148431e-19,0.999999999416099,0.999999999998216
"653","Stra6l",6.85474522854491e-18,-1.14644872701562,5.35525591645002e-19,0.999999999416111,0.999999999998216
"943","Nhlrc4",6.84994393122746e-18,-1.14655184778453,5.34775653604519e-19,0.99999999941652,0.999999999998216
"1367","Ajap1",6.8496868961018e-18,-1.14655737031449,5.34735520853134e-19,0.999999999416542,0.999999999998216
"527","D930028M14Rik",6.84928989314877e-18,-1.1465659005257,5.34673536872857e-19,0.999999999416576,0.999999999998216
"1798","Tbx6",6.83263420425952e-18,-1.14692421324893,5.32076325052924e-19,0.999999999417995,0.999999999998216
"1178","Gm43689",6.83196524331116e-18,-1.14693862254435,5.31972142435213e-19,0.999999999418052,0.999999999998216
"352","Gm42846",6.82510650676222e-18,-1.14708643876607,5.30904565195174e-19,0.999999999418636,0.999999999998216
"1104","Arhgef37",6.82492725182168e-18,-1.14709030394678,5.30876678152991e-19,0.999999999418651,0.999999999998216
"1116","Rundc3b",6.81830488821887e-18,-1.14723316871706,5.29846937437977e-19,0.999999999419215,0.999999999998216
"859","Sema4f",6.81060136822579e-18,-1.14739952960176,5.28650340706557e-19,0.999999999419871,0.999999999998216
"1629","Lmntd2",6.80264005439043e-18,-1.14757165272305,5.27415121930636e-19,0.99999999942055,0.999999999998216
"1031","Gm44264",6.79860259043431e-18,-1.14765901836701,5.26789250913723e-19,0.999999999420893,0.999999999998216
"466","Spaca1",6.79215491094048e-18,-1.14779864418036,5.25790528725851e-19,0.999999999421443,0.999999999998216
"1194","Gm28043",6.77881572801396e-18,-1.14808792223843,5.23727345809908e-19,0.999999999422579,0.999999999998216
"1965","Gm10874",6.77251036269169e-18,-1.14822485794633,5.22753501247283e-19,0.999999999423116,0.999999999998216
"85","Gm10083",6.76471665899281e-18,-1.14839429020981,5.21551039701388e-19,0.99999999942378,0.999999999998216
"1599","Aldh1l2",6.74608734452644e-18,-1.14880006582543,5.18682402267147e-19,0.999999999425367,0.999999999998216
"2159","Svopl",6.74200753302062e-18,-1.1488890779684,5.18055227893973e-19,0.999999999425714,0.999999999998216
"743","Tceal6",6.74106531919829e-18,-1.14890964246495,5.17910438768153e-19,0.999999999425794,0.999999999998216
"2510","Rhox8",6.73720431119274e-18,-1.14899394136272,5.17317332606242e-19,0.999999999426123,0.999999999998216
"1877","Serpind1",6.73091341310089e-18,-1.1491313950877,5.16351688380953e-19,0.999999999426659,0.999999999998216
"1241","Pcdhb10",6.72744361800591e-18,-1.14920726299713,5.15819465590178e-19,0.999999999426955,0.999999999998216
"949","4833412C05Rik",6.72109797924374e-18,-1.14934611177778,5.14846834539953e-19,0.999999999427495,0.999999999998216
"496","Vmn1r4",6.70737278408636e-18,-1.14964687512699,5.12746237833867e-19,0.999999999428664,0.999999999998216
"697","Tdo2",6.67580190858408e-18,-1.15034100461902,5.0793071588866e-19,0.999999999431354,0.999999999998216
"1537","Ache",6.67339852891036e-18,-1.15039397875646,5.07565057760527e-19,0.999999999431558,0.999999999998216
"2060","Gm32200",6.66650375525951e-18,-1.15054605449059,5.06516794764313e-19,0.999999999432146,0.999999999998216
"535","Gm16090",6.66646032438658e-18,-1.15054701292236,5.0651019508457e-19,0.999999999432149,0.999999999998216
"125","1700093K21Rik",6.6608592275026e-18,-1.15067066945775,5.05659422494081e-19,0.999999999432626,0.999999999998216
"952","Gm19710",6.64950503369998e-18,-1.15092165314343,5.03936983544958e-19,0.999999999433594,0.999999999998216
"322","Gm13154",6.64391717327539e-18,-1.15104532761174,5.03090380274427e-19,0.99999999943407,0.999999999998216
"89","Gm9869",6.64155081368072e-18,-1.15109773246646,5.02732073357349e-19,0.999999999434271,0.999999999998216
"659","C330018A13Rik",6.63808097254358e-18,-1.15117460806793,5.02206911448063e-19,0.999999999434567,0.999999999998216
"1450","Fetub",6.6238910710797e-18,-1.15148940340703,5.00062119939383e-19,0.999999999435775,0.999999999998216
"141","Obscn",6.61270042107906e-18,-1.15173813127611,4.983738998163e-19,0.999999999436729,0.999999999998216
"139","Pnldc1",6.61089884153017e-18,-1.15177821268605,4.98102380509247e-19,0.999999999436882,0.999999999998216
"1618","Gm26884",6.60400532505403e-18,-1.15193167864562,4.9706412933786e-19,0.999999999437469,0.999999999998216
"2888","Ddx11",6.59432114245866e-18,-1.15214753844053,4.95607398111039e-19,0.999999999438294,0.999999999998216
"1575","4930426I24Rik",6.59383404763711e-18,-1.15215840400649,4.95534183939016e-19,0.999999999438336,0.999999999998216
"1778","Lsmem1",6.58036953353029e-18,-1.15245906903065,4.93512502844739e-19,0.999999999439483,0.999999999998216
"2542","Col6a3",6.54029337280153e-18,-1.15335757986044,4.87519569030937e-19,0.999999999442896,0.999999999998216
"557","Slc9a4",6.53138815394147e-18,-1.15355797265579,4.86192866219134e-19,0.999999999443655,0.999999999998216
"1679","Scd3",6.512283486817e-18,-1.15398879256493,4.83352744674819e-19,0.999999999445282,0.999999999998216
"662","Slc8a2",6.49926993198631e-18,-1.15428296892985,4.81422898519037e-19,0.999999999446391,0.999999999998216
"404","Cabp4",6.45818643190445e-18,-1.15521550274112,4.75355747786253e-19,0.99999999944989,0.999999999998216
"813","Gng8",6.45802317914583e-18,-1.15521921998899,4.75331715604114e-19,0.999999999449904,0.999999999998216
"2078","Stac3",6.44840751204139e-18,-1.15543833130718,4.73917280041985e-19,0.999999999450723,0.999999999998216
"1607","Sele",6.43804234112268e-18,-1.1556748825907,4.723949551463e-19,0.999999999451606,0.999999999998216
"142","Ttc22",6.42058120810328e-18,-1.15607422651468,4.6983598925786e-19,0.999999999453093,0.999999999998216
"2750","Bcl2a1c",6.37194930146622e-18,-1.1571921302334,4.62745513902509e-19,0.999999999457236,0.999999999998216
"319","Angpt4",6.3588739700888e-18,-1.15749412850173,4.6084834154816e-19,0.99999999945835,0.999999999998216
"1236","Gm14091",6.3537398233424e-18,-1.15761287828454,4.60104465243538e-19,0.999999999458787,0.999999999998216
"2007","Rapgefl1",6.35044483650041e-18,-1.15768913923895,4.5962737770145e-19,0.999999999459068,0.999999999998216
"1639","Gm11027",6.31462863181985e-18,-1.15852061493085,4.54457445229555e-19,0.999999999462118,0.999999999998216
"1410","Zfp458",6.31244496124614e-18,-1.15857145928088,4.54143186444465e-19,0.999999999462304,0.999999999998216
"317","Gm12027",6.29652003261199e-18,-1.15894277884572,4.51854667417241e-19,0.999999999463661,0.999999999998216
"17","Cyp4b1",6.28512582059947e-18,-1.15920902497695,4.50220790465298e-19,0.999999999464631,0.999999999998216
"37","Prrt3",6.28318101064031e-18,-1.15925451648066,4.49942209436259e-19,0.999999999464797,0.999999999998216
"275","Gm16070",6.2799838393765e-18,-1.15932933244102,4.49484423387526e-19,0.999999999465069,0.999999999998216
"753","BC055402",6.27966885288104e-18,-1.15933670536925,4.49439334745186e-19,0.999999999465096,0.999999999998216
"455","Gm44175",6.27712848594123e-18,-1.15939618138818,4.49075777393613e-19,0.999999999465313,0.999999999998216
"2274","Zc3hav1l",6.27164549636398e-18,-1.15952463211855,4.48291596401097e-19,0.99999999946578,0.999999999998216
"114","Pif1",6.27004778705418e-18,-1.15956208270176,4.48063219836756e-19,0.999999999465916,0.999999999998216
"1067","Gm26641",6.26235704843813e-18,-1.15974248670594,4.46964719838353e-19,0.999999999466571,0.999999999998216
"1508","Cacna2d4",6.25573548288886e-18,-1.1598979858826,4.46020014359822e-19,0.999999999467135,0.999999999998216
"2278","Gm29994",6.24461243690256e-18,-1.16015956233158,4.44435327607295e-19,0.999999999468082,0.999999999998216
"454","A230020J21Rik",6.24138420091661e-18,-1.16023556554845,4.43975932800034e-19,0.999999999468357,0.999999999998216
"1513","Gm26521",6.19365790437688e-18,-1.16136374342497,4.37211948524638e-19,0.999999999472423,0.999999999998216
"2016","RP23-124B2.7",6.18721256223416e-18,-1.16151675816863,4.3630246518059e-19,0.999999999472972,0.999999999998216
"1952","Scgb1c1",6.12045756830967e-18,-1.16311085403667,4.26938555796032e-19,0.999999999478658,0.999999999998216
"1921","Gm15445",6.10723417979924e-18,-1.16342865932266,4.25095727662954e-19,0.999999999479784,0.999999999998216
"230","F730035M05Rik",6.10507890330472e-18,-1.16348052261498,4.24795743369907e-19,0.999999999479968,0.999999999998216
"1664","Cadps",6.08567365234215e-18,-1.16394829369437,4.22099572738653e-19,0.999999999481621,0.999999999998216
"620","Ntn5",6.08280512347123e-18,-1.16401756543087,4.21701746789088e-19,0.999999999481865,0.999999999998216
"1322","Tnnt3",6.08191353758766e-18,-1.16403910278578,4.21578134159045e-19,0.999999999481941,0.999999999998216
"361","Gm16552",6.0782441432846e-18,-1.16412777430634,4.2106958705837e-19,0.999999999482254,0.999999999998216
"443","Krt24",6.05571470050663e-18,-1.1646733616182,4.17953923448989e-19,0.999999999484173,0.999999999998216
"190","Gm21994",6.04362381371095e-18,-1.16496698803104,4.16286609527634e-19,0.999999999485203,0.999999999998216
"2069","Gm13710",6.03667405100227e-18,-1.16513602482442,4.15329756549209e-19,0.999999999485795,0.999999999998216
"249","Fam131b",6.02866269503521e-18,-1.16533112064541,4.14228107990553e-19,0.999999999486477,0.999999999998216
"144","Opn1mw",6.0273310446983e-18,-1.16536357431417,4.1404513338866e-19,0.99999999948659,0.999999999998216
"2119","Gm8013",5.99515530242333e-18,-1.16614988642777,4.09636332749429e-19,0.999999999489331,0.999999999998216
"1037","5033426O07Rik",5.98821150751396e-18,-1.16632012497815,4.08687972521896e-19,0.999999999489923,0.999999999998216
"295","Cdsn",5.98233061871114e-18,-1.16646445693461,4.07885640028504e-19,0.999999999490424,0.999999999998216
"336","Kcnu1",5.97855016388037e-18,-1.16655731279274,4.07370287028021e-19,0.999999999490746,0.999999999998216
"2161","Tmem163",5.97852491629842e-18,-1.16655793312062,4.0736684636341e-19,0.999999999490748,0.999999999998216
"641","Ano3",5.97090878780926e-18,-1.1667451778363,4.06329606545612e-19,0.999999999491397,0.999999999998216
"1565","Gm13199",5.95652365573892e-18,-1.16709948379179,4.04374103877908e-19,0.999999999492622,0.999999999998216
"377","Myo18b",5.95365571144655e-18,-1.16717022214831,4.03984801902829e-19,0.999999999492866,0.999999999998216
"1926","Tmod4",5.93400736750687e-18,-1.16765575752912,4.01322728457007e-19,0.99999999949454,0.999999999998216
"741","Gm26645",5.93318109870104e-18,-1.16767621038969,4.0121097350136e-19,0.99999999949461,0.999999999998216
"472","Kcnc2",5.92140655019199e-18,-1.16796797460488,3.99620126883022e-19,0.999999999495613,0.999999999998216
"1724","Eme1",5.92054002647466e-18,-1.16798946898563,3.99503176635464e-19,0.999999999495687,0.999999999998216
"135","1700020N01Rik",5.91841258685185e-18,-1.16804225392258,3.99216119650096e-19,0.999999999495868,0.999999999998216
"280","AU019990",5.91692692507728e-18,-1.16807912649305,3.99015719397844e-19,0.999999999495995,0.999999999998216
"513","Hrc",5.91443595171614e-18,-1.16814097033377,3.98679826012352e-19,0.999999999496207,0.999999999998216
"1026","Masp2",5.91407367607773e-18,-1.16814996675483,3.98630987013591e-19,0.999999999496238,0.999999999998216
"335","Lemd1",5.89814587674073e-18,-1.16854604118451,3.9648669029949e-19,0.999999999497595,0.999999999998216
"429","Cplx1",5.87840981302825e-18,-1.16903828075783,3.93837724065431e-19,0.999999999499276,0.999999999998216
"186","Gm20531",5.86579392866561e-18,-1.16935378951851,3.92149077075076e-19,0.99999999950035,0.999999999998216
"226","Apol8",5.84525793343602e-18,-1.16986880492172,3.8940807570356e-19,0.9999999995021,0.999999999998216
"1821","Sgsm1",5.84512717157895e-18,-1.16987208996764,3.89390653323173e-19,0.999999999502111,0.999999999998216
"1365","Gm10837",5.84217854151047e-18,-1.16994618574745,3.88997888768122e-19,0.999999999502362,0.999999999998216
"992","Fam83g",5.81917276415141e-18,-1.17052556459139,3.85940269649162e-19,0.999999999504322,0.999999999998216
"692","Adamts3",5.81714474452586e-18,-1.17057674662798,3.85671311126774e-19,0.999999999504494,0.999999999998216
"2017","A930018P22Rik",5.81249691498991e-18,-1.17069411237203,3.85055263741733e-19,0.99999999950489,0.999999999998216
"2422","Upk3bl",5.81241271706233e-18,-1.17069623936872,3.85044108253526e-19,0.999999999504897,0.999999999998216
"698","Pcdhb6",5.8097026264854e-18,-1.17076471754221,3.846851312887e-19,0.999999999505128,0.999999999998216
"176","Kdf1",5.79291886507661e-18,-1.17118950999041,3.82465693298512e-19,0.999999999506558,0.999999999998216
"1269","Perm1",5.76451355382838e-18,-1.17191121316198,3.78724083374312e-19,0.999999999508977,0.999999999998216
"781","Gm20442",5.76404978891529e-18,-1.17192302526007,3.78663147833179e-19,0.999999999509017,0.999999999998216
"73","Atg4a-ps",5.75645267256236e-18,-1.1721166574279,3.77665636605354e-19,0.999999999509664,0.999999999998216
"912","Itih4",5.73327198183836e-18,-1.17270903844926,3.74630113187395e-19,0.999999999511639,0.999999999998216
"1186","Gm3739",5.72675526399697e-18,-1.17287599803926,3.73778951314636e-19,0.999999999512194,0.999999999998216
"977","Gpr176",5.72166193569173e-18,-1.17300662058356,3.73114375224903e-19,0.999999999512627,0.999999999998216
"34","Gm26640",5.70432853395395e-18,-1.17345201034032,3.70857148133184e-19,0.999999999514104,0.999999999998216
"923","Slc12a8",5.69506950812035e-18,-1.17369047237359,3.69654205801062e-19,0.999999999514893,0.999999999998216
"311","Pcdh15",5.68879061593905e-18,-1.17385240001433,3.68839557473519e-19,0.999999999515427,0.999999999998216
"158","Il22ra2",5.68490097792369e-18,-1.17395279910662,3.68335351220024e-19,0.999999999515759,0.999999999998216
"612","Cd5l",5.67880224847617e-18,-1.17411035556483,3.67545478991402e-19,0.999999999516278,0.999999999998216
"343","Pcdhb3",5.67736208631115e-18,-1.17414758550825,3.67359081244007e-19,0.999999999516401,0.999999999998216
"1135","Gm20636",5.6747407840587e-18,-1.17421537326439,3.67019931875721e-19,0.999999999516624,0.999999999998216
"889","Pate2",5.66224908600529e-18,-1.17453883748707,3.6540588244708e-19,0.999999999517688,0.999999999998216
"1853","Cda",5.65821561397265e-18,-1.17464343185396,3.64885478120464e-19,0.999999999518032,0.999999999998216
"990","Gm26513",5.65481127502682e-18,-1.1747317690213,3.64446534030093e-19,0.999999999518322,0.999999999998216
"2036","Nek2",5.65081846399876e-18,-1.17483544294067,3.63932050936087e-19,0.999999999518662,0.999999999998216
"854","Slco4c1",5.64972520845852e-18,-1.17486384207572,3.63791245760426e-19,0.999999999518755,0.999999999998216
"2467","Syde2",5.63477238199186e-18,-1.17525281146812,3.61868140237316e-19,0.999999999520029,0.999999999998216
"971","Unc5a",5.6317521676034e-18,-1.17533150014236,3.61480324584899e-19,0.999999999520286,0.999999999998216
"2093","Gm14154",5.62686346117031e-18,-1.17545895873892,3.60853022768642e-19,0.999999999520702,0.999999999998216
"807","Lad1",5.62100317986865e-18,-1.17561189225343,3.60101769774982e-19,0.999999999521202,0.999999999998216
"796","Zfp488",5.61832871377564e-18,-1.17568173902132,3.59759179377368e-19,0.999999999521429,0.999999999998216
"1346","Gm16712",5.61166228497885e-18,-1.17585598330213,3.58905941263868e-19,0.999999999521997,0.999999999998216
"98","Gm16225",5.60233844653595e-18,-1.17610002848013,3.57714279749556e-19,0.999999999522792,0.999999999998216
"333","Sbk2",5.59934684673525e-18,-1.17617841645131,3.57332349148236e-19,0.999999999523046,0.999999999998216
"124","Acoxl",5.59865900516419e-18,-1.17619644559152,3.57244562856562e-19,0.999999999523105,0.999999999998216
"78","Adnp",5.59744382873652e-18,-1.17622830213935,3.57089501417945e-19,0.999999999523208,0.999999999998216
"1487","Olfr78",5.59529011834418e-18,-1.1762847796503,3.56814761934016e-19,0.999999999523392,0.999999999998216
"1212","4930562F07Rik",5.59365269287654e-18,-1.17632773278345,3.56605953426695e-19,0.999999999523531,0.999999999998216
"584","Gm15234",5.58973389422501e-18,-1.17643058152092,3.5610646678076e-19,0.999999999523865,0.999999999998216
"1871","Epx",5.56124344745136e-18,-1.17718045660491,3.52485623008065e-19,0.999999999526292,0.999999999998216
"1169","Gm16364",5.55226582679666e-18,-1.17741753463733,3.51348493156553e-19,0.999999999527057,0.999999999998216
"1177","Slc18a1",5.55149360525731e-18,-1.17743794485863,3.51250767285754e-19,0.999999999527122,0.999999999998216
"1262","Klk9",5.54782530808543e-18,-1.17753493813008,3.50786724062402e-19,0.999999999527435,0.999999999998216
"2172","Gm16894",5.54660364161443e-18,-1.17756725419207,3.50632250130236e-19,0.999999999527539,0.999999999998216
"2337","Gm42851",5.54214741196224e-18,-1.17768519186852,3.50069069393645e-19,0.999999999527919,0.999999999998216
"661","E030037K01Rik",5.52319529317694e-18,-1.17818782147771,3.47678946495542e-19,0.999999999529533,0.999999999998216
"622","Spata45",5.50066782837149e-18,-1.17878748964323,3.44848573149091e-19,0.999999999531452,0.999999999998216
"2880","Gm26720",5.48722364402389e-18,-1.17914652094372,3.43164944086117e-19,0.999999999532597,0.999999999998216
"1166","Fgl1",5.48135157624116e-18,-1.17930360864207,3.42430871726246e-19,0.999999999533097,0.999999999998216
"2027","Ndst3",5.48084940303126e-18,-1.17931705032157,3.42368131093537e-19,0.99999999953314,0.999999999998216
"113","Gm4524",5.47702041084332e-18,-1.17941958097181,3.41889932592372e-19,0.999999999533466,0.999999999998216
"724","Tfpi2",5.4678017507923e-18,-1.17966672338942,3.4073999544587e-19,0.999999999534251,0.999999999998216
"645","Clstn2",5.46039106064447e-18,-1.17986569413001,3.39816989289298e-19,0.999999999534883,0.999999999998216
"28","Hist2h2ab",5.45987408844719e-18,-1.17987958432788,3.39752646784353e-19,0.999999999534927,0.999999999998216
"1161","Xkrx",5.45521473768823e-18,-1.1800048320107,3.39173017560367e-19,0.999999999535323,0.999999999998216
"1056","Gm26901",5.44100006605096e-18,-1.18038758837998,3.37407751864095e-19,0.999999999536534,0.999999999998216
"1295","Plb1",5.43925704840464e-18,-1.18043459020472,3.37191610177426e-19,0.999999999536683,0.999999999998216
"203","Nup210l",5.39102579271072e-18,-1.18174110896965,3.31238197863736e-19,0.999999999540791,0.999999999998216
"1998","2310074N15Rik",5.3865424482052e-18,-1.18186314153178,3.30687491002899e-19,0.999999999541173,0.999999999998216
"1770","Cyp4f17",5.38407364476927e-18,-1.18193038288141,3.30384433770251e-19,0.999999999541383,0.999999999998216
"1122","Gm43714",5.34728929229204e-18,-1.18293587373312,3.25885437922474e-19,0.999999999544517,0.999999999998216
"748","Trpm1",5.33556226900125e-18,-1.18325786301481,3.24457620833945e-19,0.999999999545516,0.999999999998216
"1959","Gm15559",5.31869447146879e-18,-1.18372222848078,3.22409388907973e-19,0.999999999546952,0.999999999998216
"604","Gbgt1",5.31831122944692e-18,-1.18373279588223,3.22362927741568e-19,0.999999999546985,0.999999999998216
"861","Hsf3",5.31674919621026e-18,-1.18377587468984,3.221735940834e-19,0.999999999547118,0.999999999998216
"493","Gm10300",5.31133207873908e-18,-1.18392536835515,3.21517417520781e-19,0.999999999547579,0.999999999998216
"1131","Tat",5.31097948698299e-18,-1.18393510387576,3.21474731194134e-19,0.99999999954761,0.999999999998216
"229","Gm3558",5.30991963707938e-18,-1.18396437155822,3.21346438110924e-19,0.9999999995477,0.999999999998216
"95","Gm2694",5.29766459939275e-18,-1.18430321256916,3.19864845736072e-19,0.999999999548744,0.999999999998216
"1383","Gm20506",5.29254563145487e-18,-1.18444497642008,3.19246993554039e-19,0.99999999954918,0.999999999998216
"2549","Scube1",5.2880123966419e-18,-1.18457063199434,3.1870033722265e-19,0.999999999549566,0.999999999998216
"391","Gm1305",5.2702601457716e-18,-1.18506372656159,3.16564127493148e-19,0.999999999551078,0.999999999998216
"1353","Sspo",5.26623490613825e-18,-1.18517576119196,3.1608075102789e-19,0.999999999551421,0.999999999998216
"1790","Gm15690",5.26591538550755e-18,-1.18518465803727,3.1604239677333e-19,0.999999999551448,0.999999999998216
"2606","Ccno",5.252066221402e-18,-1.18557079145507,3.14382222948339e-19,0.999999999552628,0.999999999998216
"2041","Fbxo24",5.25069217666106e-18,-1.18560915640848,3.14217747210513e-19,0.999999999552745,0.999999999998216
"372","9030624G23Rik",5.24076682663161e-18,-1.18588657827724,3.13030942357993e-19,0.99999999955359,0.999999999998216
"2662","Tmem170",5.21896252163083e-18,-1.18649785042086,3.1043161912109e-19,0.999999999555447,0.999999999998216
"1653","Syt6",5.21454658900253e-18,-1.18662195533444,3.09906508947599e-19,0.999999999555824,0.999999999998216
"1018","Gm29609",5.20456643732214e-18,-1.18690281865811,3.08721380330913e-19,0.999999999556674,0.999999999998216
"959","Mtfr2",5.19351022080061e-18,-1.18721458547455,3.07411121353827e-19,0.999999999557616,0.999999999998216
"1717","Gm13391",5.19011551348499e-18,-1.18731044186444,3.07009377763743e-19,0.999999999557905,0.999999999998216
"548","Krt80",5.17406317233485e-18,-1.18776455092073,3.05113235726046e-19,0.999999999559272,0.999999999998216
"1054","Gm9968",5.17241137212999e-18,-1.18781135794741,3.0491845431706e-19,0.999999999559413,0.999999999998216
"956","Gm16549",5.16514401218367e-18,-1.18801746818861,3.04062221016975e-19,0.999999999560032,0.999999999998216
"1301","Gm15879",5.16406880749357e-18,-1.18804798644324,3.03935643675601e-19,0.999999999560123,0.999999999998216
"1263","Gm20109",5.15455642533549e-18,-1.18831825597876,3.02816956336632e-19,0.999999999560934,0.999999999998216
"2649","Gm12981",5.13887695154405e-18,-1.1887648225419,3.00977500627308e-19,0.999999999562269,0.999999999998216
"1249","Cxcr1",5.13131217575437e-18,-1.18898075532613,3.00092034207606e-19,0.999999999562914,0.999999999998216
"133","Scnn1b",5.12163547144758e-18,-1.18925743007164,2.98961265441275e-19,0.999999999563738,0.999999999998216
"1731","Adam30",5.119742466403e-18,-1.18931161483405,2.98740308444525e-19,0.999999999563899,0.999999999998216
"2169","1700086P04Rik",5.11327010458123e-18,-1.1894970269686,2.97985452831194e-19,0.99999999956445,0.999999999998216
"1919","F8",5.10399250664301e-18,-1.18976320398391,2.96905094817959e-19,0.999999999565241,0.999999999998216
"423","Grpr",5.09998745349191e-18,-1.18987825758968,2.96439320568358e-19,0.999999999565582,0.999999999998216
"805","2010308F09Rik",5.09884741594465e-18,-1.1899110238632,2.9630680487628e-19,0.999999999565679,0.999999999998216
"1464","Gm14391",5.09748771726116e-18,-1.18995011295155,2.96148794949329e-19,0.999999999565795,0.999999999998216
"1626","D7Ertd443e",5.09366755013657e-18,-1.19005999148023,2.95705080700788e-19,0.99999999956612,0.999999999998216
"278","Gm17324",5.08374234977773e-18,-1.19034584780633,2.94553818773281e-19,0.999999999566966,0.999999999998216
"564","S100a7a",5.08358539121281e-18,-1.19035037279838,2.94535630585212e-19,0.999999999566979,0.999999999998216
"1326","Gm43878",5.08057138712373e-18,-1.19043729089761,2.94186479990376e-19,0.999999999567236,0.999999999998216
"628","Dll3",5.06941110698859e-18,-1.19075957524011,2.92895445088843e-19,0.999999999568186,0.999999999998216
"1206","Kctd8",5.05961977244671e-18,-1.19104290407988,2.91765109560617e-19,0.99999999956902,0.999999999998216
"1704","Car6",5.0485594707271e-18,-1.19136360361043,2.90490909848178e-19,0.999999999569962,0.999999999998216
"2085","Gm42836",5.03806982621473e-18,-1.19166839731254,2.89285028926376e-19,0.999999999570856,0.999999999998216
"1720","AI854703",5.0293850046538e-18,-1.19192122280394,2.88288526906341e-19,0.999999999571596,0.999999999998216
"1444","Ankrd34a",5.02697984926806e-18,-1.19199131585461,2.88012861826609e-19,0.999999999571801,0.999999999998216
"1137","Gm17518",5.00872198552963e-18,-1.19252448253269,2.85924550206214e-19,0.999999999573356,0.999999999998216
"2075","Gm26569",5.00070238574181e-18,-1.19275927710069,2.85009680194917e-19,0.999999999574039,0.999999999998216
"1278","Gm26538",4.99432215747607e-18,-1.19294634014962,2.84282875581265e-19,0.999999999574582,0.999999999998216
"376","Pcdhb13",4.98686050474408e-18,-1.19316540882039,2.8343405748414e-19,0.999999999575218,0.999999999998216
"2669","Gm20324",4.98629079301752e-18,-1.19318214841811,2.83369300716871e-19,0.999999999575267,0.999999999998216
"1004","Ucn2",4.98083557413032e-18,-1.19334253234639,2.82749603223675e-19,0.999999999575731,0.999999999998216
"26","Ovol2",4.96967330222549e-18,-1.19367124461683,2.81483714641582e-19,0.999999999576682,0.999999999998216
"1931","5730422E09Rik",4.96432588410071e-18,-1.19382897610107,2.80878281964254e-19,0.999999999577137,0.999999999998216
"1337","Gm42691",4.96183878538992e-18,-1.19390239452869,2.80596915656325e-19,0.999999999577349,0.999999999998216
"279","Gm26848",4.96038628284423e-18,-1.19394528876486,2.80432658776039e-19,0.999999999577473,0.999999999998216
"348","1810012K16Rik",4.95505444320881e-18,-1.19410285096684,2.79830117649253e-19,0.999999999577927,0.999999999998216
"1087","CR974586.5",4.95113279594104e-18,-1.19421884703815,2.79387353289897e-19,0.999999999578261,0.999999999998216
"276","Mei4",4.94660467318593e-18,-1.1943528944273,2.78876552316818e-19,0.999999999578647,0.999999999998216
"1157","Tex14",4.94540591925806e-18,-1.19438840175745,2.78741403511884e-19,0.999999999578749,0.999999999998216
"1010","Gm42788",4.94200591250742e-18,-1.19448915682256,2.78358261304518e-19,0.999999999579039,0.999999999998216
"2638","Itk",4.93181812708973e-18,-1.19479146918172,2.77211791116237e-19,0.999999999579907,0.999999999998216
"1433","Cyp2f2",4.92955921352447e-18,-1.19485858358184,2.76957907436384e-19,0.999999999580099,0.999999999998216
"915","Jph3",4.92936944350559e-18,-1.19486422320434,2.76936584111763e-19,0.999999999580115,0.999999999998216
"920","Adam7",4.925647224745e-18,-1.19497488412852,2.76518506558553e-19,0.999999999580432,0.999999999998216
"445","Gm6583",4.92336633280773e-18,-1.19504273540398,2.7626247409259e-19,0.999999999580626,0.999999999998216
"1463","Arhgef33",4.91324531642721e-18,-1.19534418667343,2.7512781016764e-19,0.999999999581489,0.999999999998216
"1021","Syt2",4.911936258907e-18,-1.19538322124671,2.7498122267751e-19,0.9999999995816,0.999999999998216
"285","Chrm1",4.89712002215288e-18,-1.19582574062939,2.73324832183817e-19,0.999999999582862,0.999999999998216
"111","Ccdc142",4.88695512119455e-18,-1.19613010183581,2.72191334792992e-19,0.999999999583728,0.999999999998216
"1179","Gm4419",4.88446946055812e-18,-1.196204623382,2.71914514889451e-19,0.99999999958394,0.999999999998216
"70","Gm27021",4.88140618412727e-18,-1.1962965136364,2.71573561530692e-19,0.999999999584201,0.999999999998216
"1800","BC051628",4.87396431623052e-18,-1.19651998720318,2.70746146666759e-19,0.999999999584835,0.999999999998216
"421","9330102E08Rik",4.8592988565789e-18,-1.19696136615283,2.69119280829624e-19,0.999999999586084,0.999999999998216
"262","Ccdc120",4.85033884332516e-18,-1.19723167797399,2.68127743039228e-19,0.999999999586847,0.999999999998216
"983","Lrp2bp",4.84397562201538e-18,-1.1974239471496,2.67424684115174e-19,0.999999999587389,0.999999999998216
"1396","Sgcd",4.83986162967985e-18,-1.19754838689645,2.66970629019358e-19,0.999999999587739,0.999999999998216
"1139","Gm38250",4.83614414217234e-18,-1.19766092292718,2.66560667371298e-19,0.999999999588056,0.999999999998216
"787","Shc3",4.83547096306243e-18,-1.19768131057097,2.66486463386259e-19,0.999999999588113,0.999999999998216
"1542","Il13ra2",4.82844063403399e-18,-1.19789439579657,2.65712133194036e-19,0.999999999588712,0.999999999998216
"1917","Rimkla",4.82272020947727e-18,-1.19806800441626,2.65082909005053e-19,0.999999999589199,0.999999999998216
"772","BC021785",4.82127073277267e-18,-1.19811202668815,2.64923590718281e-19,0.999999999589323,0.999999999998216
"160","Six6",4.82094147716835e-18,-1.19812202837771,2.64887407478089e-19,0.999999999589351,0.999999999998216
"2082","Olfr920",4.8136022635403e-18,-1.1983451442651,2.64081512822276e-19,0.999999999589976,0.999999999998216
"1132","Rnase12",4.8050970835088e-18,-1.19860412609296,2.6314912314895e-19,0.999999999590701,0.999999999998216
"1686","Gm26684",4.79500110782417e-18,-1.19891213481624,2.62044481115412e-19,0.999999999591561,0.999999999998216
"2289","Gm17035",4.78778081258776e-18,-1.19913280450515,2.61255904026961e-19,0.999999999592176,0.999999999998216
"1714","Cyp2ab1",4.78683118113644e-18,-1.19916185195213,2.61152276802299e-19,0.999999999592257,0.999999999998216
"1393","Gm43118",4.78381603325422e-18,-1.19925411735085,2.60823389187403e-19,0.999999999592513,0.999999999998216
"312","1700028K03Rik",4.7688136699787e-18,-1.19971405308671,2.59190035585909e-19,0.999999999593791,0.999999999998216
"789","Gm4262",4.76378600495525e-18,-1.19986850820852,2.58643805919823e-19,0.99999999959422,0.999999999998216
"2094","Peak1os",4.7547768161445e-18,-1.20014568238263,2.57666445689694e-19,0.999999999594987,0.999999999998216
"71","Gm42421",4.74963364929414e-18,-1.20030414788885,2.57109319735076e-19,0.999999999595425,0.999999999998216
"373","Gm15319",4.7309760542893e-18,-1.20088042842789,2.55093324396783e-19,0.999999999597014,0.999999999998216
"1957","Map6d1",4.7240179957519e-18,-1.20109591709726,2.54343521814446e-19,0.999999999597607,0.999999999998216
"784","Gm27030",4.72391386353763e-18,-1.2010991444122,2.54332308875704e-19,0.999999999597616,0.999999999998216
"1682","Gm10516",4.71720389184914e-18,-1.20130725105853,2.53610301397135e-19,0.999999999598187,0.999999999998216
"737","4930461G14Rik",4.71419878389777e-18,-1.20140054772878,2.53287278015747e-19,0.999999999598443,0.999999999998216
"598","Gm26719",4.70748772090513e-18,-1.20160911146784,2.5256663935294e-19,0.999999999599015,0.999999999998216
"1043","Wscd2",4.70254993739684e-18,-1.20176275322283,2.52037072248157e-19,0.999999999599436,0.999999999998216
"1038","Sgca",4.69494743621046e-18,-1.20199962035232,2.51222806243673e-19,0.999999999600083,0.999999999998216
"1066","Ctrl",4.66461793890596e-18,-1.202948359504,2.4798747696405e-19,0.999999999602667,0.999999999998216
"1041","Zfp72",4.66460600944158e-18,-1.20294873386574,2.47986208541199e-19,0.999999999602668,0.999999999998216
"80","1700001L05Rik",4.65912526176855e-18,-1.20312082661296,2.47403800785399e-19,0.999999999603135,0.999999999998216
"1622","Glra1",4.65298304921229e-18,-1.20331392638044,2.46751916586865e-19,0.999999999603658,0.999999999998216
"1855","Dgkh",4.6463371074302e-18,-1.20352314575896,2.46047539327815e-19,0.999999999604224,0.999999999998216
"191","Ecel1",4.64361382639025e-18,-1.20360896198705,2.45759200269038e-19,0.999999999604456,0.999999999998216
"736","Fst",4.64101913936118e-18,-1.20369077212673,2.45484633916264e-19,0.999999999604677,0.999999999998216
"1345","Ryr2",4.63978990436593e-18,-1.20372954548844,2.45354611465843e-19,0.999999999604782,0.999999999998216
"476","Clec4g",4.63367450588918e-18,-1.20392259218298,2.44708266509609e-19,0.999999999605303,0.999999999998216
"718","Tmem30b",4.61822266493051e-18,-1.2044114867526,2.43078938136186e-19,0.999999999606619,0.999999999998216
"536","Nkain3",4.61695743571595e-18,-1.2044515898783,2.42945766365437e-19,0.999999999606726,0.999999999998216
"161","Gm43569",4.61008074114198e-18,-1.20466974554962,2.42222597621793e-19,0.999999999607312,0.999999999998216
"1615","Epb41l4b",4.59410390885326e-18,-1.2051778344394,2.40546599248083e-19,0.999999999608673,0.999999999998216
"238","Gm4275",4.59394391208046e-18,-1.20518293139927,2.40529844725254e-19,0.999999999608687,0.999999999998216
"51","Gm28836",4.57779181450189e-18,-1.20569838580952,2.38841434179939e-19,0.999999999610063,0.999999999998216
"1107","Gm15512",4.56605992185214e-18,-1.20607390577281,2.37618804737938e-19,0.999999999611062,0.999999999998216
"1314","4930568A12Rik",4.56506517052314e-18,-1.20610578998216,2.3751528184154e-19,0.999999999611147,0.999999999998216
"1548","Dnm3os",4.55271373136491e-18,-1.2065022553707,2.36231757190628e-19,0.999999999612199,0.999999999998216
"419","Pkd2l1",4.54523826881162e-18,-1.20674272364589,2.35456618695697e-19,0.999999999612835,0.999999999998216
"903","Cyp2e1",4.5371111130463e-18,-1.20700459820524,2.34615350672123e-19,0.999999999613528,0.999999999998216
"627","Klhl30",4.51938673318289e-18,-1.2075773240383,2.32785865343213e-19,0.999999999615038,0.999999999998216
"1155","Epha1",4.5155440143972e-18,-1.20770178546038,2.32390169921533e-19,0.999999999615365,0.999999999998216
"1445","Tex11",4.50241669181661e-18,-1.20812775410754,2.31040952035422e-19,0.999999999616483,0.999999999998216
"1039","Kif24",4.49726639824312e-18,-1.20829521059693,2.30512681004594e-19,0.999999999616922,0.999999999998216
"1680","WDR97",4.49106802283329e-18,-1.20849699528553,2.29877708832768e-19,0.99999999961745,0.999999999998216
"944","H19",4.48876478977103e-18,-1.20857204574802,2.29641984871363e-19,0.999999999617646,0.999999999998216
"703","Ermap",4.47519789780144e-18,-1.20901489265339,2.28255937732289e-19,0.999999999618802,0.999999999998216
"1851","P2rx1",4.47289048562684e-18,-1.20909034228076,2.28020620875504e-19,0.999999999618998,0.999999999998216
"382","0610025J13Rik",4.46297613683069e-18,-1.20941496697007,2.27010906672161e-19,0.999999999619843,0.999999999998216
"47","Dlk2",4.45771106940485e-18,-1.20958764981069,2.26475603468344e-19,0.999999999620291,0.999999999998216
"215","A930006L05Rik",4.45708565510703e-18,-1.20960817541018,2.26412059132594e-19,0.999999999620344,0.999999999998216
"16","Uba1y",4.4418660061404e-18,-1.21010854955913,2.24868436714211e-19,0.999999999621641,0.999999999998216
"603","Slc1a6",4.43920289043558e-18,-1.21019627816508,2.24598878314931e-19,0.999999999621868,0.999999999998216
"2429","Sh2d5",4.43787208791022e-18,-1.21024013703253,2.24464236146245e-19,0.999999999621981,0.999999999998216
"1925","Map3k19",4.43686135914124e-18,-1.2102734559887,2.24362003985696e-19,0.999999999622067,0.999999999998216
"2317","Gm26767",4.41396493879696e-18,-1.21103025469119,2.22052338944911e-19,0.999999999624017,0.999999999998216
"1610","Phf24",4.398630329031e-18,-1.21153927914306,2.20512149483961e-19,0.999999999625324,0.999999999998216
"1564","Zfp114",4.39016274262616e-18,-1.21182110665118,2.19663972525803e-19,0.999999999626045,0.999999999998216
"219","Mecomos",4.38599541431939e-18,-1.21196000510213,2.19247141774659e-19,0.9999999996264,0.999999999998216
"451","3110099E03Rik",4.37436256353642e-18,-1.21234842161269,2.18085678172576e-19,0.999999999627391,0.999999999998216
"2961","Rab38",4.37385555322767e-18,-1.21236537364908,2.18035126679637e-19,0.999999999627434,0.999999999998216
"1933","Pcdhb18",4.36623526264206e-18,-1.21262039393401,2.1727605100928e-19,0.999999999628083,0.999999999998216
"850","Birc7",4.36296870034644e-18,-1.21272984695912,2.16951066111251e-19,0.999999999628361,0.999999999998216
"695","Rnf183",4.33860757208593e-18,-1.21354867504467,2.14535088399543e-19,0.999999999630436,0.999999999998216
"872","Gm42835",4.33533135600063e-18,-1.21365914113654,2.14211206638427e-19,0.999999999630715,0.999999999998216
"1452","Gm13479",4.33111306440364e-18,-1.21380149301599,2.137945530296e-19,0.999999999631075,0.999999999998216
"2150","Slc39a2",4.31913507379891e-18,-1.21420645272852,2.12613661173362e-19,0.999999999632095,0.999999999998216
"833","Gm14168",4.30744598497835e-18,-1.21460271404868,2.11464404696526e-19,0.999999999633091,0.999999999998216
"1494","Kntc1",4.30711851855682e-18,-1.21461383045555,2.11432253458918e-19,0.999999999633119,0.999999999998216
"595","A330015K06Rik",4.30422125741543e-18,-1.21471221925025,2.11147901672587e-19,0.999999999633365,0.999999999998216
"1272","Prkcg",4.28572518117096e-18,-1.21534187529575,2.09337113468745e-19,0.999999999634941,0.999999999998216
"1117","Gm19325",4.28473345074131e-18,-1.21537571209883,2.09240242131286e-19,0.999999999635025,0.999999999998216
"1652","Dnmt3l",4.28248410202444e-18,-1.2154524861482,2.09020610858393e-19,0.999999999635217,0.999999999998216
"1388","Gm5580",4.27622178500523e-18,-1.2156664391661,2.08409752183772e-19,0.99999999963575,0.999999999998216
"2793","4930556M19Rik",4.2642261998764e-18,-1.21607713420959,2.07242137137153e-19,0.999999999636772,0.999999999998216
"1492","Gm15326",4.25911296532868e-18,-1.2162525433367,2.06745426936586e-19,0.999999999637208,0.999999999998216
"75","Alk",4.253754546703e-18,-1.21643658643327,2.06225538559726e-19,0.999999999637664,0.999999999998216
"887","Gm38025",4.2479730693782e-18,-1.21663541667759,2.05665337911364e-19,0.999999999638157,0.999999999998216
"637","Clca3a1",4.24243158885573e-18,-1.21682624380437,2.05129107063134e-19,0.999999999638629,0.999999999998216
"546","Gm26558",4.21798197163294e-18,-1.21767113881992,2.02771555225199e-19,0.999999999640711,0.999999999998216
"2390","2610528A11Rik",4.21598559854299e-18,-1.21774033973328,2.02579656880854e-19,0.999999999640881,0.999999999998216
"449","A230065N10Rik",4.21459527699503e-18,-1.21778855197802,2.02446067989232e-19,0.999999999641,0.999999999998216
"1949","Plag1",4.20801400027596e-18,-1.21801698422943,2.01814304680004e-19,0.99999999964156,0.999999999998216
"623","Clcnka",4.20580672290651e-18,-1.21809367642103,2.01602640309882e-19,0.999999999641748,0.999999999998216
"2131","AI429214",4.19714319519434e-18,-1.21839507608111,2.00772934487191e-19,0.999999999642486,0.999999999998216
"1348","Nlrp1a",4.18923703230306e-18,-1.21867066321335,2.000172545353e-19,0.99999999964316,0.999999999998216
"1319","Tekt3",4.18462175675138e-18,-1.21883177620133,1.99576779943081e-19,0.999999999643553,0.999999999998216
"1098","Gpr45",4.18391791513825e-18,-1.2188563617498,1.99509649082738e-19,0.999999999643613,0.999999999998216
"2396","Gm24362",4.17623086985419e-18,-1.21912513997792,1.98777210792902e-19,0.999999999644268,0.999999999998216
"1128","Tenm2",4.17347323909135e-18,-1.21922167968362,1.98514786041437e-19,0.999999999644503,0.999999999998216
"2130","Gm38079",4.15753592355148e-18,-1.21978085161221,1.97001537105579e-19,0.99999999964586,0.999999999998216
"2578","5830468F06Rik",4.15499292504891e-18,-1.21987026997616,1.96760614881454e-19,0.999999999646077,0.999999999998216
"930","Atg9b",4.14822985647001e-18,-1.22010833968713,1.96120602942322e-19,0.999999999646653,0.999999999998216
"674","Dcaf12l2",4.12962542036241e-18,-1.22076522223728,1.9436538142461e-19,0.999999999648237,0.999999999998216
"334","A830011K09Rik",4.12793903534965e-18,-1.22082490901833,1.94206670690652e-19,0.999999999648381,0.999999999998216
"309","Lcn4",4.11747275966274e-18,-1.22119588387427,1.93223107846534e-19,0.999999999649273,0.999999999998216
"987","Clec4a4",4.11080124827192e-18,-1.22143283967398,1.92597459110814e-19,0.999999999649841,0.999999999998216
"1088","Ly6k",4.10863033962207e-18,-1.22151002682179,1.92394091902029e-19,0.999999999650026,0.999999999998216
"1187","Gm4577",4.10085811275381e-18,-1.22178670018681,1.91666883045993e-19,0.999999999650688,0.999999999998216
"106","Slc16a14",4.09833876077423e-18,-1.22187649427896,1.91431455239905e-19,0.999999999650902,0.999999999998216
"44","Zfp82",4.08850472413203e-18,-1.22222751809251,1.90513871088746e-19,0.99999999965174,0.999999999998216
"1205","Sptbn2",4.08500634204505e-18,-1.22235259286834,1.90187979246446e-19,0.999999999652038,0.999999999998216
"1412","Abca14",4.07922987676515e-18,-1.22255934542458,1.89650483139584e-19,0.99999999965253,0.999999999998216
"897","Gm16793",4.07698851347459e-18,-1.2226396465535,1.89442130649876e-19,0.999999999652721,0.999999999998216
"2197","Hist1h1a",4.07649792906472e-18,-1.22265722848494,1.89396542214205e-19,0.999999999652763,0.999999999998216
"1884","C1ql1",4.06603885972646e-18,-1.22303256564192,1.8842591968977e-19,0.999999999653654,0.999999999998216
"122","RP23-435E16.3",4.06255390164252e-18,-1.22315783931196,1.88103062457897e-19,0.999999999653951,0.999999999998216
"1672","Gm26885",4.06041954169299e-18,-1.22323461540577,1.87905465483608e-19,0.999999999654132,0.999999999998216
"447","Hsd17b14",4.05030177994786e-18,-1.22359910855956,1.86970185754329e-19,0.999999999654994,0.999999999998216
"878","Celf5",4.0413439801466e-18,-1.22392256404394,1.86144079694852e-19,0.999999999655757,0.999999999998216
"1683","D930020B18Rik",4.03478333705521e-18,-1.22415990982728,1.85540204538711e-19,0.999999999656316,0.999999999998216
"1531","4933406I18Rik",4.02868273917824e-18,-1.22438095413717,1.84979554629371e-19,0.999999999656836,0.999999999998216
"2959","Chrd",4.0258164183032e-18,-1.22448492415891,1.8471643033965e-19,0.99999999965708,0.999999999998216
"206","Gm14569",4.01299050694751e-18,-1.22495105407689,1.83541323305812e-19,0.999999999658173,0.999999999998216
"157","Ascl3",4.00864843414752e-18,-1.22510919016882,1.83144353198511e-19,0.999999999658542,0.999999999998216
"516","E030018B13Rik",4.00692896645544e-18,-1.22517185899835,1.82987271197112e-19,0.999999999658689,0.999999999998216
"1721","Six4",4.00400674710752e-18,-1.22527842494021,1.82720466388668e-19,0.999999999658938,0.999999999998216
"696","Zfp831",3.99826142227609e-18,-1.22548816617227,1.82196473632659e-19,0.999999999659427,0.999999999998216
"934","Edar",3.99406074646013e-18,-1.22564170595066,1.81813834183918e-19,0.999999999659785,0.999999999998216
"1993","Gm26690",3.98085053549864e-18,-1.22612559488915,1.80613137787036e-19,0.99999999966091,0.999999999998216
"610","Lta",3.97455970606092e-18,-1.22635658422536,1.80042752802274e-19,0.999999999661446,0.999999999998216
"876","Bpifb3",3.97030112863296e-18,-1.22651315717386,1.79657142670778e-19,0.999999999661809,0.999999999998216
"2589","A530076I17Rik",3.96469209813085e-18,-1.22671963441282,1.79149881107317e-19,0.999999999662287,0.999999999998216
"731","Sowaha",3.96334429553351e-18,-1.22676929206608,1.79028097308229e-19,0.999999999662401,0.999999999998216
"590","Sp7",3.95680897014491e-18,-1.2270103121344,1.78438170142871e-19,0.999999999662958,0.999999999998216
"1372","Scn2a1",3.95517611766492e-18,-1.22707059233586,1.78290928720525e-19,0.999999999663097,0.999999999998216
"1158","Tigit",3.95466825402751e-18,-1.22708934619859,1.7824514483454e-19,0.99999999966314,0.999999999998216
"1070","2310007B03Rik",3.95430691977555e-18,-1.22710269062167,1.7821257414614e-19,0.999999999663171,0.999999999998216
"209","1700125G22Rik",3.94919022548301e-18,-1.2272917842498,1.777516745108e-19,0.999999999663607,0.999999999998216
"1059","Masp1",3.94900409856379e-18,-1.22729866734784,1.77734919890215e-19,0.999999999663623,0.999999999998216
"2891","4930452B06Rik",3.94536902009019e-18,-1.22743315914838,1.77407858684385e-19,0.999999999663932,0.999999999998216
"879","Orc1",3.93268018886213e-18,-1.22790358408749,1.76268559191677e-19,0.999999999665013,0.999999999998216
"689","Vwa7",3.92636192172427e-18,-1.22813838554911,1.75702625963683e-19,0.999999999665552,0.999999999998216
"1406","Zfp773",3.91591161812302e-18,-1.22852756196069,1.74768579483869e-19,0.999999999666442,0.999999999998216
"492","Gm21972",3.87525962611262e-18,-1.23005127255663,1.71158787507284e-19,0.999999999669904,0.999999999998216
"1633","Maneal",3.86900608616126e-18,-1.23028706428782,1.70606832384932e-19,0.999999999670437,0.999999999998216
"2495","Defb10",3.86028297697276e-18,-1.23061660035445,1.69838395059088e-19,0.99999999967118,0.999999999998216
"1681","Has3",3.85923322781522e-18,-1.23065630659488,1.69746037337238e-19,0.99999999967127,0.999999999998216
"846","Slc22a2",3.85406582961834e-18,-1.2308519162255,1.69291771901709e-19,0.99999999967171,0.999999999998216
"664","Gm7120",3.85243972264215e-18,-1.23091352529803,1.69148946911665e-19,0.999999999671848,0.999999999998216
"1308","Gm28516",3.8420421585914e-18,-1.23130806982744,1.68237128033518e-19,0.999999999672734,0.999999999998216
"561","Ttll11",3.83489062403281e-18,-1.23158005252311,1.67611401496874e-19,0.999999999673343,0.999999999998216
"301","Pm20d2",3.8236064882618e-18,-1.23201022247584,1.66626462235041e-19,0.999999999674304,0.999999999998216
"210","Gm44226",3.82026831000064e-18,-1.23213771930066,1.66335644636819e-19,0.999999999674589,0.999999999998216
"296","Stkld1",3.81447754521826e-18,-1.23235914984655,1.65831763496886e-19,0.999999999675082,0.999999999998216
"780","Pde6g",3.81430639536208e-18,-1.23236569941339,1.65816882588344e-19,0.999999999675096,0.999999999998216
"665","2810455O05Rik",3.79398200606188e-18,-1.23314554125207,1.64054492403482e-19,0.999999999676828,0.999999999998216
"642","Zfp457",3.78042411207892e-18,-1.23366804801737,1.62884081350541e-19,0.999999999677983,0.999999999998216
"416","H2-Eb2",3.77668080892842e-18,-1.23381263642744,1.62561671690624e-19,0.999999999678301,0.999999999998216
"700","Myh15",3.77410795551092e-18,-1.23391209713628,1.62340257751354e-19,0.999999999678521,0.999999999998216
"326","Tunar",3.76943271093467e-18,-1.2340930027814,1.61938303001709e-19,0.999999999678919,0.999999999998216
"2890","Adcy8",3.7670813972712e-18,-1.23418406901157,1.61736336809355e-19,0.999999999679119,0.999999999998216
"2308","Pak6",3.75256365549282e-18,-1.23474758456877,1.60492125906895e-19,0.999999999680356,0.999999999998216
"110","Klhl41",3.75061880613772e-18,-1.23482323837552,1.60325811807368e-19,0.999999999680521,0.999999999998216
"350","Gm13010",3.73604422178827e-18,-1.23539141757587,1.59082207957095e-19,0.999999999681763,0.999999999998216
"1303","Gm8113",3.72647596768048e-18,-1.23576561832984,1.58268411465052e-19,0.999999999682578,0.999999999998216
"453","Sh2d4a",3.70023826857123e-18,-1.23679661858809,1.56047557230234e-19,0.999999999684813,0.999999999998216
"1115","Cyp2j12",3.69433353423491e-18,-1.23702963633358,1.55549922151021e-19,0.999999999685316,0.999999999998216
"2257","Raet1e",3.69370273518154e-18,-1.23705455117956,1.55496807094792e-19,0.99999999968537,0.999999999998216
"2081","Pgpep1l",3.69025274621151e-18,-1.23719089061678,1.5520646876776e-19,0.999999999685663,0.999999999998216
"849","Th",3.6815482480747e-18,-1.23753544131481,1.5447513616752e-19,0.999999999686405,0.999999999998216
"1830","Mmp3",3.67001364221678e-18,-1.23799325583232,1.53508684876204e-19,0.999999999687387,0.999999999998216
"72","Gm11998",3.65991629392764e-18,-1.23839519091702,1.52665146677474e-19,0.999999999688247,0.999999999998216
"2301","9030407P20Rik",3.65243887863029e-18,-1.23869354219152,1.52041976913167e-19,0.999999999688884,0.999999999998216
"2244","Il20rb",3.6473493362693e-18,-1.23889696123037,1.51618542074247e-19,0.999999999689318,0.999999999998216
"55","Aqp5",3.64662289152873e-18,-1.23892601862588,1.51558152178059e-19,0.99999999968938,0.999999999998216
"1598","Gm26691",3.64116398054051e-18,-1.23914455486788,1.5110473364233e-19,0.999999999689845,0.999999999998216
"702","Cldn19",3.6312423086542e-18,-1.23954257695625,1.50282376273748e-19,0.99999999969069,0.999999999998216
"625","Tmem26",3.63121796946895e-18,-1.23954355467539,1.50280361680379e-19,0.999999999690692,0.999999999998216
"2598","Cd209d",3.62708449007837e-18,-1.23970969273329,1.49938422841938e-19,0.999999999691044,0.999999999998216
"888","Grm7",3.61682806414649e-18,-1.24012273968699,1.49091650155538e-19,0.999999999691918,0.999999999998216
"442","Gm10451",3.61300902255078e-18,-1.24027683533368,1.48776961929911e-19,0.999999999692243,0.999999999998216
"349","Gm30382",3.60735740548833e-18,-1.24050516905319,1.48311879899632e-19,0.999999999692724,0.999999999998216
"568","RP23-366O14.5",3.60308694860224e-18,-1.24067793592412,1.47960939016168e-19,0.999999999693088,0.999999999998216
"800","E130218I03Rik",3.60280106038717e-18,-1.24068950911201,1.47937459921052e-19,0.999999999693113,0.999999999998216
"1817","Spire2",3.54372832594761e-18,-1.24310049956644,1.43125966988342e-19,0.999999999698144,0.999999999998216
"1274","Gm16316",3.53409356157919e-18,-1.24349748708282,1.42348757093362e-19,0.999999999698965,0.999999999998216
"658","Gipr",3.53311186331153e-18,-1.24353799652803,1.42269684982297e-19,0.999999999699049,0.999999999998216
"1227","Sv2b",3.52850711981559e-18,-1.24372815793969,1.41899083358364e-19,0.999999999699441,0.999999999998216
"885","Gm17296",3.52570713032288e-18,-1.24384390835638,1.41673969287662e-19,0.999999999699679,0.999999999998216
"2751","Gm37800",3.50987620288209e-18,-1.2445000621651,1.40404553008071e-19,0.999999999701028,0.999999999998216
"2677","RP23-446E13.1",3.49242283774318e-18,-1.24522685264438,1.39011661078007e-19,0.999999999702515,0.999999999998216
"1239","Gm43653",3.48929544866277e-18,-1.24535746117291,1.38762808679902e-19,0.999999999702781,0.999999999998216
"1609","Gm7932",3.46836752074056e-18,-1.24623445196439,1.37103270637783e-19,0.999999999704564,0.999999999998216
"383","Nkain1",3.46698594478707e-18,-1.2462925307507,1.36994066030949e-19,0.999999999704681,0.999999999998216
"314","Gna14",3.46503239899451e-18,-1.24637469300326,1.36839725179074e-19,0.999999999704848,0.999999999998216
"673","2410004I01Rik",3.45820624365537e-18,-1.24666214658415,1.36301104450777e-19,0.999999999705429,0.999999999998216
"353","Rsf1os2",3.44850788108806e-18,-1.24707151411272,1.35537677495142e-19,0.999999999706255,0.999999999998216
"1612","Odf3",3.44724684982313e-18,-1.2471248255712,1.35438570284282e-19,0.999999999706363,0.999999999998216
"205","5830416I19Rik",3.44119112515288e-18,-1.24738110605101,1.34963142599798e-19,0.999999999706878,0.999999999998216
"1248","Atp6v0d2",3.4408044273502e-18,-1.24739748634425,1.3493281181234e-19,0.999999999706911,0.999999999998216
"779","Gm15829",3.43087187881632e-18,-1.24781884655302,1.34154916806452e-19,0.999999999707758,0.999999999998216
"1929","Prss56",3.41405124942642e-18,-1.24853516478256,1.32842691493539e-19,0.99999999970919,0.999999999998216
"790","RP23-53O7.2",3.40403807411754e-18,-1.24896323697139,1.32064597432988e-19,0.999999999710043,0.999999999998216
"2114","Coro6",3.40258648673639e-18,-1.24902539664507,1.31951988569726e-19,0.999999999710167,0.999999999998216
"668","Gsc",3.37809008227201e-18,-1.25007834058708,1.30058891133025e-19,0.999999999712254,0.999999999998216
"138","A230060F14Rik",3.37767087369111e-18,-1.25009642513143,1.30026613473827e-19,0.999999999712289,0.999999999998216
"474","Padi3",3.36776621119195e-18,-1.25052435466876,1.29265152988421e-19,0.999999999713133,0.999999999998216
"2108","Ifitm5",3.36749245405275e-18,-1.2505361999222,1.29244138572342e-19,0.999999999713156,0.999999999998216
"2645","9930022D16Rik",3.36570704556464e-18,-1.25061347642223,1.29107127182619e-19,0.999999999713308,0.999999999998216
"1689","1700003M07Rik",3.35533209209091e-18,-1.2510633291836,1.28312396142051e-19,0.999999999714192,0.999999999998216
"2511","Gm37027",3.34929475551215e-18,-1.25132573673617,1.2785105987851e-19,0.999999999714706,0.999999999998216
"175","Sycp3",3.33585971279874e-18,-1.25191135675552,1.26827417889693e-19,0.999999999715851,0.999999999998216
"1634","F9",3.33274502572704e-18,-1.25204745487551,1.2659069132776e-19,0.999999999716116,0.999999999998216
"1834","Sp6",3.3241608526141e-18,-1.25242319558534,1.2593941022422e-19,0.999999999716847,0.999999999998216
"1023","Scgb3a2",3.32178744877927e-18,-1.25252725146808,1.25759636509631e-19,0.999999999717049,0.999999999998216
"450","B4galnt4",3.31722603203853e-18,-1.2527274412254,1.25414492057866e-19,0.999999999717438,0.999999999998216
"1920","Mccc1os",3.31704763403366e-18,-1.25273527620461,1.25401003020141e-19,0.999999999717453,0.999999999998216
"708","RP24-308M10.2",3.30748461283341e-18,-1.25315587932474,1.24678985176149e-19,0.999999999718268,0.999999999998216
"808","Slc36a3",3.30262676052386e-18,-1.25336999804442,1.243130108011e-19,0.999999999718681,0.999999999998216
"2080","4930403P22Rik",3.29623978414274e-18,-1.25365198873196,1.2383265587449e-19,0.999999999719225,0.999999999998216
"97","Gm43536",3.28134897039045e-18,-1.25431152920817,1.22716351202249e-19,0.999999999720494,0.999999999998216
"1196","Scel",3.2595285905683e-18,-1.25528334244954,1.21089694453186e-19,0.999999999722353,0.999999999998216
"2482","Apof",3.25324521788275e-18,-1.25556437440059,1.20623296743812e-19,0.999999999722888,0.999999999998216
"761","Lin28a",3.22516393344377e-18,-1.25682692211998,1.18549897502486e-19,0.99999999972528,0.999999999998216
"2612","Thsd4",3.2111158014584e-18,-1.25746260596957,1.1751939017564e-19,0.999999999726476,0.999999999998216
"2062","Gm5127",3.2038642173045e-18,-1.25779181703528,1.16989207181915e-19,0.999999999727094,0.999999999998216
"1512","Chrm3",3.20058591084459e-18,-1.25794088845936,1.16749914734569e-19,0.999999999727373,0.999999999998216
"877","Vipr2",3.2000979950346e-18,-1.25796308787758,1.16714321384583e-19,0.999999999727415,0.999999999998216
"2867","Ccdc184",3.19236897084725e-18,-1.25831519243359,1.16151214609505e-19,0.999999999728073,0.999999999998216
"1515","Cd300lh",3.1891573626793e-18,-1.25846174818348,1.15917629737076e-19,0.999999999728347,0.999999999998216
"2179","Cacng5",3.18548993325787e-18,-1.25862928255655,1.15651179863101e-19,0.999999999728659,0.999999999998216
"786","4921511C10Rik",3.18031834377929e-18,-1.25886585296029,1.15275969183123e-19,0.9999999997291,0.999999999998216
"1307","Ssc5d",3.17368136808399e-18,-1.25917001269419,1.14795334605011e-19,0.999999999729665,0.999999999998216
"791","Pih1h3b",3.14284682323775e-18,-1.26059137571007,1.12575535996986e-19,0.999999999732292,0.999999999998216
"379","Gm10718",3.13907421992764e-18,-1.26076622255987,1.12305431876933e-19,0.999999999732613,0.999999999998216
"768","Gm11646",3.13375882431362e-18,-1.26101292432032,1.11925420222369e-19,0.999999999733066,0.999999999998216
"109","Zscan10",3.12743929869443e-18,-1.26130676786837,1.11474458667719e-19,0.999999999733604,0.999999999998216
"2577","Gm27003",3.10588580279575e-18,-1.26231337838997,1.09943247481035e-19,0.99999999973544,0.999999999998216
"916","Gm26812",3.10397675124336e-18,-1.26240286840023,1.09808134449622e-19,0.999999999735602,0.999999999998216
"1148","Ms4a4d",3.09696061082585e-18,-1.2627322286865,1.09312281146732e-19,0.9999999997362,0.999999999998216
"387","4921507P07Rik",3.07700131529511e-18,-1.26367322155306,1.07907829636578e-19,0.9999999997379,0.999999999998216
"2415","Zfp59",3.07446307541706e-18,-1.26379331948877,1.07729875219962e-19,0.999999999738116,0.999999999998216
"446","Disp2",3.04607016675454e-18,-1.2651434456857,1.05749275377268e-19,0.999999999740535,0.999999999998216
"545","Gm37988",3.03667579203904e-18,-1.26559289584219,1.05097999261367e-19,0.999999999741335,0.999999999998216
"2506","Wnt6",3.01420176824606e-18,-1.26667369613564,1.03548123825324e-19,0.99999999974325,0.999999999998216
"359","4930445N18Rik",3.01213372875766e-18,-1.26677354929943,1.03406084131664e-19,0.999999999743426,0.999999999998216
"632","Olfr433",3.00442148936228e-18,-1.26714652388014,1.02877242054056e-19,0.999999999744083,0.999999999998216
"1870","Gm26710",2.98884377001978e-18,-1.26790277169688,1.01813184868852e-19,0.99999999974541,0.999999999998216
"2491","Tlr8",2.98308055408123e-18,-1.26818354241901,1.01420922377993e-19,0.9999999997459,0.999999999998216
"1199","Gpr143",2.97941176284727e-18,-1.26836255629309,1.01171607367999e-19,0.999999999746213,0.999999999998216
"2018","Btbd11",2.96748749118493e-18,-1.26894589041797,1.00363405152291e-19,0.999999999747229,0.999999999998216
"1662","Csrnp3",2.96715476845941e-18,-1.26896220030288,1.00340900381008e-19,0.999999999747257,0.999999999998216
"1218","Nr1h4",2.96366662628255e-18,-1.26913329574412,1.00105120568577e-19,0.999999999747554,0.999999999998216
"909","6530411M01Rik",2.96199179058272e-18,-1.26921551799532,9.99920091585191e-20,0.999999999747697,0.999999999998216
"906","Platr15",2.95283218060309e-18,-1.26966600069255,9.9374538394139e-20,0.999999999748477,0.999999999998216
"1243","Gm43598",2.94762769755067e-18,-1.26992257884082,9.90245440275778e-20,0.99999999974892,0.999999999998216
"1181","Dok6",2.94659623828553e-18,-1.26997348224623,9.89552531108976e-20,0.999999999749008,0.999999999998216
"2607","9930111J21Rik1",2.93485722312843e-18,-1.27055405379059,9.81683632995623e-20,0.999999999750008,0.999999999998216
"250","Ncmap",2.92837822958098e-18,-1.27087546401427,9.77354085822128e-20,0.99999999975056,0.999999999998216
"291","Prokr1",2.92658635762855e-18,-1.27096447906057,9.76158367626377e-20,0.999999999750713,0.999999999998216
"499","Klf8",2.91708245940458e-18,-1.27143750560621,9.69828640828332e-20,0.999999999751522,0.999999999998216
"760","Gm15640",2.91100763004985e-18,-1.27174065778231,9.65793507092194e-20,0.99999999975204,0.999999999998216
"460","Slitrk1",2.90629355019299e-18,-1.27197633462506,9.62668031740828e-20,0.999999999752441,0.999999999998216
"941","Klra1",2.8942213231036e-18,-1.27258159927539,9.54687137884384e-20,0.99999999975347,0.999999999998216
"2090","Nanos3",2.8844470758593e-18,-1.27307347663288,9.4824976467699e-20,0.999999999754302,0.999999999998216
"465","Tmem8c",2.88177571269385e-18,-1.27320819577311,9.46494179338277e-20,0.99999999975453,0.999999999998216
"428","Gm43194",2.86281007812921e-18,-1.27416820427599,9.3407697889627e-20,0.999999999756145,0.999999999998216
"1233","Efna3",2.84474657164481e-18,-1.27508839693921,9.22326653760035e-20,0.999999999757684,0.999999999998216
"574","Zfp558",2.81812771181059e-18,-1.27645497154004,9.0514662195231e-20,0.999999999759951,0.999999999998216
"234","Gm12052",2.80659304786938e-18,-1.27705110172761,8.97752212307052e-20,0.999999999760934,0.999999999998216
"1654","Atp6v1c2",2.80230241028938e-18,-1.27727346546315,8.9500939569248e-20,0.999999999761299,0.999999999998216
"537","Ptx4",2.79768780498424e-18,-1.27751299391628,8.92064164285373e-20,0.999999999761692,0.999999999998216
"213","9330161L09Rik",2.79448559571723e-18,-1.27767943876024,8.90023235113511e-20,0.999999999761965,0.999999999998216
"1221","Kcnj15",2.7939137816361e-18,-1.27770918037351,8.89659035169052e-20,0.999999999762014,0.999999999998216
"1605","Csf3",2.79229462686038e-18,-1.27779342960863,8.88628167086918e-20,0.999999999762152,0.999999999998216
"778","Arfgef3",2.78182869709922e-18,-1.27833916646554,8.81979233690262e-20,0.999999999763043,0.999999999998216
"2296","Gm26588",2.76919007622387e-18,-1.27900090128675,8.7398328541058e-20,0.99999999976412,0.999999999998216
"881","Mannr",2.76730393542577e-18,-1.27909991141165,8.727931221563e-20,0.99999999976428,0.999999999998216
"33","Kng2",2.76556769085074e-18,-1.27919111179332,8.71698260895697e-20,0.999999999764428,0.999999999998216
"860","Mroh2a",2.76506041763793e-18,-1.27921776818368,8.71378508372789e-20,0.999999999764472,0.999999999998216
"647","Ankle1",2.76201835957931e-18,-1.27937772466613,8.69462220518998e-20,0.999999999764731,0.999999999998216
"2072","Gm11767",2.76000215906433e-18,-1.27948383559349,8.68193314868823e-20,0.999999999764902,0.999999999998216
"938","Ralyl",2.7561500092852e-18,-1.27968678365645,8.65771521995077e-20,0.99999999976523,0.999999999998216
"83","Sorbs2os",2.72398249339656e-18,-1.28139251013252,8.45680308099697e-20,0.99999999976797,0.999999999998216
"1089","Krt19",2.70426815432579e-18,-1.28244773336988,8.33483682050225e-20,0.99999999976965,0.999999999998216
"751","Ppm1n",2.70329314333568e-18,-1.28250011813138,8.32882773261503e-20,0.999999999769733,0.999999999998216
"841","Hbb-y",2.69713448198737e-18,-1.28283143780907,8.29092137392362e-20,0.999999999770257,0.999999999998216
"46","Gm15475",2.68480945567772e-18,-1.28349673767278,8.21532088253159e-20,0.999999999771307,0.999999999998216
"94","G530012D18Rik",2.68356691939771e-18,-1.28356397628988,8.20771850157173e-20,0.999999999771413,0.999999999998216
"1900","B230317F23Rik",2.68278084629945e-18,-1.2836065297095,8.20291077963873e-20,0.99999999977148,0.999999999998216
"1382","Gm15834",2.67950231008188e-18,-1.28378414323172,8.18287402764506e-20,0.999999999771759,0.999999999998216
"2374","2310047D07Rik",2.67798186511598e-18,-1.28386658553215,8.17359015453995e-20,0.999999999771889,0.999999999998216
"2670","5033430I15Rik",2.67640278363991e-18,-1.2839522561195,8.16395382375342e-20,0.999999999772023,0.999999999998216
"32","Pdc",2.6658228862489e-18,-1.28452754066228,8.09953670743721e-20,0.999999999772925,0.999999999998216
"847","Gypa",2.6649444132333e-18,-1.28457540902352,8.09419947957617e-20,0.999999999772999,0.999999999998216
"6","Cga",2.66421405938783e-18,-1.28461521815531,8.08976349988606e-20,0.999999999773062,0.999999999998216
"1208","Pcdhgb5",2.65456562418278e-18,-1.2851421342973,8.03127553910756e-20,0.999999999773883,0.999999999998216
"711","Zfp599",2.64968375073005e-18,-1.28540946091742,8.00176290013125e-20,0.999999999774299,0.999999999998216
"1751","Gm26776",2.64586204021719e-18,-1.28561907315886,7.97869722830975e-20,0.999999999774625,0.999999999998216
"14","Cpa3",2.64195863471659e-18,-1.2858334745764,7.95517285935802e-20,0.999999999774957,0.999999999998216
"2073","Chil5",2.63942094796479e-18,-1.28597302908402,7.93989779712113e-20,0.999999999775174,0.999999999998216
"413","Stxbp5l",2.60671973960436e-18,-1.28778329275456,7.74437323242531e-20,0.999999999777959,0.999999999998216
"967","G630090E17Rik",2.56991463802457e-18,-1.28984771713292,7.52722659596879e-20,0.999999999781094,0.999999999998216
"2138","Krtap7-1",2.56092346938221e-18,-1.29035646836032,7.47464883967858e-20,0.99999999978186,0.999999999998216
"2992","Ripk4",2.53715281107336e-18,-1.29171002420192,7.33653247702984e-20,0.999999999783885,0.999999999998216
"667","Cdk19os",2.52325635685991e-18,-1.29250712366581,7.25638548483453e-20,0.999999999785068,0.999999999998216
"900","Gm38336",2.4590586066419e-18,-1.29624659826791,6.89184263778491e-20,0.999999999790537,0.999999999998216
"1204","Pcdhgb1",2.45827324516968e-18,-1.29629293854205,6.88744117834553e-20,0.999999999790604,0.999999999998216
"592","Gm21188",2.44619530282163e-18,-1.29700744216826,6.8199289411288e-20,0.999999999791632,0.999999999998216
"843","C530044C16Rik",2.44312866538707e-18,-1.29718941117741,6.80284024837862e-20,0.999999999791894,0.999999999998216
"240","Gm2109",2.44081751822907e-18,-1.29732669956984,6.78997565502373e-20,0.999999999792091,0.999999999998216
"288","Khdc1c",2.40806989427631e-18,-1.29928589325014,6.60900027855551e-20,0.99999999979488,0.999999999998216
"541","Nefm",2.38288437960115e-18,-1.30081062266591,6.47147882630343e-20,0.999999999797025,0.999999999998216
"2653","Sptb",2.3810815701353e-18,-1.30092037325937,6.4616903279465e-20,0.999999999797179,0.999999999998216
"648","Aqp3",2.36449056623909e-18,-1.30193425651298,6.37195595372402e-20,0.999999999798592,0.999999999998216
"1702","Cpne7",2.36313691703688e-18,-1.30201728783799,6.36466226920939e-20,0.999999999798707,0.999999999998216
"2116","Cox7b2",2.36175241458196e-18,-1.30210226019191,6.35720666294255e-20,0.999999999798825,0.999999999998216
"981","Gm43625",2.36017442539362e-18,-1.30219916749685,6.34871445008767e-20,0.99999999979896,0.999999999998216
"1934","Rgs9",2.35933339500213e-18,-1.30225084286699,6.34419062303198e-20,0.999999999799031,0.999999999998216
"1316","Pglyrp2",2.35788679418266e-18,-1.30233976875946,6.33641325860725e-20,0.999999999799155,0.999999999998216
"650","Dkk2",2.35502249075135e-18,-1.30251600291897,6.32102796822532e-20,0.999999999799399,0.999999999998216
"547","Mybpc3",2.32645166734108e-18,-1.3042855607938,6.16858654978601e-20,0.999999999801832,0.999999999998216
"463","Gm26602",2.28470576317597e-18,-1.30691003793833,5.9491942324478e-20,0.999999999805388,0.999999999998216
"2360","Gm26789",2.27903054482908e-18,-1.30727047263627,5.91967529559738e-20,0.999999999805872,0.999999999998216
"1859","Acss3",2.26920956532669e-18,-1.30789630169111,5.86876615305898e-20,0.999999999806708,0.999999999998216
"747","Gm14762",2.26581362341271e-18,-1.30811332518402,5.8512137186377e-20,0.999999999806997,0.999999999998216
"79","Gm17541",2.26095264738199e-18,-1.30842453293773,5.82613478047009e-20,0.999999999807411,0.999999999998216
"316","Ccl28",2.25558140567724e-18,-1.30876917689778,5.79848589822918e-20,0.999999999807869,0.999999999998216
"1389","D330050G23Rik",2.25006894307177e-18,-1.30912372467158,5.77017844904109e-20,0.999999999808339,0.999999999998216
"31","Gm19557",2.24897497320687e-18,-1.30919418790769,5.76456896153431e-20,0.999999999808432,0.999999999998216
"1740","Evpl",2.24535995764084e-18,-1.30942727375561,5.74605185182452e-20,0.99999999980874,0.999999999998216
"427","Tbata",2.24142552949811e-18,-1.30968137527671,5.72593247530769e-20,0.999999999809075,0.999999999998216
"2371","Gm12454",2.23788110993184e-18,-1.30991066527509,5.70783768673172e-20,0.999999999809377,0.999999999998216
"367","Gm15816",2.22634620394124e-18,-1.31065934982842,5.64914851863859e-20,0.999999999810359,0.999999999998216
"164","AU040972",2.20671122627442e-18,-1.31194261780987,5.54994402080671e-20,0.999999999812032,0.999999999998216
"1328","Fam169a",2.2065594064705e-18,-1.31195258397694,5.54918038447931e-20,0.999999999812045,0.999999999998216
"1999","Dusp4",2.20429985008422e-18,-1.31210099186722,5.5378212830474e-20,0.999999999812237,0.999999999998216
"159","Tdgf1",2.20103156799186e-18,-1.31231591856434,5.5214117692036e-20,0.999999999812516,0.999999999998216
"2181","Nxph3",2.18236409526781e-18,-1.31354958111121,5.42815211670178e-20,0.999999999814106,0.999999999998216
"305","Pnoc",2.18184426732456e-18,-1.3135840832807,5.42556650864607e-20,0.99999999981415,0.999999999998216
"310","Gm4221",2.17081099176261e-18,-1.31431830500376,5.37083261673421e-20,0.99999999981509,0.999999999998216
"1558","A230087F16Rik",2.15789658437094e-18,-1.3151823971204,5.30711928377621e-20,0.99999999981619,0.999999999998216
"1275","Gm10719",2.15610595262185e-18,-1.31530260909902,5.29831519789026e-20,0.999999999816342,0.999999999998216
"386","Gm15541",2.13009856205897e-18,-1.31705977028224,5.17126736458669e-20,0.999999999818558,0.999999999998216
"1302","Sct",2.05593343261533e-18,-1.32218933219871,4.81743309226399e-20,0.999999999824875,0.999999999998216
"957","March10",2.01931344514149e-18,-1.32478979731758,4.64734664546143e-20,0.999999999827994,0.999999999998216
"2660","9230111E07Rik",2.0097072252918e-18,-1.32547965534155,4.60323537044172e-20,0.999999999828813,0.999999999998216
"27","Rbm44",1.99573910759437e-18,-1.3264885802976,4.53946977832415e-20,0.999999999830002,0.999999999998216
"706","Trim67",1.98270899286046e-18,-1.32743604943709,4.48038718758522e-20,0.999999999831112,0.999999999998216
"129","Gm5096",1.97265585026677e-18,-1.32817125672553,4.4350675961994e-20,0.999999999831969,0.999999999998216
"198","Gm12158",1.97127065753156e-18,-1.3282728482267,4.42884120200368e-20,0.999999999832087,0.999999999998216
"2178","Svep1",1.97009877859105e-18,-1.32835885004612,4.42357706131023e-20,0.999999999832186,0.999999999998216
"858","Grhl3",1.94079385490232e-18,-1.33052604228281,4.29295573717871e-20,0.999999999834683,0.999999999998216
"217","Gm13872",1.87908429410429e-18,-1.3351971663674,4.02429787240338e-20,0.999999999839939,0.999999999998216
"1127","Ankrd23",1.87289393401701e-18,-1.3356740674347,3.997826661044e-20,0.999999999840466,0.999999999998216
"947","Cldn20",1.82388148910671e-18,-1.33950575693839,3.79132334535262e-20,0.999999999844641,0.999999999998216
"2417","Kcna3",1.79367778871047e-18,-1.34191790874737,3.66679351291098e-20,0.999999999847214,0.999999999998216
"619","Spdef",1.78300460611188e-18,-1.34277988622861,3.6232852333593e-20,0.999999999848123,0.999999999998216
"556","Gm5475",1.78232379710004e-18,-1.34283504156105,3.6205187858859e-20,0.999999999848181,0.999999999998216
"1701","Gm9922",1.76098282732609e-18,-1.34457458225043,3.53433600952377e-20,0.999999999849999,0.999999999998216
"2720","Htr7",1.75652451066297e-18,-1.34494061141169,3.51646276001873e-20,0.999999999850379,0.999999999998216
"91","Tecta",1.75648143258835e-18,-1.34494415260117,3.51629028239405e-20,0.999999999850382,0.999999999998216
"90","Gm2449",1.75118214640237e-18,-1.34538042954985,3.4951050661533e-20,0.999999999850834,0.999999999998216
"1071","Gm20052",1.75074070307438e-18,-1.34541683118726,3.49334317479673e-20,0.999999999850872,0.999999999998216
"48","Gm15956",1.74616105627602e-18,-1.3457950059972,3.47509106762913e-20,0.999999999851262,0.999999999998216
"2687","Adamts15",1.72532880033451e-18,-1.34752771214953,3.39266780586045e-20,0.999999999853036,0.999999999998216
"99","Lrrc75aos2",1.70235183435791e-18,-1.34946288969277,3.30290619747468e-20,0.999999999854993,0.999999999998216
"1045","Gm13373",1.65200720535731e-18,-1.35379466621139,3.11043742128724e-20,0.999999999859282,0.999999999998216
"2492","Rnf43",1.62596563106269e-18,-1.3560867006828,3.01314697863381e-20,0.9999999998615,0.999999999998216
"1267","Erp27",1.60639021600151e-18,-1.35783357650696,2.94103162477131e-20,0.999999999863167,0.999999999998216
"757","Cpa4",1.58102211549311e-18,-1.36012887136611,2.84887558743542e-20,0.999999999865328,0.999999999998216
"762","D730045A05Rik",1.55803131744895e-18,-1.3622406563596,2.76662285224436e-20,0.999999999867286,0.999999999998216
"61","Gm27042",1.53173162379632e-18,-1.36469438329944,2.6740095342901e-20,0.999999999869527,0.999999999998216
"1318","Khdc1a",1.45103620987382e-18,-1.37249105255293,2.39968421178815e-20,0.9999999998764,0.999999999998216
"1671","Zfp955a",1.41734448022223e-18,-1.37587360091947,2.28954101147022e-20,0.99999999987927,0.999999999998216
"2070","Spin4",1.32179109436314e-18,-1.38591657776556,1.99123829878787e-20,0.99999999988741,0.999999999998216
"782","Gm15747",1.31841207504312e-18,-1.38628469572384,1.98107053105621e-20,0.999999999887697,0.999999999998216
"617","Gm33973",1.29984556050018e-18,-1.38832412089834,1.92566662876965e-20,0.999999999889279,0.999999999998216
"827","Gm37065",1.29869271030846e-18,-1.38845170025862,1.92225234520602e-20,0.999999999889377,0.999999999998216
"684","Gm15890",1.27992856222026e-18,-1.39054407081954,1.86710634645012e-20,0.999999999890975,0.999999999998216
"1286","Zfp473",1.25733874366499e-18,-1.39310353562721,1.80178177642642e-20,0.9999999998929,0.999999999998216
"149","Gm42903",1.25591935224362e-18,-1.39326586558404,1.79771606209968e-20,0.99999999989302,0.999999999998216
"529","Irx1",1.24129423598653e-18,-1.39494909403264,1.75609121892464e-20,0.999999999894266,0.999999999998216
"441","Gm27017",1.23448652234333e-18,-1.39573928537994,1.73688194026882e-20,0.999999999894846,0.999999999998216
"1048","Gm7535",1.21215437041123e-18,-1.3983619466039,1.67460913965344e-20,0.999999999896748,0.999999999998216
"2126","Gm42997",1.07450063893441e-18,-1.41566250972153,1.31586383187484e-20,0.999999999908474,0.999999999998216
"591","Gm3468",1.04216515357325e-18,-1.42004325986199,1.23785760546341e-20,0.999999999911228,0.999999999998216
"1093","Gm8817",1.02748745875354e-18,-1.42207617444623,1.20323554556751e-20,0.999999999912478,0.999999999998216
"104","Prdx6b",9.91615333574641e-19,-1.42716766016095,1.12068629598422e-20,0.999999999915534,0.999999999998216
"1168","Gm20404",9.91150741784612e-19,-1.42723478614103,1.11963641370741e-20,0.999999999915574,0.999999999998216
"2109","Gm15510",9.81937094273632e-19,-1.42857245637976,1.09891708853587e-20,0.999999999916358,0.999999999998216
"549","RP23-191I16.3",8.83171825854625e-19,-1.4437435275436,8.88971844255665e-21,0.999999999924771,0.999999999998216
"165","Gm42555",8.79559767214924e-19,-1.44432958995755,8.81715154194984e-21,0.999999999925079,0.999999999998216
"1335","B930094E09Rik",8.3773274105357e-19,-1.45129445236976,7.99850042797323e-21,0.999999999928642,0.999999999998216
"222","Zfp791",8.24835386308597e-19,-1.45351136381115,7.75411365895659e-21,0.99999999992974,0.999999999998216
"418","Prps1l1",8.08778914714553e-19,-1.45631955049737,7.45516456892721e-21,0.999999999931108,0.999999999998216
"746","Gm28626",7.41532655405971e-19,-1.46871063105542,6.26697779718414e-21,0.999999999936836,0.999999999998216
"60","B430219N15Rik",6.69650757280772e-19,-1.48324596836533,5.11086397505345e-21,0.999999999942959,0.999999999998216
"1416","Lalba",6.61989932635829e-19,-1.48488490035165,4.99459598295577e-21,0.999999999943612,0.999999999998216
"883","Lgals2",6.2060738194792e-19,-1.49407486704031,4.38966590914564e-21,0.999999999947137,0.999999999998216
"1075","Rln1",6.17679345986543e-19,-1.49474781486312,4.34834258801109e-21,0.999999999947386,0.999999999998216
"538","Gm2464",5.76295005064641e-19,-1.50461095120066,3.78518669334896e-21,0.999999999950911,0.999999999998216
"121","Ltk",5.72241724584687e-19,-1.50561425167913,3.73212890544746e-21,0.999999999951256,0.999999999998216
"562","D930048G16Rik",4.87896864939226e-19,-1.52825421138052,2.7130240822498e-21,0.999999999958441,0.999999999998216
"863","Dusp27",4.86365144851784e-19,-1.52870014468219,2.6960161009465e-21,0.999999999958571,0.999999999998216
"338","5430427N15Rik",4.18974224043018e-19,-1.54983000288319,2.00065500282649e-21,0.999999999964312,0.999999999998216
"2242","Psors1c2",3.35581823753408e-19,-1.58119071846344,1.28349580542226e-21,0.999999999971415,0.999999999998216
"534","Atp1b4",2.09471604088877e-20,-1.96502074198989,5.00089701104464e-24,0.999999999998216,0.999999999998216
