"","gene","distance","Z","FC","p.value","p.adj"
"3001","Pparg",2.48705851369013e-07,3.3800390882609,1338251.79286273,0,0
"632","Grb10",1.18225467085847e-09,1.53287447289292,30.2404259834276,3.81670617229306e-08,5.72696761152573e-05
"132","Ophn1",1.14214201397209e-09,1.52283414256578,28.2231862974299,1.08101819701942e-07,6.87768554557448e-05
"989","Pde4a",1.1321103119873e-09,1.52027149820328,27.7295818125059,1.39512936421675e-07,6.87768554557448e-05
"1104","Brf2",1.12706831641548e-09,1.5189754441638,27.4831374667251,1.5847018177012e-07,6.87768554557448e-05
"373","Snora31",1.12695163710935e-09,1.51894538720531,27.4774473991819,1.58937106942557e-07,6.87768554557448e-05
"134","S100pbp",1.11858243689447e-09,1.51678180489977,27.0708454702674,1.9613375025374e-07,6.87768554557448e-05
"2030","AW146020",1.11583525744118e-09,1.51606830093551,26.9380396161982,2.10083149650356e-07,6.87768554557448e-05
"1601","Ccdc61",1.11274903447003e-09,1.51526477194262,26.789233016793,2.26898015001446e-07,6.87768554557448e-05
"1157","Exoc4",1.11210907038763e-09,1.51509788926691,26.7584278371432,2.30544041176648e-07,6.87768554557448e-05
"544","Ift140",1.10851469236341e-09,1.51415891059546,26.5857388824065,2.52097770747482e-07,6.87768554557448e-05
"119","Klhl28",1.09376357282995e-09,1.51027524604217,25.8828883105882,3.62770771546369e-07,8.65957768477265e-05
"1324","Lzic",1.09239712214554e-09,1.50991300557442,25.8182571623125,3.75123325231737e-07,8.65957768477265e-05
"655","5830418K08Rik",1.07450486414487e-09,1.50513021465981,24.9794343223358,5.79451037632879e-07,0.000124209468852591
"293","Ctbp2",1.04577779548312e-09,1.49729263374508,23.6616300792748,1.14849717737114e-06,0.00022977600195272
"1512","Tsix",1.01587580646824e-09,1.48891702084134,22.3278580598827,2.29847927946304e-06,0.000431108519854286
"791","Rhbdf1",1.00248319653876e-09,1.48509049112324,21.7430283007856,3.11720595919325e-06,0.000550278534325821
"1589","Bud13",9.97499586294336e-10,1.48365432524696,21.5273849088111,3.48811841464843e-06,0.000581546853464442
"2415","Smyd3",9.77991636305805e-10,1.47796706332674,20.6936028121851,5.38957623591072e-06,0.00085126938336674
"2999","Usp18",9.70965331596732e-10,1.47589255191409,20.397327777496,6.29175899935375e-06,0.000944078437853031
"841","Ssbp2",9.57489104305084e-10,1.47187399877147,19.8350595581058,8.44199752622025e-06,0.00117457461531366
"2198","Pfas",9.56575927983262e-10,1.47159977792972,19.7972434214416,8.61067695331572e-06,0.00117457461531366
"2845","Prr24",9.42732673609084e-10,1.46741238678316,19.228391064402,1.15975689594365e-05,0.00151323062814212
"946","Vamp4",9.27968735796764e-10,1.46288246450345,18.6308434619062,1.58633206299657e-05,0.00198357605043863
"1388","Glmn",9.16986131208846e-10,1.45946868433728,18.1924572141002,1.99668041082719e-05,0.00239681516515696
"1273","Pam",9.08395309589766e-10,1.45677151760919,17.8531804169955,2.38620122883571e-05,0.00275422687989845
"2716","C1galt1",8.91555545949307e-10,1.45141438340967,17.1973939250188,3.36898202223118e-05,0.00367982462061251
"1519","Cyb561",8.90623020704872e-10,1.45111495870452,17.1614374059443,3.43335852639621e-05,0.00367982462061251
"1240","4632415L05Rik",8.65999670223698e-10,1.4431003296413,16.2256192586916,5.62285478781425e-05,0.00581868524766572
"1226","Pck2",8.6328125894101e-10,1.44220245433567,16.123913265859,5.93301412020176e-05,0.00593499179157516
"2612","Akap10",8.51762637154075e-10,1.43836825682344,15.6965063096062,7.43613962878846e-05,0.00719866291161102
"364","Wdr47",8.25022112577771e-10,1.42927621845222,14.7264139911467,0.000124292724100435,0.0116563270320439
"2003","Inhba",8.20113484829268e-10,1.42757726626672,14.5517000238898,0.000136365556770143,0.0124010010868848
"325","Copg2",8.06453629045942e-10,1.42279868424762,14.0709891687489,0.000176038183638052,0.0155107390561405
"2464","2810013P06Rik",8.04984608308022e-10,1.42228026855162,14.0197729609393,0.000180898322880679,0.0155107390561405
"1446","Crtap",8.00850831655147e-10,1.42081668764344,13.8761533076389,0.000195260324112999,0.0162771175739753
"1256","Fam175a",7.94774277376633e-10,1.41865234309255,13.6663781428265,0.000218328644061347,0.0175947192866733
"1885","Polr3f",7.93668572638406e-10,1.41825684534422,13.6283787556813,0.000222792180237783,0.0175947192866733
"1007","Thra",7.82865038704801e-10,1.414365118783,13.2598809532935,0.000271146867752526,0.0206378486708762
"2968","Zfp2",7.82067804459239e-10,1.41407594112061,13.2328881817825,0.000275079622404214,0.0206378486708762
"2824","Wdr67",7.78652675194962e-10,1.41283404729758,13.1175699158042,0.000292539241927794,0.0214124454884222
"548","Usp54",7.76029727713558e-10,1.411876752656,13.0293438110167,0.000306647977119223,0.0215364143530528
"2825","Rnf38",7.75678342857984e-10,1.41174827761815,13.0175471558021,0.000308585743812486,0.0215364143530528
"2757","Fignl2",7.70708900689057e-10,1.40992545719364,12.8512856433183,0.000337247458127009,0.0229225621113546
"2396","Eif2ak4",7.69025633761938e-10,1.40930552493384,12.7952112390115,0.000347507742312033,0.0229225621113546
"2793","Dclre1a",7.64141962791806e-10,1.40749968256564,12.6332161473995,0.000378952650564175,0.0229225621113546
"1936","Mettl15",7.61805537242037e-10,1.40663190748983,12.5560801025937,0.000394919271763138,0.0229225621113546
"606","Gas8",7.61208883541021e-10,1.40640990338991,12.5364197101785,0.000399096265172962,0.0229225621113546
"2256","Lyst",7.59534086988755e-10,1.40578586857017,12.4813156368431,0.000411042604971823,0.0229225621113546
"2434","Ddx55",7.58877343181389e-10,1.40554081128705,12.4597406132998,0.0004158176847256,0.0229225621113546
"2123","Ankrd16",7.58212550182149e-10,1.40529254785984,12.4379201694619,0.000420704014120683,0.0229225621113546
"434","Hist1h4d",7.58118095485216e-10,1.40525725768959,12.4348214425867,0.000421402605105102,0.0229225621113546
"1637","Entpd6",7.57748774088906e-10,1.40511923220617,12.4227090104265,0.00042414453367804,0.0229225621113546
"910","Mphosph9",7.57422186899031e-10,1.40499712508324,12.4120030258911,0.000426583063796307,0.0229225621113546
"2600","Kdm4c",7.56298131610525e-10,1.40457647616877,12.3751902013161,0.000435076481018134,0.0229225621113546
"2154","Ulk3",7.54202175156849e-10,1.40379054961628,12.3066936192954,0.000451336775579711,0.0229225621113546
"122","Ap4m1",7.5297342655849e-10,1.40332884932614,12.2666260757007,0.000461131228188314,0.0229225621113546
"2747","Ptdss2",7.52270507763628e-10,1.40306441087078,12.2437343850096,0.000466823063349767,0.0229225621113546
"1872","Ppargc1b",7.52209127665493e-10,1.40304130864154,12.2417364575331,0.000467323183503841,0.0229225621113546
"710","Arv1",7.51860921901327e-10,1.40291021754842,12.2304054155947,0.000470169810496712,0.0229225621113546
"1063","Frmd6",7.51743404992079e-10,1.40286596240702,12.2265824555843,0.000471134171619374,0.0229225621113546
"2420","Alg8",7.51446954618066e-10,1.4027542947145,12.2169412396019,0.000473575091937349,0.0229225621113546
"2614","Vgll4",7.40722076105524e-10,1.39868637545562,11.8707020432174,0.000570239130360174,0.0271632957176331
"640","Ikbip",7.37497771301137e-10,1.39745260119703,11.7675825079656,0.000602712037792932,0.0282615441471342
"2335","C330006K01Rik",7.32189792067817e-10,1.39541044994458,11.5988028657914,0.000659942869093913,0.0300527213472948
"1975","Stk35",7.32101203178336e-10,1.39537624926724,11.5959963177752,0.000660939556455001,0.0300527213472948
"2027","Cnst",7.25437771002994e-10,1.39279256866932,11.3858682893696,0.000740049522995417,0.0327533296879566
"1778","Poc5",7.25269121682212e-10,1.39272688815348,11.3805749456133,0.000742161419120642,0.0327533296879566
"85","3110009E18Rik",7.23843501505639e-10,1.39217110700045,11.3358786222429,0.000760238563608691,0.0330648685418794
"2049","Xpnpep3",7.17799685359839e-10,1.38980345168322,11.1473684214706,0.000841509644478674,0.0359963053597748
"1866","Pdgfc",7.17085474141872e-10,1.38952242625724,11.1251961780079,0.000851628683953353,0.0359963053597748
"1679","Megf8",7.16060571911135e-10,1.3891186921621,11.0934172885886,0.000866346911021639,0.0361098205552214
"1689","Gramd4",7.06309524356112e-10,1.38525017269605,10.7933423573822,0.00101865789264527,0.0418766073401159
"904","Alg10b",7.02901259396048e-10,1.38388619402251,10.6894281007589,0.00107749510694753,0.0432140353377654
"1625","Lrit2",7.02760525643285e-10,1.38382973948095,10.6851480892756,0.00107999088648197,0.0432140353377654
"1646","Zfp119a",7.01072661239963e-10,1.38315183484052,10.6338833342152,0.00111034308978186,0.0438439422688863
"1796","Slc10a5",6.96776492700778e-10,1.38141941369729,10.5039539303182,0.00119119375253133,0.0464256162512536
"1506","Zfp958",6.94883124088066e-10,1.38065273391514,10.4469461638454,0.00122852397534856,0.047266672436167
"118","Purg",6.86660280381631e-10,1.37730016944214,10.2011628490915,0.00140352123265684,0.0529601501961104
"1299","Wdr90",6.85007010994753e-10,1.37662156509321,10.1520993820287,0.00144137004537465,0.0529601501961104
"143","Ddi2",6.84070266438234e-10,1.3762363849048,10.1243524501346,0.00146323056784779,0.0529601501961104
"1932","Fdxacb1",6.83375833862784e-10,1.37595052158444,10.1038074508825,0.00147963309598921,0.0529601501961104
"2263","Slc10a2",6.83307890201178e-10,1.37592253793016,10.1017984376463,0.00148124699427384,0.0529601501961104
"2142","Lgals4",6.82528288521053e-10,1.37560125993761,10.078760839086,0.0014998816869451,0.0529601501961104
"563","Oas1a",6.82521804446786e-10,1.37559858637317,10.0785693418998,0.00150003757636434,0.0529601501961104
"2077","Fam116b",6.81660302412669e-10,1.37524315305958,10.053142379335,0.00152088296327713,0.053071741544124
"2943","5830417I10Rik",6.77775436304992e-10,1.37363510647822,9.93888070965078,0.00161823915588734,0.0558199506530795
"2726","Pcsk5",6.75774373012528e-10,1.37280343827637,9.880280267221,0.00167059490873744,0.0569710831945575
"2717","Ficd",6.66473631503095e-10,1.36890735390412,9.6101855008217,0.0019350109533423,0.064465793663952
"2052","Senp1",6.66385215992441e-10,1.36887007249433,9.60763586327336,0.00193769940992512,0.064465793663952
"2495","Asah2",6.6582509767393e-10,1.36863378435857,9.59149159389355,0.00195481080420514,0.064465793663952
"2221","Dab2ip",6.62311265594613e-10,1.36714719296436,9.49052225831075,0.00206536021584753,0.0673711522582439
"1612","Ubox5",6.60795854702913e-10,1.36650378612867,9.44714208942049,0.00211478364893283,0.0682415669940583
"1073","Nfya",6.59482915902965e-10,1.36594522411816,9.40963823100407,0.00215847809730865,0.068910561383226
"2309","Trim34a",6.55465529721415e-10,1.36422961056831,9.29534562505714,0.00229736793436154,0.0725726439054628
"1874","Mospd2",6.53229812217362e-10,1.36327057732926,9.23204305956273,0.00237816140727786,0.0743423164920921
"2337","Ino80",6.50112296124987e-10,1.36192813555934,9.14413413680972,0.00249516687590012,0.077195832933776
"1310","Acrbp",6.48954851123024e-10,1.3614281876652,9.11160310852144,0.00253993178309612,0.0777789314395048
"1173","Sirt6",6.47117866800861e-10,1.36063299929542,9.06009202961975,0.00261248828554932,0.0791927004538738
"1666","Fgd4",6.46086489435706e-10,1.36018561114364,9.03123506928379,0.0026540510369005,0.079648071617384
"1913","Cep57l1",6.45336745541696e-10,1.35985996855717,9.01028683796316,0.00268464283369249,0.0797684469694173
"103","Stambpl1",6.4282480058508e-10,1.35876634227854,8.94027906268564,0.00278950100437473,0.0820714952365545
"381","Zbtb25",6.41702889542541e-10,1.35827660004243,8.90909966503629,0.00283753128340697,0.0826740910825662
"1395","Mlkl",6.39843405632011e-10,1.35746311742246,8.85754208175716,0.00291880338958764,0.084224317039928
"2593","Cdkal1",6.38817594012382e-10,1.35701339824806,8.82916361936719,0.00296454225467878,0.0847294410122955
"2566","Lrrc16a",6.36159213526097e-10,1.35584479583073,8.75583301695427,0.00308613375706737,0.0873725226882941
"1211","Fam123b",6.3371969922139e-10,1.35476836802033,8.68880883714706,0.00320169797973275,0.0889267049246372
"2537","Uhrf1bp1",6.33438614400835e-10,1.35464409064233,8.6811027467748,0.00321526381411733,0.0889267049246372
"823","Ap1g2",6.33136005797881e-10,1.35451023902038,8.67281039190336,0.00322992696993851,0.0889267049246372
"2610","Rrm1",6.25530191871978e-10,1.35112613073785,8.4656903654128,0.00361907867299879,0.0987350463424488
"2510","Zfp691",6.22323994872417e-10,1.34968799783971,8.37912984248647,0.00379554100209455,0.102616383308881
"990","Zfp60",6.19484998541296e-10,1.34840875905977,8.30285427286334,0.00395828201879517,0.105901605706666
"1328","Llgl1",6.18371536989703e-10,1.34790553662816,8.27303401691137,0.00402382089494516,0.105901605706666
"2383","Caln1",6.17005108354084e-10,1.34728682446814,8.23651221731068,0.0041055950789388,0.105901605706666
"1916","Tmem216",6.16275471123221e-10,1.3469559217824,8.21704361800685,0.00414987531897869,0.105901605706666
"1915","Fam110a",6.15016737936466e-10,1.34638420051181,8.18351152657399,0.0042272850102339,0.105901605706666
"2005","C920021L13Rik",6.14968487514519e-10,1.3463622631571,8.18222752121038,0.00423027821590887,0.105901605706666
"712","Rfx3",6.14784009856884e-10,1.34627837435337,8.17731926396443,0.00424173998520614,0.105901605706666
"469","Bend3",6.14640486418412e-10,1.34621309261418,8.17350166310089,0.00425067670337277,0.105901605706666
"593","Cyp2j9",6.14347030148038e-10,1.34607956930296,8.16569875139265,0.00426900240313772,0.105901605706666
"2426","1110028C15Rik",6.13740588717116e-10,1.34580344733245,8.14958546803526,0.00430710054765126,0.105901605706666
"1294","Ccdc62",6.13452089870076e-10,1.3456719995978,8.14192557570555,0.00432533274657982,0.105901605706666
"1992","Rhobtb2",6.12572617008658e-10,1.34527093032014,8.1185970393173,0.00438134521014242,0.105901605706666
"594","Rhbdl1",6.12497119228139e-10,1.34523647561966,8.11659597603406,0.00438618407504929,0.105901605706666
"1749","Nrg4",6.12109616445768e-10,1.3450595693963,8.106329124151,0.00441109653893144,0.105901605706666
"1508","Lsm11",6.11363288506209e-10,1.3447185529353,8.08657353964299,0.00445943945113344,0.106212522165488
"2102","Gimap4",6.07532945865265e-10,1.34296220269097,7.98556218667559,0.00471518511626011,0.111419453022808
"2460","Alg12",6.05760788095218e-10,1.34214608747894,7.93904278015343,0.00483794192553433,0.113427060301004
"1473","Nlrc5",6.04499623147595e-10,1.34156392997272,7.90601977848102,0.00492705578170179,0.114620886828582
"2175","Yeats2",6.00713546973515e-10,1.33980939741569,7.80729661943186,0.00520356905644709,0.120122390295367
"1561","Sorbs3",5.89797254937998e-10,1.33469191100243,7.52612316708232,0.00608106293121438,0.138976728860237
"2476","Pyroxd1",5.89428117771467e-10,1.33451731347806,7.51670534640367,0.00611293842370921,0.138976728860237
"2530","Tbc1d23",5.87136865991922e-10,1.33343127896172,7.45838037132787,0.00631417921539458,0.142472570115783
"2295","Polr3g",5.85009263928523e-10,1.33241924778426,7.40442458968884,0.00650636512674702,0.145713445860954
"912","Dffb",5.83863380807594e-10,1.3318727571932,7.37544626029353,0.00661203812655595,0.146983158650329
"2437","2810008D09Rik",5.82151328874516e-10,1.33105437411314,7.33225590355819,0.00677279967135568,0.149449792748076
"1334","Abcd1",5.81369535570494e-10,1.33067991571536,7.31257559290236,0.00684737149702325,0.149992422354502
"2571","Nup214",5.77801147031454e-10,1.32896473147835,7.22308335840192,0.00719719758505144,0.156512970672024
"2255","Slc38a6",5.76586049022283e-10,1.32837841340692,7.19273545884486,0.00731993075916426,0.158036778476633
"1767","Pld2",5.72735767608456e-10,1.32651286253766,7.09699401974984,0.00772133398445568,0.165385288284733
"1161","Qsox2",5.72276399648542e-10,1.32628950317597,7.08561416733107,0.00777051837659023,0.165385288284733
"1712","6330416G13Rik",5.704479376831e-10,1.32539877657638,7.04040846350487,0.00796908550202297,0.168417081630781
"1963","Ovca2",5.68372379628235e-10,1.32438442734186,6.98926902919886,0.00819998350958377,0.171936401401194
"2699","Bloc1s3",5.67927940112261e-10,1.32416677304831,6.97834276689223,0.00825019720152348,0.171936401401194
"2245","Zfp53",5.65843041054323e-10,1.32314360313922,6.92720094472734,0.00848944503772069,0.175702238332412
"1884","Nup205",5.65035231517572e-10,1.32274621770453,6.90743622484254,0.00858379844413802,0.176438213225056
"1971","BC027231",5.62796068389994e-10,1.32164191495831,6.8527981102526,0.00885025577915805,0.17979906504744
"1468","Gga3",5.62656291323795e-10,1.32157284360951,6.84939458588395,0.00886713149850754,0.17979906504744
"1925","Invs",5.62026555582028e-10,1.3212614576632,6.83407121750538,0.00894351846583431,0.180130865207844
"1541","4930444A02Rik",5.59936649238085e-10,1.32022570965738,6.78334046946454,0.00920125333216948,0.184086408332271
"2926","BC017158",5.57275772361629e-10,1.31890173144674,6.7190233830177,0.00953898476608593,0.18957942571539
"442","Tsga14",5.56121228056802e-10,1.31832541692962,6.69121175078572,0.00968893265009474,0.191097539280491
"1811","Amigo2",5.55100096088928e-10,1.31781476196571,6.66666193334219,0.00982330059753192,0.191097539280491
"2997","Rabepk",5.5473260409912e-10,1.31763076832489,6.65783781707897,0.00987206266730725,0.191097539280491
"969","D630045J12Rik",5.54599966823566e-10,1.31756433222651,6.65465440261896,0.0098897150425038,0.191097539280491
"2038","Dhx34",5.54113860963317e-10,1.31732072135255,6.64299393013727,0.00995465033615412,0.191097539280491
"2668","Map3k10",5.53200726292354e-10,1.31686256352002,6.62111774039169,0.0100776568186574,0.191097539280491
"2619","Aig1",5.53192654300545e-10,1.31685851030236,6.62092451859822,0.0100787501888185,0.191097539280491
"2627","H2-Q1",5.52853429051429e-10,1.31668812376384,6.61280692658912,0.0101247946503159,0.191097539280491
"1411","Exoc6b",5.50900124659658e-10,1.31570510316362,6.56616162891122,0.0103935873084111,0.194944721953385
"2384","Per2",5.4757281161881e-10,1.31402304641715,6.48708487174552,0.0108661020504074,0.202541442566911
"2280","Gca",5.45186287738732e-10,1.31281067259758,6.4306618886755,0.0112166771669245,0.206440198125569
"2312","Hps5",5.45180643826443e-10,1.31280779954824,6.43052874554769,0.0112175180143532,0.206440198125569
"2995","Steap2",5.44751369178652e-10,1.31258919429196,6.42040594973374,0.0112816369518805,0.206440198125569
"1416","Prosapip1",5.42614605729774e-10,1.31149865220265,6.37013720819737,0.0116056621982329,0.210298276793969
"2087","Dot1l",5.42117605078106e-10,1.31124442015106,6.35847326697771,0.0116822023676925,0.210298276793969
"1792","Klhl26",5.41984977120471e-10,1.31117653967046,6.35536247272205,0.0117027031738063,0.210298276793969
"1043","Zfp354a",5.40406079819037e-10,1.31036724331499,6.31838783688154,0.0119492219700009,0.212723889257624
"370","Ncam2",5.39911374884558e-10,1.31011321577125,6.30682502492348,0.0120274036402544,0.212723889257624
"1713","Zxdb",5.39766802082795e-10,1.31003893742012,6.30344790293587,0.0120503369456168,0.212723889257624
"2505","Rbbp8",5.32258750123268e-10,1.30615558466621,6.12930802561963,0.0132958900036793,0.233338981877435
"1077","Lin9",5.21413783238284e-10,1.30045460708876,5.88207885209867,0.0152957518381435,0.266875298059702
"2592","Trmt61a",5.16546626634144e-10,1.29785979865479,5.77277840545713,0.0162762817322191,0.282341742649651
"2708","Rab3a",5.15925453478982e-10,1.29752698633793,5.75890264407433,0.0164053146344283,0.282944535735169
"2828","Oraov1",5.13559410935894e-10,1.29625585576955,5.70620291982013,0.0169050665318674,0.28969254841739
"1816","Mapk1ip1",5.12477281164162e-10,1.29567266175829,5.68218098053204,0.01713805143295,0.28969254841739
"2744","Mllt1",5.12297813545123e-10,1.29557582932685,5.67820192050489,0.0171769623325617,0.28969254841739
"2799","2410002I01Rik",5.12271393985799e-10,1.2955615718673,5.67761627785594,0.0171826969737739,0.28969254841739
"1777","Alkbh1",5.11098063297965e-10,1.29492768106626,5.65163750047584,0.0174390800983076,0.292372510474978
"2963","Gpatch2",5.10260335199174e-10,1.29447426355792,5.63312576760721,0.0176241775984898,0.293834205405933
"2979","Zfp295",5.05892052745208e-10,1.29209857314539,5.53708947596014,0.0186175215250626,0.308680564070236
"2881","Fam118b",4.99568713089688e-10,1.28862531523305,5.39953413219109,0.0201421273210514,0.332123758738876
"1246","Fem1c",4.98437431807047e-10,1.28799958458884,5.37510715963001,0.0204260862072032,0.334965490206649
"1842","Slc19a1",4.97711521047081e-10,1.28759736919704,5.35946223972055,0.0206101280889573,0.336146708668265
"1927","Slc12a9",4.95942163408955e-10,1.28661468706385,5.32142434255292,0.021064786333932,0.341041102197903
"1848","Lmnb2",4.95662272723707e-10,1.28645893765187,5.31541962292742,0.0211375025021026,0.341041102197903
"2334","Ndor1",4.9313156837762e-10,1.28504693199551,5.2612802786797,0.021804972976927,0.349929004832929
"2702","Rnf41",4.86450358608358e-10,1.28128623711563,5.11968078548303,0.0236559678175618,0.377614677768633
"2940","Fam187b",4.85099292209387e-10,1.28051986858479,5.0912814929812,0.0240464161778031,0.379575197802962
"2525","9430008C03Rik",4.8495361959712e-10,1.28043711884289,5.08822418521532,0.0240888463853676,0.379575197802962
"1605","Zfp652",4.8471587183378e-10,1.28030201546086,5.0832364200339,0.0241582348485058,0.379575197802962
"2800","Zfyve26",4.83704150249046e-10,1.27972639509528,5.06203862917107,0.0244554545422507,0.381151236684624
"2882","Fastkd5",4.83510991863263e-10,1.27961636900468,5.05799657172096,0.0245125587071418,0.381151236684624
"2265","Pacrgl",4.82151973920926e-10,1.27884108328881,5.02960322445332,0.0249176062735942,0.385452249624001
"2781","Nat10",4.81209226974447e-10,1.27830206476052,5.00995378736973,0.0252019800200131,0.386229857285152
"1047","Tctex1d2",4.80781200850263e-10,1.27805701247492,5.00104524079588,0.0253320159431981,0.386229857285152
"2688","Celsr1",4.80709105009153e-10,1.27801571623663,4.99954548361387,0.0253539759697351,0.386229857285152
"2601","Sox6",4.7703886718835e-10,1.27590570399958,4.92349337234796,0.0264938940440307,0.399897879600761
"2615","Spsb4",4.76963621145185e-10,1.27586228611853,4.92194027384022,0.0265177201068149,0.399897879600761
"1303","Gngt1",4.76200110925342e-10,1.27542136775579,4.90619507348819,0.0267605282068766,0.401541725744183
"1753","Crebl2",4.74597178120889e-10,1.27449353113088,4.87322126742386,0.0272765387610349,0.406732864038831
"1225","Nrp",4.7407942643199e-10,1.27419320927153,4.86259439315401,0.0274450358746523,0.406732864038831
"725","4732491K20Rik",4.73871101346377e-10,1.27407228350832,4.85832178495793,0.0275130861045927,0.406732864038831
"970","Acpp",4.72111374153668e-10,1.27304882644477,4.82230588562105,0.0280937379606338,0.413280919705206
"1237","Ccdc134",4.71212298263206e-10,1.27252454221494,4.80395644149114,0.0283944586655504,0.415667172952765
"1823","Abhd10",4.70190717472073e-10,1.27192768092912,4.78314921804416,0.0287395163454991,0.418676158023509
"2631","Chd7",4.69598230910306e-10,1.27158096156809,4.77110233578791,0.0289412891958312,0.419578786843911
"2587","Tlr3",4.63466083193726e-10,1.26796816901535,4.64731106669011,0.0311022311755929,0.448739402682473
"1862","Dgcr8",4.62894301459396e-10,1.26762901863103,4.63585129198637,0.0313106071080506,0.449584363307463
"2683","Tmtc3",4.59249733810105e-10,1.26545797619913,4.56313853614352,0.0326671567138277,0.466829225229509
"2371","Tmem2",4.5717906815251e-10,1.26421728599025,4.522082734333,0.0334600752534874,0.475894245666898
"2823","Alyref2",4.49944016608647e-10,1.25984045152386,4.38008753026858,0.0363611301263433,0.513948634782127
"2264","Ercc4",4.49662549518897e-10,1.25966884764783,4.37460922704252,0.0364781936716405,0.513948634782127
"482","5730408K05Rik",4.48335514097392e-10,1.25885842561264,4.34882680323101,0.037034449845027,0.519347588714608
"2895","Tia1",4.46686649396983e-10,1.25784832171639,4.31689785313832,0.0377356558660177,0.525723695882942
"2981","Dopey1",4.46444700209793e-10,1.25769980812129,4.31222259786487,0.0378394929392588,0.525723695882942
"2196","Fert2",4.43692103669729e-10,1.25600486977411,4.25921170182909,0.0390380329200798,0.537864304305204
"1980","Fuca2",4.43615639491035e-10,1.25595764555303,4.25774379622966,0.0390717821854497,0.537864304305204
"2913","Mapk8ip3",4.4299674577861e-10,1.25557513602654,4.24587202027716,0.039345858576497,0.539164025516289
"2812","Med24",4.38762714414734e-10,1.25294475322514,4.16509831114721,0.0412650181973413,0.562892361864642
"2861","Cog1",4.35279921172977e-10,1.25076316781096,4.09923764204341,0.0429025544128363,0.582581745669329
"2942","Pycr2",4.34767018476583e-10,1.25044050872296,4.08958283733544,0.0431482903639413,0.583068824138241
"1600","Etv5",4.34395547664869e-10,1.25020659922752,4.08259743321815,0.0433270069253008,0.583068824138241
"2896","Ehbp1",4.31801529420834e-10,1.24856793670818,4.03398408121868,0.0445925161652594,0.597420272374747
"2159","Cblb",4.30302308907578e-10,1.24761665161112,4.00602062023804,0.045338039719986,0.604708698665235
"2704","Git2",4.28796938206421e-10,1.24665833110397,3.97804030357975,0.046097164817636,0.611788434932535
"1524","Rsad1",4.28345889722087e-10,1.24637057875642,3.96967575994734,0.0463266921299913,0.611788434932535
"2636","Csgalnact2",4.27777531128562e-10,1.24600758191784,3.95914827481881,0.0466172850499485,0.611788434932535
"2082","Tmem186",4.2764690390365e-10,1.2459240895517,3.95673069300598,0.0466842891034823,0.611788434932535
"2223","Ipo7",4.21008727360664e-10,1.24164938656946,3.83484685445066,0.050197576643524,0.653289239644898
"2304","Ganc",4.20845819364705e-10,1.24154368801069,3.83187966490248,0.0502865092828962,0.653289239644898
"2728","2610008E11Rik",4.19544608095995e-10,1.24069805127942,3.8082207544678,0.0510016002392401,0.659723285853274
"2486","Lrrc61",4.18110221495857e-10,1.23976301075573,3.78222531619671,0.0517997265942017,0.667171585876392
"2897","Supt7l",4.17412137149142e-10,1.23930685817499,3.76960611677555,0.0521919218150445,0.669350245157899
"2331","Ugt1a5",4.15408076373885e-10,1.2379933484188,3.73349607649522,0.0533316569505298,0.68105660641932
"1089","Ercc8",4.14778633433165e-10,1.23757956964169,3.72219036310709,0.0536938910752027,0.68277697930798
"2251","3110052M02Rik",4.14381642136917e-10,1.23731829532029,3.71506863646163,0.0539234077151756,0.682802306131823
"2605","Proca1",4.13904405952798e-10,1.23700389800475,3.70651640319199,0.0542004005223108,0.683426058686784
"2020","Tfb1m",4.13295936124455e-10,1.23660255210738,3.69562671157962,0.0545552836667202,0.685022620434424
"2332","Cux2",4.11684198868666e-10,1.23553676802396,3.66685911607369,0.0555046881014869,0.694039870802342
"2443","Bzw2",4.10828730162681e-10,1.2349694863124,3.65163567999267,0.0560141752661777,0.697504315243981
"2457","Zfp217",4.0999148574152e-10,1.23441321575314,3.63676721502075,0.0565165739544597,0.700852224947659
"1167","Zfp821",4.09191144697447e-10,1.23388046708435,3.6225824661224,0.0570003291020948,0.701306730194984
"1671","Dtwd2",4.09157719537943e-10,1.23385819630317,3.62199066225356,0.0570206071867964,0.701306730194984
"2479","Scaf4",4.08221880845121e-10,1.23323396451788,3.60544094342789,0.0575907944099255,0.705428465404842
"2664","Ung",4.0347645123925e-10,1.23004781694172,3.52210429764456,0.0605555177273455,0.738728084145382
"514","Ppp1r16b",4.02945681249887e-10,1.22968926777852,3.51284379360929,0.0608948460878899,0.739860053075942
"2478","Abhd2",4.02088874743351e-10,1.22910953654284,3.49792055420307,0.06144593699572,0.742485310935339
"1693","Zfp383",4.01841603407506e-10,1.22894201270201,3.49361966656804,0.0616057455591134,0.742485310935339
"2632","Arl15",3.92139494915645e-10,1.2222914056996,3.32695554487744,0.0681529199475507,0.818107651050399
"1897","Nckap1",3.88734358683488e-10,1.2199206154977,3.26942728988787,0.0705822602285154,0.843893876277986
"1149","E330033B04Rik",3.87170150754788e-10,1.21882501636559,3.24316887013593,0.0717217917668796,0.850629236923151
"2481","Zbtb39",3.86886850516622e-10,1.21862614388216,3.23842442192514,0.0719297806052682,0.850629236923151
"1680","Gas7",3.86796871275652e-10,1.21856295123483,3.23691826018162,0.0719959434116896,0.850629236923151
"531","Tshz2",3.83618820978355e-10,1.21632210799684,3.1839456084018,0.0743649589407239,0.875173497180833
"1409","Caskin2",3.8296224060087e-10,1.21585698371739,3.1730560112793,0.0748622481864386,0.877584401591806
"2961","Helz",3.78828331076637e-10,1.21291120998566,3.10492224628887,0.0780559583137045,0.911462766145631
"2259","Nucb2",3.78058138001624e-10,1.21235904982777,3.09230989151858,0.0786630689459889,0.914991743825243
"2511","Ctf1",3.72045858379382e-10,1.20801215043108,2.99473760607002,0.0835354442415825,0.967914548915015
"2071","Zfp777",3.7135161415143e-10,1.20750597310145,2.9835715659119,0.0841134731024916,0.970863587617605
"2523","Fut8",3.69028089138606e-10,1.20580539773395,2.94635231019845,0.08607163013657,0.989658858390217
"1937","Taf1a",3.6838246765866e-10,1.20533108787259,2.93605193251434,0.086622219512291,0.990942408690381
"2400","Nfrkb",3.68123728981504e-10,1.20514078500971,2.93192902506268,0.0868436699385439,0.990942408690381
"2440","Mettl13",3.66386327573702e-10,1.2038596633725,2.90431919440287,0.0883425481873478,0.999999999237769
"2784","Elf2",3.6191451241984e-10,1.20053585191039,2.83385629950601,0.0922964915955361,0.999999999237769
"1426","Ntn3",3.61738742709456e-10,1.20040442044115,2.8311043504835,0.0924547627547505,0.999999999237769
"2908","8430410A17Rik",3.55414047900608e-10,1.19563483380367,2.73297089438991,0.0982962797053042,0.999999999237769
"2629","Hira",3.53962597653895e-10,1.19452903887582,2.71069450157861,0.0996775878183063,0.999999999237769
"2594","Tsen54",3.49642440782504e-10,1.19121235469697,2.6449295832227,0.103880759941006,0.999999999237769
"2390","1110020A21Rik",3.4868440675085e-10,1.19047164492815,2.63045501881344,0.104831666783844,0.999999999237769
"2356","Masp1",3.44835205675204e-10,1.18747624133914,2.57269927606847,0.108722073136467,0.999999999237769
"2996","Rpgrip1",3.44569448207603e-10,1.18726827630324,2.56873535028006,0.108994835475851,0.999999999237769
"2421","Parp4",3.43547653020671e-10,1.18646728012157,2.55352315011236,0.110048607202298,0.999999999237769
"2950","Mafk",3.43126189332279e-10,1.18613623913152,2.54726167735889,0.110485598490732,0.999999999237769
"1793","Mx2",3.42695957235688e-10,1.18579791734521,2.54087786460987,0.11093309368935,0.999999999237769
"2987","Rab11fip2",3.42148503111966e-10,1.18536683917665,2.532766283668,0.111504581964759,0.999999999237769
"2916","Zfp746",3.40819038468868e-10,1.18431728849205,2.51312170658869,0.11290208438683,0.999999999237769
"2938","Supt3h",3.40672461019542e-10,1.18420133746543,2.51096051419345,0.113057004347114,0.999999999237769
"2836","Tex10",3.38897597387035e-10,1.18279359430319,2.48486504835301,0.114946207425631,0.999999999237769
"2487","Tut1",3.3848180395358e-10,1.18246280577657,2.47877142734551,0.115392357451039,0.999999999237769
"2394","Defb1",3.36320651637183e-10,1.18073731720861,2.44721935721265,0.117733262826267,0.999999999237769
"2909","Derl3",3.34502974036341e-10,1.17927799197533,2.42083837065563,0.119730836997837,0.999999999237769
"2873","Ercc2",3.318423138004e-10,1.1771284087408,2.38248049230199,0.122702577437392,0.999999999237769
"2072","Polk",3.26011864409636e-10,1.17236081609451,2.29949589422571,0.129415994814265,0.999999999237769
"1751","Dync1li1",3.24186673293162e-10,1.17085190272476,2.27382032017156,0.131575207451668,0.999999999237769
"1019","Cyth3",3.24158630894922e-10,1.17082865755287,2.27342696274879,0.131608598267363,0.999999999237769
"681","Pcdh17",3.20343248005697e-10,1.1676482536778,2.22022494018291,0.136213212480063,0.999999999237769
"405","Ccdc80",3.19907782904019e-10,1.16728300513362,2.21419282716032,0.136746566844033,0.999999999237769
"127","Zfp334",3.19114153396569e-10,1.16661614337455,2.20322048351015,0.137722740905358,0.999999999237769
"1662","C1qtnf1",3.18566178412086e-10,1.1661547889052,2.19566034795278,0.138399886073859,0.999999999237769
"327","Dll4",3.18192873882365e-10,1.16584006760778,2.19051749371994,0.138862654004835,0.999999999237769
"402","Sh3tc1",3.18150328146302e-10,1.16580417665556,2.18993174239705,0.138915471498263,0.999999999237769
"28","Gm13889",3.18039860234474e-10,1.16571096653981,2.188411233593,0.139052681759543,0.999999999237769
"198","Vav3",3.16868865325477e-10,1.16472103838,2.17232582377567,0.140513577477642,0.999999999237769
"171","Mef2c",3.14908809170204e-10,1.16305635449042,2.14553422587613,0.142985256356108,0.999999999237769
"523","Mxra7",3.14874546321548e-10,1.16302716857337,2.14506737253206,0.143028757461774,0.999999999237769
"104","Mxra8",3.14382851871926e-10,1.16260800301495,2.13837331464329,0.143654146132782,0.999999999237769
"512","Lyve1",3.14203050306549e-10,1.16245457007746,2.13592806089937,0.143883359594792,0.999999999237769
"1439","Tfpi",3.13666164766741e-10,1.16199593040137,2.12863488439108,0.144569457526232,0.999999999237769
"1139","Lhfpl2",3.12796705900187e-10,1.16125162267529,2.1168504103386,0.145685872176691,0.999999999237769
"2282","Stab1",3.12170768970711e-10,1.16071458167281,2.10838683589156,0.146493674087338,0.999999999237769
"207","Mbnl3",3.11995323076134e-10,1.16056387148231,2.10601759505487,0.14672070923059,0.999999999237769
"318","Myzap",3.11804020276586e-10,1.16039944939664,2.10343573875711,0.146968570557878,0.999999999237769
"628","Akap12",3.10990082781217e-10,1.15969882211071,2.09246839705265,0.148026728730162,0.999999999237769
"766","Eif2c3",3.10547034327141e-10,1.15931672827861,2.08651062171747,0.148605154499788,0.999999999237769
"19","Tmcc2",3.10414066930771e-10,1.15920195478841,2.08472423538171,0.148779087544024,0.999999999237769
"812","Fgd5",3.09481210775589e-10,1.15839544217839,2.07221303911694,0.150003718734068,0.999999999237769
"301","Plekhg1",3.0796359464457e-10,1.15707848291935,2.05193967115385,0.152012415503003,0.999999999237769
"35","Pxdn",3.07694044798514e-10,1.15684393614486,2.04834925996589,0.152371320053203,0.999999999237769
"941","Wnt2",3.06990369631371e-10,1.15623072903862,2.03899110453713,0.153311300116907,0.999999999237769
"45","Hecw2",3.06614154337857e-10,1.15590234084687,2.03399661823296,0.153815660100349,0.999999999237769
"2736","AI413582",3.05144865336084e-10,1.15461620747482,2.01454958140931,0.15579749871338,0.999999999237769
"2402","C030048B08Rik",3.03021461597981e-10,1.15274719819598,1.9866099433679,0.158695791387368,0.999999999237769
"2988","Rest",3.02681402377627e-10,1.15244673919698,1.9821535860137,0.159163714702507,0.999999999237769
"2681","Tep1",3.02596255433901e-10,1.15237145813411,1.98103854835583,0.159281040612645,0.999999999237769
"2701","Prr3",3.02342347234588e-10,1.15214685197231,1.97771536845946,0.159631294977311,0.999999999237769
"1954","Zfp959",3.01707223215399e-10,1.151584248149,1.9694150081572,0.160509969237845,0.999999999237769
"1033","Rec8",3.01025953093221e-10,1.15097953113544,1.96053097302041,0.161456543246317,0.999999999237769
"133","0610043K17Rik",3.00729779428667e-10,1.15071623755944,1.95667501317492,0.161869366653629,0.999999999237769
"1744","Rbm41",3.00538296413792e-10,1.15054588278829,1.95418406764934,0.162136690166341,0.999999999237769
"2774","Rcor1",3.0041994583239e-10,1.1504405401019,1.95264527352512,0.16230208227588,0.999999999237769
"2022","Atxn7l1",3.00120773066815e-10,1.15017407571039,1.94875813208715,0.162720736692453,0.999999999237769
"1209","Hirip3",2.98399000121323e-10,1.14863568318488,1.92646247841601,0.165145987695601,0.999999999237769
"2746","Fbxl14",2.96870273119703e-10,1.14726278207787,1.90677413256533,0.16732203392862,0.999999999237769
"1723","Slc1a4",2.96617646300088e-10,1.14703526775988,1.90353030944091,0.167683696844236,0.999999999237769
"2362","Prss36",2.95303774361899e-10,1.14584906336213,1.88670423053281,0.169574120565856,0.999999999237769
"2921","Tpm2",2.94778275266963e-10,1.14537324008036,1.87999534775726,0.170334676496195,0.999999999237769
"2073","1500011H22Rik",2.94722497854686e-10,1.1453226886516,1.8792839564265,0.170415553076066,0.999999999237769
"1898","G2e3",2.92898724242437e-10,1.14366482771175,1.85609750818808,0.173075880246634,0.999999999237769
"2790","Ahcyl2",2.92453132672368e-10,1.14325830096479,1.85045438158135,0.173730556340743,0.999999999237769
"1663","AW549542",2.92038423316051e-10,1.14287942670691,1.8452100770519,0.174341520026651,0.999999999237769
"874","2810001G20Rik",2.91938308355487e-10,1.14278788708159,1.8439451649392,0.174489252860912,0.999999999237769
"2626","Rhbg",2.91772670306584e-10,1.14263637206571,1.841853347422,0.174733878872117,0.999999999237769
"2222","A430107O13Rik",2.91316491746037e-10,1.14221867187421,1.83609847543817,0.175408919035534,0.999999999237769
"394","A930013F10Rik",2.90438033949001e-10,1.1414125803404,1.82504175064341,0.176714313555085,0.999999999237769
"2756","Ttc7b",2.90145422836709e-10,1.14114356638585,1.8213662094079,0.17715073914185,0.999999999237769
"2306","Lmbr1",2.89192214208471e-10,1.14026545967547,1.80941847565599,0.17857800494025,0.999999999237769
"2267","A730011L01Rik",2.88837894859176e-10,1.13993836439619,1.80498737966476,0.179110712552176,0.999999999237769
"2250","Ccdc162",2.88692599248952e-10,1.13980412373188,1.80317189225633,0.179329501099425,0.999999999237769
"2761","Etv6",2.88474530877018e-10,1.13960252831338,1.80044881414838,0.17965824490656,0.999999999237769
"1463","Cdk5rap1",2.86533863908682e-10,1.13780213713956,1.7763058256964,0.182603604836917,0.999999999237769
"2578","D19Ertd386e",2.85957715526207e-10,1.13726543207741,1.76916958848535,0.183484882394262,0.999999999237769
"2042","Mier2",2.85853249297007e-10,1.13716800903322,1.76787719659174,0.183645011004673,0.999999999237769
"2270","Amigo1",2.85385134559979e-10,1.1367310444189,1.76209176819373,0.184363820989649,0.999999999237769
"474","A430033K04Rik",2.82107813753263e-10,1.13365284454017,1.72185294675496,0.189454704672149,0.999999999237769
"1146","Dclre1b",2.81986589491251e-10,1.13353834340112,1.72037347333426,0.189644977845198,0.999999999237769
"2835","Med23",2.64672382164965e-10,1.11669051304447,1.51559470750917,0.218287364466596,0.999999999237769
"2901","Col5a3",2.62936771611384e-10,1.11494504791188,1.49578261115017,0.221321418101565,0.999999999237769
"1643","Zdhhc8",2.45087428220092e-10,1.09633915202228,1.29959459628961,0.254287288527052,0.999999999237769
"900","Tbc1d20",2.43578133936062e-10,1.09470810478558,1.28363758733172,0.257223781510386,0.999999999237769
"1102","Isg20",2.43105150027247e-10,1.09419501473597,1.27865725156217,0.258148845981396,0.999999999237769
"2568","Vps18",2.41890544815938e-10,1.09287311659969,1.26591228057284,0.260534936300743,0.999999999237769
"1174","Gimap8",2.41730927765979e-10,1.09269893705618,1.26424214901377,0.26084963450228,0.999999999237769
"243","Nek3",2.41588378817901e-10,1.09254329159241,1.26275153915894,0.261130903693525,0.999999999237769
"2185","Arhgap32",2.41257853198447e-10,1.09218206764742,1.25929867254167,0.261783884055164,0.999999999237769
"895","Kalrn",2.4081575538868e-10,1.09169818266646,1.25468764679364,0.262659047141762,0.999999999237769
"2182","Cep170",2.406950333093e-10,1.09156590508919,1.25343000037836,0.262898375569456,0.999999999237769
"1176","Pard3b",2.39742491912182e-10,1.09051999861977,1.24352882831378,0.264792044823971,0.999999999237769
"524","Lama4",2.39681339515132e-10,1.0904527191851,1.24289452215075,0.264913937182384,0.999999999237769
"1945","Klf4",2.393498141879e-10,1.09008769688612,1.23945857639746,0.265575424868374,0.999999999237769
"1277","Gab1",2.39204546594135e-10,1.08992760216369,1.23795451401819,0.265865633306759,0.999999999237769
"1756","Bgn",2.38873411389274e-10,1.08956232763335,1.23452944045298,0.266527974757866,0.999999999237769
"631","Ifi44",2.38826754193193e-10,1.08951082201201,1.23404722640833,0.26662139033638,0.999999999237769
"741","Gls",2.38226237939861e-10,1.08884705877349,1.22784914582918,0.267825736116898,0.999999999237769
"232","Efnb2",2.38033376459639e-10,1.08863355195755,1.22586188405283,0.268213315107942,0.999999999237769
"1378","Prex2",2.37747735848805e-10,1.08831703594041,1.22292157502062,0.268788052887097,0.999999999237769
"60","Zfp503",2.37216938956083e-10,1.08772791586373,1.2174670679398,0.269858314310571,0.999999999237769
"1444","Bace2",2.37122545503458e-10,1.0876230211274,1.21649835081683,0.270048948336827,0.999999999237769
"226","Maml2",2.36808669147599e-10,1.08727394412903,1.21327995286618,0.27068350714034,0.999999999237769
"1137","Kit",2.36782896711201e-10,1.08724526208612,1.21301587909741,0.27073565622979,0.999999999237769
"81","1200009I06Rik",2.36776384763021e-10,1.08723801450125,1.21294915985344,0.270748833883897,0.999999999237769
"1403","Amotl1",2.36368104869152e-10,1.08678323863235,1.20876972454543,0.271575911735505,0.999999999237769
"1115","Cdkn1c",2.35959715321268e-10,1.08632760294199,1.20459638258072,0.272404941087858,0.999999999237769
"965","Icam2",2.35756183473503e-10,1.08610024847626,1.20251918065298,0.272818756013565,0.999999999237769
"1092","Hmha1",2.35676558238325e-10,1.08601125331192,1.20170703056203,0.272980764650131,0.999999999237769
"527","She",2.35437643187901e-10,1.08574405448448,1.19927182553018,0.273467265483608,0.999999999237769
"1591","Csf1",2.35406089940655e-10,1.08570874682012,1.19895039532724,0.27353156139663,0.999999999237769
"2232","Ltbp4",2.35101772882923e-10,1.08536799204138,1.1958525551403,0.274152197393256,0.999999999237769
"264","Wisp1",2.35076935583911e-10,1.08534016256505,1.19559989708329,0.274202893976538,0.999999999237769
"1140","Nav1",2.3474169443806e-10,1.08496426446852,1.19219225966768,0.274887797172566,0.999999999237769
"1609","Col4a1",2.34534167665488e-10,1.0847313171248,1.19008524200693,0.275312362640394,0.999999999237769
"1369","Pecam1",2.3424490132449e-10,1.08440629493479,1.18715143229521,0.275904900070259,0.999999999237769
"2395","Sdpr",2.34117626011819e-10,1.08426316800566,1.18586172207604,0.276165888069765,0.999999999237769
"2128","Plxnd1",2.3403638518223e-10,1.08417177080079,1.18503885644009,0.276332566757832,0.999999999237769
"1015","Abcg1",2.33947085081585e-10,1.08407127245143,1.18413469019534,0.276515859464341,0.999999999237769
"180","Nphp1",2.33919477926751e-10,1.08404019607325,1.18385523673788,0.276572541232267,0.999999999237769
"2015","Ramp2",2.33768494097837e-10,1.08387017814792,1.18232748613686,0.2768826745417,0.999999999237769
"2246","Nod1",2.33637786749504e-10,1.08372290970459,1.18100570248604,0.277151349605122,0.999999999237769
"2693","Gpr182",2.33621083069561e-10,1.08370408403943,1.18083683908124,0.277185697596074,0.999999999237769
"2507","Crygn",2.33565423562302e-10,1.08364134460236,1.18027424458945,0.277300171885846,0.999999999237769
"835","Slc7a7",2.33380392654006e-10,1.08343267678538,1.1784049549589,0.277680954366135,0.999999999237769
"733","Tie1",2.33321980795386e-10,1.08336677083578,1.17781515211474,0.277801236370697,0.999999999237769
"1003","Ushbp1",2.33278250557878e-10,1.08331741999094,1.17737369083953,0.277891309123149,0.999999999237769
"747","Arap3",2.33186784484225e-10,1.08321416980569,1.17645059889738,0.27807976938803,0.999999999237769
"2929","Eng",2.33159480729001e-10,1.08318334098517,1.17617511468665,0.278136043968596,0.999999999237769
"2124","Fam167b",2.33113570941281e-10,1.08313149635652,1.175711975607,0.278230684106882,0.999999999237769
"2276","Flywch1",2.32995825904467e-10,1.08299848641697,1.17452457765407,0.278473508275663,0.999999999237769
"863","Ifit2",2.32933542529352e-10,1.08292810289752,1.17389672454075,0.278602012828794,0.999999999237769
"1879","Clec14a",2.32873283852906e-10,1.08285999059276,1.17328944134372,0.278726378371159,0.999999999237769
"1924","Klhl36",2.32786952818086e-10,1.08276237905663,1.17241967634079,0.278904619449,0.999999999237769
"939","Rasip1",2.32716545263517e-10,1.0826827465124,1.17171057544027,0.279050041924595,0.999999999237769
"2543","Gpihbp1",2.32487091024107e-10,1.08242307164032,1.16940114431616,0.279524323388227,0.999999999237769
"1635","Fyn",2.32481629566319e-10,1.08241688794421,1.16934620311539,0.279535618883802,0.999999999237769
"331","Fam164a",2.3238745438937e-10,1.0823102373439,1.16839902220439,0.279730442665131,0.999999999237769
"931","Emilin1",2.32327760200702e-10,1.08224261444875,1.167798837708,0.279853982089601,0.999999999237769
"2922","Tinagl1",2.32320585665138e-10,1.08223448587942,1.16772671300867,0.279868832563174,0.999999999237769
"2012","Zswim6",2.32295194158243e-10,1.08220571604595,1.16747147328912,0.279921394399545,0.999999999237769
"2122","Golt1b",2.32266067502217e-10,1.08217271047119,1.16717872157471,0.2799816964638,0.999999999237769
"1935","Cd55",2.32067167338421e-10,1.08194721811361,1.16518055937962,0.280393723271734,0.999999999237769
"455","Neurl3",2.31967255904007e-10,1.08183388049517,1.16417748942845,0.280600847710677,0.999999999237769
"629","Gja4",2.31804942326798e-10,1.08164965743142,1.16254884834022,0.280937558284415,0.999999999237769
"577","LOC545261",2.31798787903383e-10,1.08164266988827,1.16248711779382,0.280950330692161,0.999999999237769
"2126","Elk3",2.31692159460727e-10,1.08152157960025,1.16141786559999,0.281171681584904,0.999999999237769
"1714","Gbp3",2.31161223303891e-10,1.08091785423006,1.15610105032597,0.282275618373809,0.999999999237769
"54","Slco3a1",2.30806390560767e-10,1.08051364986497,1.15255454148554,0.283015032466072,0.999999999237769
"2417","Nsun6",2.30363608106891e-10,1.08000844018364,1.14813662728829,0.283939558723549,0.999999999237769
"897","Fam72a",2.30062731580965e-10,1.07966462354503,1.14513943715759,0.284568952012135,0.999999999237769
"756","Arid3a",2.29896153371656e-10,1.07947409041419,1.14348174825833,0.28491781693961,0.999999999237769
"696","Peg13",2.29760372191212e-10,1.07931868728928,1.14213142161265,0.285202397533321,0.999999999237769
"1384","C920006O11Rik",2.29642239900687e-10,1.07918341343437,1.14095725990574,0.285450144538427,0.999999999237769
"2720","Cabin1",2.29631646896428e-10,1.07917128014562,1.14085200151459,0.285472367289908,0.999999999237769
"1599","Chrd",2.29598481013024e-10,1.07913328835444,1.14052247696922,0.285541952582783,0.999999999237769
"113","Gnb1l",2.29536747649895e-10,1.07906255857172,1.13990924274928,0.285671505796054,0.999999999237769
"1279","Ifit3",2.29374369746774e-10,1.07887643207293,1.13829703377145,0.286012460614887,0.999999999237769
"1012","Samd4",2.28863911798992e-10,1.07829051107724,1.13323625718484,0.287086090697842,0.999999999237769
"2762","Snx16",2.28468017152604e-10,1.07783524516327,1.12931904605755,0.287920634191343,0.999999999237769
"388","Agbl5",2.28303227073466e-10,1.07764552382013,1.12769051650049,0.288268492492122,0.999999999237769
"1701","Sh2b3",2.28039042296851e-10,1.0773411020716,1.12508217582739,0.288826755899008,0.999999999237769
"867","2010107G23Rik",2.27971548330757e-10,1.07726327530866,1.12441628090144,0.288969497886071,0.999999999237769
"1615","Tecpr1",2.27633470042707e-10,1.07687311434467,1.12108376978182,0.28968520992957,0.999999999237769
"345","I830012O16Rik",2.27510113522947e-10,1.07673061878119,1.11986904928314,0.289946652762733,0.999999999237769
"1346","Ints10",2.27469149215131e-10,1.07668328273976,1.11946580979845,0.290033507978816,0.999999999237769
"1408","Tmem67",2.27423511459377e-10,1.07663053690895,1.11901665190407,0.290130292768873,0.999999999237769
"30","Cdca8",2.2731471448234e-10,1.07650475476093,1.11794625678708,0.290361108102326,0.999999999237769
"602","Gm20571",2.27280842949703e-10,1.07646558374474,1.11761311749151,0.290432992568161,0.999999999237769
"1170","Fam129b",2.27205231314313e-10,1.0763781222815,1.11686962764879,0.290593503912511,0.999999999237769
"2189","Lpl",2.27112061245837e-10,1.07627031308092,1.11595382581289,0.290791371051533,0.999999999237769
"987","Dync2h1",2.2699864191011e-10,1.0761390169938,1.11483949365161,0.291032364248578,0.999999999237769
"1656","Prom1",2.26862756018621e-10,1.07598163220849,1.11350516306319,0.291321271151506,0.999999999237769
"959","1110028F11Rik",2.26580101674903e-10,1.07565397487315,1.11073220017614,0.29192283985379,0.999999999237769
"2497","Taf8",2.26526245750929e-10,1.07559150076392,1.11020424207899,0.292037555154961,0.999999999237769
"266","Zfp85-rs1",2.26327738249756e-10,1.0753611071302,1.10825932565906,0.292460645704058,0.999999999237769
"2406","H2-Q8",2.2628644142158e-10,1.07531315300364,1.10785492609395,0.292548715730426,0.999999999237769
"1847","Zfp687",2.26174470763127e-10,1.07518309068628,1.1067588236996,0.292787595070101,0.999999999237769
"2180","Tspyl2",2.26126298079236e-10,1.07512711591966,1.10628741890343,0.292890407441999,0.999999999237769
"2388","Entpd7",2.26032936206765e-10,1.0750186012403,1.10537409087489,0.293089733667011,0.999999999237769
"1720","1110034A24Rik",2.25823382911639e-10,1.07477488389617,1.10332547430056,0.293537458326268,0.999999999237769
"2887","Arhgap17",2.25719143894543e-10,1.07465357149305,1.10230712963175,0.293760342780768,0.999999999237769
"1191","Mlst8",2.25567848673939e-10,1.07447740200172,1.10082991414322,0.294084044977578,0.999999999237769
"2067","5930416I19Rik",2.25492827921105e-10,1.0743900060679,1.10009779424178,0.294244643561061,0.999999999237769
"2814","Cwc22",2.25471022311249e-10,1.07436459835964,1.09988504119178,0.294291334339204,0.999999999237769
"1953","Iqcc",2.25446923442102e-10,1.07433651588429,1.0996499371957,0.294342941285731,0.999999999237769
"2318","Tgfa",2.25275949384492e-10,1.0741371984816,1.09798266831591,0.294709250886065,0.999999999237769
"2209","Clasrp",2.24979204751329e-10,1.07379092372496,1.09509193922037,0.295345747217831,0.999999999237769
"717","Ints7",2.24961181553449e-10,1.07376987844922,1.09491648951011,0.295384435342853,0.999999999237769
"2609","Brpf1",2.24934861977353e-10,1.07373914284137,1.09466030262591,0.295440938353214,0.999999999237769
"2843","Sbno2",2.24857582970575e-10,1.07364887807518,1.09390826509355,0.295606883173516,0.999999999237769
"2248","Zfp113",2.24851776880131e-10,1.07364209516957,1.0938517737959,0.295619353382849,0.999999999237769
"2709","Axin2",2.24606590727317e-10,1.07335550891012,1.0914675268393,0.296146280997164,0.999999999237769
"2014","Rg9mtd2",2.2450848059561e-10,1.07324075050688,1.09051420988769,0.296357304675386,0.999999999237769
"2956","Zc3hav1",2.2441212404933e-10,1.07312799746173,1.08957833759047,0.296564654499253,0.999999999237769
"1813","1110002L01Rik",2.24247381495374e-10,1.07293511628556,1.08797919019378,0.296919389056225,0.999999999237769
"2918","Gtpbp8",2.24183829577923e-10,1.07286067394534,1.08736260893782,0.29705630906037,0.999999999237769
"2900","Gin1",2.24155741992849e-10,1.07282776689096,1.08709015863126,0.297116836062985,0.999999999237769
"2866","Mphosph6",2.23931148141623e-10,1.0725644964247,1.08491282025298,0.297601118446679,0.999999999237769
"2412","Pde4c",2.23808253576539e-10,1.07242033371155,1.08372233555051,0.297866334067696,0.999999999237769
"2714","Eme2",2.23739592069549e-10,1.07233975730333,1.08305749327137,0.298014579452357,0.999999999237769
"1380","Rwdd3",2.23411773022245e-10,1.07195473149053,1.07988606734419,0.29872304490201,0.999999999237769
"865","Stau2",2.23362048553324e-10,1.07189628346794,1.079405423152,0.298830604962263,0.999999999237769
"2177","Ccdc125",2.23334528809759e-10,1.07186393047346,1.07913945916472,0.298890144618946,0.999999999237769
"2357","Zfp189",2.23048109848786e-10,1.07152698602917,1.07637331451055,0.299510289285879,0.999999999237769
"2932","Arl2",2.23002055920595e-10,1.07147277012949,1.07592887136553,0.299610083742229,0.999999999237769
"2721","Usp2",2.22539473212626e-10,1.07092762230221,1.07146981037325,0.300613686341537,0.999999999237769
"2869","2210021J22Rik",2.22428221585577e-10,1.0707963551385,1.07039878272878,0.300855387612245,0.999999999237769
"2937","Usp30",2.21756376228943e-10,1.07000232524507,1.06394226061625,0.302317765807259,0.999999999237769
"2884","Sertad3",2.21723869354484e-10,1.06996384933611,1.06363036065489,0.302388641926194,0.999999999237769
"2860","Mospd1",2.21666490931042e-10,1.06989592195734,1.06307993244254,0.302513773513648,0.999999999237769
"2472","Zmat3",2.21636264310952e-10,1.06986013157637,1.06279002734912,0.3025797059563,0.999999999237769
"2620","Ints5",2.21505628013271e-10,1.06970539661583,1.06153754244769,0.302864769004069,0.999999999237769
"2329","Jmjd4",2.2130025969577e-10,1.06946197058187,1.05957005187777,0.303313266621223,0.999999999237769
"2054","Hao2",2.21175907415948e-10,1.06931447101732,1.05837960652797,0.303585050243943,0.999999999237769
"660","Cbl",2.20864922181642e-10,1.06894525734337,1.05540542150773,0.304265445953966,0.999999999237769
"1891","Pigw",2.20853786472617e-10,1.06893202755916,1.05529899997837,0.304289828217948,0.999999999237769
"2504","Magohb",2.2074659467698e-10,1.06880464628966,1.05427486591036,0.304524597062683,0.999999999237769
"1798","4930480G23Rik",2.2061267900002e-10,1.06864542618123,1.05299610455018,0.304818064810542,0.999999999237769
"2573","Traf3ip1",2.20026701298989e-10,1.06794765544112,1.04740972775649,0.306104404912837,0.999999999237769
"2652","Rcan2",2.19696774827975e-10,1.06755401814482,1.04427093499912,0.30683024161451,0.999999999237769
"739","Slc22a3",2.19148632830436e-10,1.06689879910865,1.0390665374498,0.308038670002812,0.999999999237769
"2992","Tbc1d14",2.19074759602416e-10,1.06681037756861,1.03836613370275,0.308201770645388,0.999999999237769
"1160","Cep152",2.18509820131662e-10,1.06613325488894,1.0330176613451,0.309450958161215,0.999999999237769
"2484","Nme7",2.18492176749983e-10,1.0661120815314,1.03285084788974,0.309490024794105,0.999999999237769
"1135","Hdac4",2.18249016056146e-10,1.06582010732174,1.03055320062022,0.310028772174345,0.999999999237769
"2492","Cyp3a41a",2.18108276605879e-10,1.06565097556665,1.02922450985527,0.310340877605152,0.999999999237769
"2649","Spopl",2.17756035855959e-10,1.06522722583743,1.02590283792806,0.311122919650177,0.999999999237769
"1398","Zfp426",2.17325933925294e-10,1.06470893554533,1.02185420590668,0.312079589727234,0.999999999237769
"668","Med18",2.17038129705615e-10,1.0643615822236,1.01914951978767,0.312720830407893,0.999999999237769
"1465","Snx32",2.17036481069821e-10,1.06435959122708,1.01913403679399,0.312724506140191,0.999999999237769
"189","A030009H04Rik",2.17022380909526e-10,1.06434256240506,1.01900162139151,0.312755944454964,0.999999999237769
"2358","Slc13a3",2.1690778937786e-10,1.06420413123864,1.01792580489671,0.313011519784742,0.999999999237769
"73","Polr2a",2.16658098697475e-10,1.06390225715784,1.01558360872942,0.313568885052793,0.999999999237769
"1325","Nkrf",2.16593415008021e-10,1.06382400186844,1.01497729039684,0.313713379918331,0.999999999237769
"2989","Nol9",2.16550936154347e-10,1.06377259839436,1.01457920956063,0.313808295927297,0.999999999237769
"1231","Trim21",2.16171646826442e-10,1.0633132023599,1.01102824766956,0.314656628676202,0.999999999237769
"245","5730507C01Rik",2.16135414236886e-10,1.06326927781904,1.01068935862374,0.314737746660634,0.999999999237769
"1501","Hspa2",2.16067443506142e-10,1.06318685869492,1.01005377104577,0.314889957479389,0.999999999237769
"1889","Enox",2.15844525246601e-10,1.06291638441091,1.00797068739585,0.315389490792254,0.999999999237769
"107","A330040F15Rik",2.15653693935262e-10,1.06268463408121,1.00618915194045,0.315817534410836,0.999999999237769
"473","Mup6",2.15365953554292e-10,1.06233483102199,1.00350588605444,0.316463670532591,0.999999999237769
"1546","Zfp39",2.15249940205544e-10,1.06219367076024,1.00242503998923,0.316724429811263,0.999999999237769
"149","Dennd2d",2.14964886010181e-10,1.0618465252568,0.9997717871482,0.317365734993779,0.999999999237769
"773","Tnnc1",2.14848974979382e-10,1.06170524266587,0.998693905662052,0.317626750977843,0.999999999237769
"1803","Gm4794",2.14402969222779e-10,1.06116094388074,0.994551824898465,0.318632407714941,0.999999999237769
"2302","Ncdn",2.14358122297523e-10,1.06110615461287,0.994135805225541,0.318733644101261,0.999999999237769
"2300","Hsf4",2.1385297807154e-10,1.06048827872206,0.98945587754495,0.319875399139742,0.999999999237769
"144","BC024978",2.13782294116673e-10,1.06040171126696,0.988801903988415,0.320035376016015,0.999999999237769
"2841","Gm4285",2.13756678045847e-10,1.0603703323419,0.988564955440399,0.320093365015067,0.999999999237769
"2192","Prmt6",2.13692510432303e-10,1.06029171343738,0.987971529929674,0.32023865615983,0.999999999237769
"427","Cd276",2.13531912317176e-10,1.06009484966252,0.986487090973372,0.320602478470961,0.999999999237769
"1417","Dnase1l1",2.13508978820618e-10,1.06006672607961,0.986275203362169,0.320654454525058,0.999999999237769
"2313","2010111I01Rik",2.13450319628603e-10,1.05999477881468,0.985733341755497,0.320787423692205,0.999999999237769
"121","C78339",2.13303299041594e-10,1.05981437211807,0.984375900036665,0.32112084953672,0.999999999237769
"2948","Metrn",2.12965013355023e-10,1.05939882365,0.981256058760133,0.321888902118005,0.999999999237769
"1836","Adprhl2",2.12839599236268e-10,1.0592446082394,0.980100684680424,0.322173950002236,0.999999999237769
"2787","Fitm2",2.1261197946314e-10,1.0589644978469,0.978005482423545,0.322691716977058,0.999999999237769
"771","Intu",2.12474458027964e-10,1.0587951267281,0.976740706841406,0.323004800002878,0.999999999237769
"2439","Mdn1",2.12419621138326e-10,1.05872756105116,0.976236603796832,0.323129697568889,0.999999999237769
"2723","1700012B15Rik",2.12344439679134e-10,1.05863490181034,0.97554568924094,0.323300983488063,0.999999999237769
"578","Ihh",2.12194724484998e-10,1.05845028994688,0.974170541163774,0.323642255858585,0.999999999237769
"1029","Gbp10",2.12043912268807e-10,1.05826420180227,0.972786297423992,0.323986266099084,0.999999999237769
"2025","Slc39a13",2.11917084391329e-10,1.05810761196516,0.971622957972086,0.324275751166187,0.999999999237769
"2625","Ippk",2.11521381438002e-10,1.05761848613342,0.967997812601856,0.3251800267393,0.999999999237769
"1111","Gm3776",2.11040665723924e-10,1.05702312064389,0.963602956756758,0.326280781756748,0.999999999237769
"294","Zbtb49",2.10752633540852e-10,1.05666578365163,0.960974465602818,0.326941483950655,0.999999999237769
"1155","1700094D03Rik",2.10394712506318e-10,1.05622110271051,0.957713192881527,0.32776371047016,0.999999999237769
"2535","Nup133",2.10019554120415e-10,1.05575424382614,0.954300808610222,0.328626974239623,0.999999999237769
"1055","Tmem149",2.09533559672805e-10,1.05514829272485,0.949889330955253,0.329747468763279,0.999999999237769
"1995","Thap6",2.09155127545354e-10,1.05467553968136,0.946461297486238,0.33062168221823,0.999999999237769
"1392","Mad2l1",2.09111338290145e-10,1.05462078455668,0.946065031831275,0.330722936197656,0.999999999237769
"1959","Wdr34",2.08475033051011e-10,1.05382391747596,0.940316225966206,0.332196529700907,0.999999999237769
"560","Zfp235",2.07526619176905e-10,1.05263194166015,0.931780139971621,0.334400783649429,0.999999999237769
"320","Gm16973",2.06814282476914e-10,1.05173330526851,0.925394433460243,0.336062545213931,0.999999999237769
"2024","2210417A02Rik",2.06690454988207e-10,1.05157679665673,0.924286628303519,0.336351955184113,0.999999999237769
"1080","Tbc1d25",2.06129293808806e-10,1.05086642706475,0.919274595415037,0.337665511927121,0.999999999237769
"206","Solh",2.04766286233224e-10,1.04913342416385,0.907157582609768,0.340869722208994,0.999999999237769
"2375","Wwc1",2.04395030405314e-10,1.04865951417707,0.903871082320138,0.341745848015916,0.999999999237769
"348","3000002C10Rik",2.04384682641961e-10,1.04864629364165,0.903779565346483,0.341770288302165,0.999999999237769
"1218","Cys1",2.03368181386466e-10,1.04734451897392,0.894812078111637,0.344176603206526,0.999999999237769
"614","Fam122b",1.62292680186231e-10,0.98885729577853,0.569854119999522,0.450316891026676,0.999999999237769
"2074","100043387",1.62182067217925e-10,0.988681789886355,0.569077599764349,0.450625686619999,0.999999999237769
"2468","Cxx1a",1.61882984972233e-10,0.988206683317334,0.566980646946015,0.451461227573135,0.999999999237769
"1828","Vangl1",1.60785077257411e-10,0.986455516876894,0.559316079586542,0.454535935789253,0.999999999237769
"1557","Myo7a",1.60690070352469e-10,0.986303453723493,0.55865528206986,0.454802557773517,0.999999999237769
"1194","Vipr1",1.60542503071773e-10,0.9860670978524,0.557629688052387,0.455216856855296,0.999999999237769
"558","Tnip2",1.60464614080014e-10,0.985942262275037,0.557088738742501,0.455435617929894,0.999999999237769
"2955","X99384",1.60082854434101e-10,0.985329578784027,0.554441164189764,0.456508693516604,0.999999999237769
"2816","Qpctl",1.59668980912639e-10,0.984663805817638,0.551577998271255,0.457673640829537,0.999999999237769
"1619","Rai1",1.59527541115394e-10,0.984435909142088,0.550601220869777,0.458072139642549,0.999999999237769
"1428","Pvr",1.59206690440496e-10,0.983918231025106,0.548388648456402,0.458976839925614,0.999999999237769
"2034","Zfp710",1.59168357980588e-10,0.983856317903356,0.548124607351321,0.459084992597431,0.999999999237769
"2361","Fam43a",1.59000659448732e-10,0.983585293125786,0.546970216237915,0.459558311505653,0.999999999237769
"2674","Arhgef11",1.58997798922269e-10,0.983580667781241,0.546950535706913,0.459566387537234,0.999999999237769
"1066","Nhlrc3",1.58980047964315e-10,0.983551963523685,0.54682841635603,0.459616505017733,0.999999999237769
"2580","Smurf1",1.5896819652878e-10,0.983532797438913,0.546746890903614,0.459649967681033,0.999999999237769
"2839","Srgap2",1.58827851018035e-10,0.983305729388216,0.545781923052831,0.46004633853418,0.999999999237769
"976","Zmym6",1.58801862313704e-10,0.983263661048943,0.54560332711424,0.460119758124406,0.999999999237769
"61","Impdh1",1.58400444980712e-10,0.982613058796515,0.542848475023087,0.461254617641533,0.999999999237769
"234","Plekha2",1.5804520885043e-10,0.982036014226914,0.540416371295457,0.46226021991152,0.999999999237769
"1905","St3gal6",1.57982678702094e-10,0.981934314532818,0.539988827414969,0.462437356768321,0.999999999237769
"168","Efcab4a",1.5776960655585e-10,0.98158748800109,0.538533237591887,0.463041236781048,0.999999999237769
"1099","Hbegf",1.57399968874567e-10,0.980984769643458,0.536012739624618,0.464089890258026,0.999999999237769
"1528","Prickle1",1.57391777371316e-10,0.98097139783251,0.535956950085685,0.464113144326823,0.999999999237769
"271","Homer3",1.573107996636e-10,0.980839174679592,0.535405594719712,0.464343059032482,0.999999999237769
"1655","Csrp1",1.57302071327266e-10,0.980824918944265,0.535346182772525,0.464367844610481,0.999999999237769
"1455","Slc25a4",1.57263625863605e-10,0.980762118265474,0.535084531836693,0.464477025729597,0.999999999237769
"1795","Meis2",1.57212194517644e-10,0.980678082622464,0.534734601998211,0.46462310773805,0.999999999237769
"596","Rufy2",1.56907426366821e-10,0.980179580530289,0.532663361771537,0.465489274244227,0.999999999237769
"621","Slc24a5",1.56718895041424e-10,0.979870749415499,0.531384092840848,0.466025538742358,0.999999999237769
"321","Sema4c",1.56677152583632e-10,0.979802324433492,0.531101059655315,0.466144318691229,0.999999999237769
"1877","E130012A19Rik",1.56581223960215e-10,0.979645011700209,0.530450904915827,0.466417351386713,0.999999999237769
"2199","Vps37c",1.56513022140287e-10,0.979533112984277,0.529988910338838,0.466611521844066,0.999999999237769
"1359","Acer2",1.56403036468987e-10,0.979352563126683,0.529244298753925,0.466924745325732,0.999999999237769
"1270","Lrrc32",1.56341736762692e-10,0.97925188330072,0.528829522121237,0.467099368736723,0.999999999237769
"1275","Myct1",1.56325119656439e-10,0.979224584664466,0.528717112606847,0.467146711838201,0.999999999237769
"486","Map3k3",1.56236346820279e-10,0.979078702235737,0.528116794616379,0.467399675881744,0.999999999237769
"1402","Sema6a",1.56229325574037e-10,0.979067160743995,0.528069328648116,0.467419686625395,0.999999999237769
"649","Cttnbp2nl",1.56204948469273e-10,0.979027085996065,0.527904547842699,0.467489165726765,0.999999999237769
"1320","Rrp1b",1.56041053771155e-10,0.978757498868052,0.526797343911892,0.467956443478438,0.999999999237769
"1784","Arhgap31",1.55913748196098e-10,0.978547913133368,0.525938122827225,0.468319580990068,0.999999999237769
"2372","Ppap2a",1.55827378550201e-10,0.978405629636594,0.525355589110154,0.468566038103278,0.999999999237769
"1948","Gm9766",1.55811112788943e-10,0.978378825494784,0.525245918233644,0.468612460735283,0.999999999237769
"862","Rcn1",1.55805661058609e-10,0.978369841070223,0.525209162844921,0.468628020593294,0.999999999237769
"843","Trim35",1.55615287916939e-10,0.978055922008924,0.523926479876011,0.469171546479714,0.999999999237769
"1556","Lmo2",1.55268709149851e-10,0.977483499081025,0.521595351735348,0.470161942657926,0.999999999237769
"2001","Mylip",1.55197404017325e-10,0.977365580128901,0.521116389994565,0.470365849962018,0.999999999237769
"197","Ada",1.55121894625611e-10,0.977240653085104,0.52060942778809,0.470581833180741,0.999999999237769
"833","Cd93",1.55048771843719e-10,0.977119620211249,0.520118724174484,0.470791042035725,0.999999999237769
"1233","Robo1",1.55038905854866e-10,0.977103285921486,0.520052534391594,0.470819273177067,0.999999999237769
"509","Clec1a",1.54973415033618e-10,0.976994833543141,0.519613270789609,0.471006696285068,0.999999999237769
"1832","Ccnd2",1.54899200078369e-10,0.976871882084997,0.519115716522938,0.471219136065445,0.999999999237769
"2053","Eltd1",1.5489315884169e-10,0.976861871173757,0.519075225161454,0.471236431388424,0.999999999237769
"2386","Adcy6",1.54767389583749e-10,0.976653376179317,0.51823261594582,0.471596572931911,0.999999999237769
"2075","Cyp4b1",1.54344968514787e-10,0.975951939160086,0.515407555353836,0.472807290004861,0.999999999237769
"1529","Rgl1",1.54139767392327e-10,0.975610549342909,0.514038001106005,0.473396041628254,0.999999999237769
"1860","Msr1",1.54111961968247e-10,0.975564257114346,0.513852562193159,0.473475850413274,0.999999999237769
"2033","Aatk",1.53890895320613e-10,0.975195932397083,0.512379422951679,0.474110632301304,0.999999999237769
"2333","Tmem106a",1.53883952248366e-10,0.975184356333182,0.512333190104796,0.47413057656012,0.999999999237769
"2606","Cdh5",1.53805409063509e-10,0.975053368516222,0.511810328423055,0.474356227173921,0.999999999237769
"583","Ankrd52",1.53791140085745e-10,0.975029565163092,0.511715368545125,0.474397227559983,0.999999999237769
"2234","F8",1.53639386210873e-10,0.974776282760072,0.510705993402776,0.474833396562553,0.999999999237769
"22","Plvap",1.53423136231468e-10,0.974414948427131,0.509269350884212,0.475455319651137,0.999999999237769
"1224","Cmpk2",1.53321395746879e-10,0.974244783927199,0.508594144625648,0.475748074207075,0.999999999237769
"1979","Rbm15b",1.53250629953153e-10,0.97412636321225,0.508124767703017,0.475951758485603,0.999999999237769
"1864","Mndal",1.53246340136443e-10,0.974119182909363,0.50809632107788,0.475964107346799,0.999999999237769
"1164","9930104L06Rik",1.53235829388396e-10,0.9741015892036,0.508026625589355,0.475994364805832,0.999999999237769
"2985","Bmp2",1.53159634229778e-10,0.973974013979403,0.507521527720566,0.476213740555884,0.999999999237769
"2187","Cldn5",1.53143302156324e-10,0.973946661083697,0.507413295065499,0.476260769924885,0.999999999237769
"2644","Agpat9",1.53137759604697e-10,0.973937377817091,0.507376567197522,0.476276730675543,0.999999999237769
"110","Cyp2d12",1.53074242084818e-10,0.973830969280315,0.506955761541789,0.476459661452148,0.999999999237769
"2748","Tnfsf12",1.53051735077545e-10,0.97379325419136,0.50680669376882,0.476524490981238,0.999999999237769
"1564","Topbp1",1.52972154405146e-10,0.973659858788962,0.50627979308465,0.476753755114651,0.999999999237769
"1721","Itga9",1.52864527692771e-10,0.973479348233558,0.505567636530758,0.477063913210764,0.999999999237769
"159","Anxa1",1.52861543771453e-10,0.973474341929453,0.505547899324917,0.477072513832907,0.999999999237769
"2118","Trim30a",1.52824329351966e-10,0.973411897360319,0.505301776186016,0.477179784903834,0.999999999237769
"1766","Bcl2l11",1.52766900822765e-10,0.973315506189194,0.504922081597046,0.477345349323245,0.999999999237769
"1645","Setd7",1.52718193077839e-10,0.973233725816581,0.504600157212275,0.477485796662575,0.999999999237769
"2048","Rasa2",1.52682542889366e-10,0.973173853592528,0.504364599278028,0.477588607252272,0.999999999237769
"1020","Dgka",1.52673018057862e-10,0.973157855024238,0.504301673446565,0.477616077699374,0.999999999237769
"2879","Zfp715",1.52648997700502e-10,0.973117504606602,0.504143000307769,0.477685358348929,0.999999999237769
"428","Abcc4",1.52644067240941e-10,0.973109221474336,0.504110433876668,0.477699579693223,0.999999999237769
"2459","Trim12a",1.52544874396056e-10,0.972942524964561,0.503455473590905,0.477985739248785,0.999999999237769
"450","E130102H24Rik",1.52443520304147e-10,0.972772091367565,0.502786682577945,0.478278230525564,0.999999999237769
"2737","Ehd4",1.523120007449e-10,0.972550774037852,0.501919505570138,0.478657920166655,0.999999999237769
"2957","Camsap1",1.52293124931283e-10,0.972518995654203,0.501795108911525,0.478712427097221,0.999999999237769
"1613","Rcor3",1.52283580534081e-10,0.972502925774148,0.501732214650753,0.478739989361038,0.999999999237769
"1393","Hus1",1.52246934266458e-10,0.972441215757826,0.501490765104764,0.478845824326986,0.999999999237769
"2852","Adal",1.52190662906769e-10,0.972346431190897,0.501120125757558,0.479008361721311,0.999999999237769
"2907","Rsbn1",1.52059235972802e-10,0.97212492501597,0.500254997203115,0.479388100060001,0.999999999237769
"2107","Ifit1",1.52012392380638e-10,0.972045931694325,0.499946826095969,0.479523487269031,0.999999999237769
"479","Sesn2",1.51969803150784e-10,0.971974092774269,0.499666725674884,0.479646596636917,0.999999999237769
"2401","2410016O06Rik",1.51946853868321e-10,0.971935374414587,0.499515825604481,0.479712941487451,0.999999999237769
"776","Pou6f1",1.51913967688721e-10,0.971879881682489,0.499299626465733,0.479808021972978,0.999999999237769
"1198","Mtrr",1.51909749630794e-10,0.971872763240269,0.499271899647183,0.479820217960997,0.999999999237769
"1179","Zbtb34",1.51877670736312e-10,0.971818620468415,0.499061058676664,0.479912975612756,0.999999999237769
"1603","Brwd3",1.51850614237853e-10,0.971772946159527,0.498883262402121,0.479991218368718,0.999999999237769
"873","Doc2g",1.51843099704074e-10,0.971760259455723,0.498833887792915,0.480012950346538,0.999999999237769
"1871","Zbtb17",1.51841730602356e-10,0.971757947953099,0.498824892306715,0.480016909836671,0.999999999237769
"1575","Rab7",1.51738176500063e-10,0.971583057235614,0.498144740024819,0.480316443536839,0.999999999237769
"1930","Hivep2",1.51673355121576e-10,0.971473524561116,0.497719223752408,0.480503993371577,0.999999999237769
"1494","Top3a",1.51651533163361e-10,0.97143664077604,0.497576015648804,0.480567140540995,0.999999999237769
"2765","Wdr70",1.51637179868491e-10,0.971412377918245,0.497481832396608,0.480608677772716,0.999999999237769
"1227","Impg2",1.51630768133064e-10,0.97140153880312,0.497439762840108,0.480627233429417,0.999999999237769
"1952","1700019E19Rik",1.51596683301938e-10,0.97134391077208,0.497216150642397,0.480725881984704,0.999999999237769
"2751","Acyp2",1.51493603827062e-10,0.971169557883283,0.496540207690253,0.481024282423481,0.999999999237769
"1180","Jrkl",1.51404953375027e-10,0.971019521820334,0.495959250693256,0.481280993541347,0.999999999237769
"1522","Rabl2",1.51310553636485e-10,0.970859664790207,0.495340990496361,0.481554435224874,0.999999999237769
"2686","Pik3c2b",1.51308335293044e-10,0.97085590711056,0.495326466349086,0.481560861974883,0.999999999237769
"1863","Rsad2",1.51280091481178e-10,0.970808060047486,0.495141564416287,0.481642691039338,0.999999999237769
"1743","Rnaseh1",1.51267293802769e-10,0.970786377094889,0.495057794048116,0.481679771458833,0.999999999237769
"1422","Tmem175",1.51245890887783e-10,0.970750110548197,0.494917711813311,0.481741788447895,0.999999999237769
"2821","Tmco4",1.51224517568861e-10,0.970713889347144,0.494777843065607,0.481803724014112,0.999999999237769
"603","Aph1c",1.51146182049876e-10,0.970581093676833,0.49426537800918,0.482030761570066,0.999999999237769
"2753","Terf2",1.51129069295536e-10,0.970552075260841,0.494153463000049,0.482080366710033,0.999999999237769
"1977","Asb1",1.50936391918728e-10,0.970225135777213,0.492894254569788,0.482639076642692,0.999999999237769
"2689","Rabep2",1.50925530842466e-10,0.970206694796005,0.492823321782652,0.482670581165984,0.999999999237769
"1765","E430018J23Rik",1.50894200963835e-10,0.970153492936306,0.492618737545567,0.482761465426217,0.999999999237769
"1437","Ccl25",1.50836824824138e-10,0.970056034561141,0.492244181231918,0.482927930899934,0.999999999237769
"2230","Pfkm",1.50823277945667e-10,0.970033018933119,0.492155766845565,0.482967239026331,0.999999999237769
"2875","Chpf2",1.50762998740077e-10,0.969930583355149,0.491762447848229,0.483142168478553,0.999999999237769
"1617","Tmem220",1.50704010840107e-10,0.969830304963821,0.491377706771872,0.483313383879719,0.999999999237769
"2368","Mrs2",1.50645595645562e-10,0.969730963874905,0.490996849472387,0.483482969429533,0.999999999237769
"2775","Gfod2",1.50610964575996e-10,0.969672053093613,0.490771130405992,0.483583522370457,0.999999999237769
"2243","Arrdc2",1.50600968868812e-10,0.969655047071178,0.490705989840152,0.483612547487278,0.999999999237769
"2093","Rbm12",1.50467894668503e-10,0.969428542673637,0.489839176601052,0.483999052845291,0.999999999237769
"2408","Txnrd3",1.50467730303528e-10,0.969428262793334,0.489838106441063,0.48399953033624,0.999999999237769
"1958","Rab34",1.5045145434513e-10,0.969400546708471,0.489732141481898,0.484046814319872,0.999999999237769
"2670","Adora1",1.50416733962772e-10,0.969341412491663,0.489506132032281,0.484147690361217,0.999999999237769
"1577","Abca5",1.50365070503436e-10,0.969253397874227,0.489169929584729,0.484297813645615,0.999999999237769
"2229","Cep97",1.50235602734653e-10,0.969032710045251,0.488327919215055,0.484674130937467,0.999999999237769
"1265","Car5b",1.50138967285724e-10,0.968867871154925,0.48769991080707,0.484955119458044,0.999999999237769
"1994","Syde2",1.49941623116976e-10,0.968530935927978,0.486418678057004,0.485529214411619,0.999999999237769
"662","Cdt1",1.49828367359464e-10,0.968337381009722,0.485684140052351,0.485858853386222,0.999999999237769
"2853","Mtrf1",1.49820486576026e-10,0.968323907586994,0.485633048647806,0.485881795474415,0.999999999237769
"2133","Zfp688",1.49803336504321e-10,0.968294584579503,0.4855218733993,0.485931723812434,0.999999999237769
"1239","Taf1b",1.49677751019117e-10,0.968079763874166,0.484708153986632,0.486297420521153,0.999999999237769
"1854","Eid2b",1.49622252608811e-10,0.967984777000868,0.484348774657964,0.486459075655362,0.999999999237769
"2112","Pim2",1.49550746023201e-10,0.967862343017071,0.483885931057536,0.486667402038565,0.999999999237769
"2240","Ccdc130",1.49497037767578e-10,0.967770347321679,0.483538436935242,0.486823906693438,0.999999999237769
"1882","Dclre1c",1.49415296711002e-10,0.967630275346417,0.483009809241751,0.487062150481858,0.999999999237769
"1016","Lig1",1.49352555594676e-10,0.967522713020815,0.48260425221132,0.48724505945269,0.999999999237769
"2231","Dnaja4",1.49344556942473e-10,0.967508997218795,0.482552561362338,0.487268380562775,0.999999999237769
"2731","B9d2",1.49209120874574e-10,0.967276651641193,0.481677733533921,0.487663353514398,0.999999999237769
"2604","2610002I17Rik",1.49156317499298e-10,0.96718601190205,0.481336873544386,0.487817391091807,0.999999999237769
"2134","Secisbp2",1.4913918136459e-10,0.967156590367395,0.481226281115791,0.487867386126771,0.999999999237769
"2788","Sdccag8",1.49120561181366e-10,0.967124617231368,0.481106125405141,0.487921714038558,0.999999999237769
"2990","Gtf2h2",1.48983403473441e-10,0.96688898519472,0.480221511425095,0.488321998185529,0.999999999237769
"2667","Med16",1.48974842833416e-10,0.96687427157627,0.480166325608612,0.488346987619903,0.999999999237769
"2174","Zfp606",1.48937424246217e-10,0.966809948988855,0.479925145436923,0.488456224617661,0.999999999237769
"911","Zc3h12d",1.48917921155157e-10,0.966776417147372,0.479799462976362,0.488513165690922,0.999999999237769
"2780","Atn1",1.48731884689446e-10,0.966456355765463,0.478601427961176,0.489056496127846,0.999999999237769
"2529","Mmachc",1.48607099243802e-10,0.966241461566582,0.477798675556946,0.489421121682586,0.999999999237769
"2348","Wnt5b",1.48588092659076e-10,0.966208715295169,0.477676464164454,0.489476672143453,0.999999999237769
"2772","5430417L22Rik",1.48411573842413e-10,0.965904404819112,0.476542203694914,0.489992745023691,0.999999999237769
"2974","Gemin6",1.48157194809085e-10,0.965465269191318,0.474910006774168,0.490736965713316,0.999999999237769
"955","9330151L19Rik",1.48058099933625e-10,0.965294009851366,0.474274932525866,0.491027045679162,0.999999999237769
"2917","Sowahb",1.47838311480271e-10,0.964913779527075,0.472867879713312,0.491670759999497,0.999999999237769
"1892","Rfx4",1.47815306686922e-10,0.964873950975179,0.472720727309086,0.491738162395284,0.999999999237769
"1794","Zbed4",1.47623745338156e-10,0.964542071916301,0.471496275732035,0.492299615953423,0.999999999237769
"2369","Mpzl1",1.47553221911187e-10,0.964419788704312,0.471045893030236,0.492506401972414,0.999999999237769
"2803","Smc4",1.47551219846483e-10,0.964416316449182,0.471033110415987,0.492512273027514,0.999999999237769
"2323","Mettl14",1.47543743816846e-10,0.964403350102876,0.470985379624118,0.492534196817425,0.999999999237769
"1056","Tmem107",1.47482305881168e-10,0.964296769453776,0.470593220064012,0.49271438611667,0.999999999237769
"1274","LOC100504703",1.47372934671954e-10,0.964106932535185,0.469895505654472,0.493035244753894,0.999999999237769
"2570","Ube2o",1.47352875397828e-10,0.964072101073086,0.469767597211876,0.493094104117745,0.999999999237769
"2903","Rhoq",1.47264635306412e-10,0.963918825778165,0.469205138908287,0.493353069231633,0.999999999237769
"2729","Camk2g",1.47207883752588e-10,0.963820201354747,0.468843572266248,0.493519660943284,0.999999999237769
"2206","Klc2",1.4694783825923e-10,0.963367830508178,0.467188593369935,0.494283398190067,0.999999999237769
"1982","Dock4",1.4678386861878e-10,0.963082205485982,0.466146563661567,0.494765291468258,0.999999999237769
"884","Pspc1",1.46491990844974e-10,0.962573031071769,0.464294554337079,0.495623717189118,0.999999999237769
"2403","Dnmt3b",1.46387126814288e-10,0.962389865687059,0.463630076068907,0.495932321079052,0.999999999237769
"2564","Angptl6",1.4605445018552e-10,0.96180796577048,0.461525196577721,0.496912031925914,0.999999999237769
"1841","Nmt2",1.46050005193613e-10,0.961800182418794,0.461497105074263,0.496925129114373,0.999999999237769
"2496","4930581F22Rik",1.46014994613017e-10,0.961738869778389,0.461275874749923,0.497028294376521,0.999999999237769
"1165","Zfp763",1.46013829922685e-10,0.961736829865454,0.461268516034323,0.49703172655182,0.999999999237769
"2173","Cep68",1.45992813985826e-10,0.961700018590722,0.461135743784196,0.497093659672055,0.999999999237769
"2520","Lgr5",1.45937200081797e-10,0.961602581928229,0.460784484381188,0.497257571443696,0.999999999237769
"1801","Zc3h12c",1.45924906044062e-10,0.961581037830057,0.460706852862639,0.497293809747911,0.999999999237769
"2666","Zc3h10",1.45795076169993e-10,0.961353419703389,0.459887432707848,0.497676586341094,0.999999999237769
"202","Ptrh1",1.45706108173018e-10,0.961197330940108,0.459326333101322,0.49793898066086,0.999999999237769
"1290","Dhtkd1",1.45684562170535e-10,0.961159516386216,0.459190499199584,0.498002537601409,0.999999999237769
"2806","Fuz",1.45602013115566e-10,0.961014589175418,0.458670265594129,0.498246082827619,0.999999999237769
"1592","Gtf2ird2",1.45355556991043e-10,0.960581439618079,0.457118825168176,0.498973581343268,0.999999999237769
"2116","Eml2",1.45349384369623e-10,0.960570582322992,0.457080002276245,0.498991809163647,0.999999999237769
"797","Mapkapk3",1.45129226336525e-10,0.960183053620343,0.45569638962968,0.499642169610671,0.999999999237769
"2059","Zmat1",1.45113553691038e-10,0.96015544514556,0.455597972756515,0.499688484726797,0.999999999237769
"2598","Rfc3",1.45097595960159e-10,0.960127331599019,0.455497776601079,0.499735644656386,0.999999999237769
"2658","Ntpcr",1.45070552831552e-10,0.960079681720932,0.455328002085443,0.499815570689213,0.999999999237769
"2718","Gtf3c3",1.45031821742231e-10,0.960011423192946,0.455084906639498,0.49993005233465,0.999999999237769
"2069","Fbxo46",1.44938286359324e-10,0.959846508668041,0.454498100044014,0.500206582295389,0.999999999237769
"2684","Poc1b",1.44768862388779e-10,0.95954753879209,0.453436160251169,0.500707677386775,0.999999999237769
"188","Srms",1.44678989758118e-10,0.959388814008538,0.452873347908739,0.500973596242054,0.999999999237769
"451","Tmsb15b1",1.44341593329131e-10,0.95879210900488,0.450763578056519,0.501972566213155,0.999999999237769
"1729","Rad1",1.44335300771977e-10,0.958780967833217,0.450724276928064,0.501991207347824,0.999999999237769
"1690","Zfp874b",1.43999045361348e-10,0.958184953367,0.448626634363133,0.502987866319268,0.999999999237769
"793","Dpy19l4",1.43975479476139e-10,0.958143133778931,0.448479808130403,0.503057754645444,0.999999999237769
"258","Gm13152",1.43962994013989e-10,0.958120974704691,0.448402027734763,0.503094784319543,0.999999999237769
"1630","Iqsec2",1.43880195382107e-10,0.957973978886293,0.447886389697605,0.503340386865341,0.999999999237769
"1107","Zfp51",1.4382847049988e-10,0.957882109304583,0.447564417567176,0.503493848617409,0.999999999237769
"2169","Kdelc2",1.43812603166482e-10,0.957853920810132,0.447465671302626,0.503540930114646,0.999999999237769
"1424","Pold1",1.43751092325939e-10,0.957744618536874,0.447082977397702,0.503723466839972,0.999999999237769
"1683","Acad12",1.43637914057522e-10,0.957543390672059,0.446379258808188,0.504059420674878,0.999999999237769
"2350","Cyp2u1",1.43385435685155e-10,0.957093954581804,0.444811398960968,0.504809293165917,0.999999999237769
"145","Ano8",1.43335397038242e-10,0.957004792791971,0.444500992584297,0.504957980052982,0.999999999237769
"505","Hdac8",1.43207604765126e-10,0.956776952484132,0.443708746267052,0.505337811955713,0.999999999237769
"2258","Zbtb42",1.42968907378197e-10,0.956350868688231,0.442230837999632,0.506047685557537,0.999999999237769
"983","Urb1",1.42831299288617e-10,0.956104929780148,0.441379950131383,0.506457163145665,0.999999999237769
"1839","Ddx51",1.42653229441891e-10,0.955786345858342,0.440280086631051,0.506987300453419,0.999999999237769
"2097","Zfp280b",1.42549893830638e-10,0.95560129752955,0.439642454611638,0.507295077779461,0.999999999237769
"1178","Acmsd",1.42390855473544e-10,0.955316253488125,0.43866201179192,0.507768953201624,0.999999999237769
"2184","Msto1",1.42379383939842e-10,0.955295681542928,0.43859133417246,0.507803143106219,0.999999999237769
"365","Fam132a",1.42376667974908e-10,0.955290810765036,0.438574601590966,0.507811237979457,0.999999999237769
"2662","E2f3",1.42349291875183e-10,0.955241709939737,0.438405960086665,0.50789283561898,0.999999999237769
"2448","Ppp1r1b",1.4233864780006e-10,0.955222616703562,0.438340399500479,0.507924563376657,0.999999999237769
"1372","Arhgef16",1.42271565401485e-10,0.955102254139103,0.437927328324647,0.508124545880945,0.999999999237769
"1061","Slc25a34",1.42208142758825e-10,0.954988409126957,0.437536971788729,0.508313656094241,0.999999999237769
"2945","P2ry2",1.42205156433467e-10,0.954983047434616,0.437518595709706,0.508322561467891,0.999999999237769
"1001","Eno3",1.42139797425324e-10,0.954865674456258,0.437116511696533,0.508517485834671,0.999999999237769
"1284","Cenpm",1.42062374564727e-10,0.954726571460437,0.436640450883797,0.508748439701308,0.999999999237769
"1622","Zufsp",1.41906795986322e-10,0.954446833636827,0.435684607321893,0.509212699744396,0.999999999237769
"2418","Prr5",1.4168431475575e-10,0.954046301392777,0.434319547075554,0.509876988497516,0.999999999237769
"861","Frat2",1.41634833336197e-10,0.953957139966873,0.434016239047663,0.510024792695075,0.999999999237769
"595","Armcx5",1.41534594763613e-10,0.953776428772092,0.433402127781396,0.510324280474608,0.999999999237769
"785","Zfp182",1.41427502565876e-10,0.953583229105194,0.43274650818724,0.510644346755996,0.999999999237769
"2391","Surf6",1.41372782496734e-10,0.953484458396268,0.432411702899856,0.510807929035717,0.999999999237769
"2557","Sap130",1.41351613812459e-10,0.95344623892114,0.432282216851123,0.510871218860278,0.999999999237769
"1658","Fam203a",1.41327720872724e-10,0.953403094428175,0.432136090185079,0.510942658546488,0.999999999237769
"1810","C330021F23Rik",1.41193000113987e-10,0.953159695334035,0.431312614740157,0.511345570136788,0.999999999237769
"2176","Uba6",1.40664077446341e-10,0.952201983124699,0.428087189710072,0.512929030777642,0.999999999237769
"1938","Lmnb1",1.40485036354259e-10,0.951877030841658,0.426998121039678,0.513465612673953,0.999999999237769
"1973","Haus2",1.40434977012492e-10,0.951786105691684,0.426693868898876,0.513615691589291,0.999999999237769
"1728","Rnf141",1.40194089924847e-10,0.951348145533939,0.425231314592766,0.514338195080225,0.999999999237769
"881","Pcgf2",1.40178531241643e-10,0.951319833815357,0.425136935832676,0.514384879101025,0.999999999237769
"2470","2900008C10Rik",1.40167129182165e-10,0.95129908392202,0.425067777746323,0.514419092519832,0.999999999237769
"2315","Heatr5a",1.40072877024266e-10,0.951127499669369,0.424496315868889,0.514701954147682,0.999999999237769
"936","Fras1",1.4006933684511e-10,0.951121052730957,0.424474858838085,0.514712580209592,0.999999999237769
"2700","Phf7",1.39705661451177e-10,0.950457956252221,0.422273511122569,0.515804780990046,0.999999999237769
"2904","Tbp",1.39681901982329e-10,0.950414578824912,0.422129892874276,0.515876177957984,0.999999999237769
"815","Prim1",1.39435194482898e-10,0.949963757924029,0.420640070069796,0.516617834442553,0.999999999237769
"1736","Gba2",1.39348036081166e-10,0.94980431017526,0.420114365524766,0.516879983612685,0.999999999237769
"2099","Ttl",1.39294326781766e-10,0.949706007691091,0.419790576249895,0.517041561135279,0.999999999237769
"2346","Cluap1",1.39094493123812e-10,0.949339945795449,0.418586964951603,0.517642964656166,0.999999999237769
"1062","Uck2",1.39093978636555e-10,0.949339002704237,0.418583868391035,0.517644513483234,0.999999999237769
"787","Slc2a5",1.38945470762292e-10,0.949066640487023,0.417690518211469,0.51809168603706,0.999999999237769
"398","Cidec",1.38771179539948e-10,0.948746643344381,0.41664328534997,0.518616749596084,0.999999999237769
"466","A330049M08Rik",1.38771170072596e-10,0.94874662595217,0.416643228500867,0.51861677812456,0.999999999237769
"935","Eif2c2",1.38744729203143e-10,0.948698047818646,0.41648447276367,0.518696456967165,0.999999999237769
"513","Xlr4b",1.38640805737906e-10,0.948507031652376,0.415860790696544,0.519009688781624,0.999999999237769
"490","Gm10516",1.38418385545243e-10,0.948097761283979,0.414527537595806,0.519680405246248,0.999999999237769
"1005","Cenpq",1.38408835274755e-10,0.948080174239154,0.414470338351335,0.519709214456074,0.999999999237769
"1040","Zfp612",1.38250836847865e-10,0.947789051170364,0.413524614268631,0.520185949801603,0.999999999237769
"2906","E2f6",1.38126932257074e-10,0.947560529961984,0.412783719834479,0.520559970037712,0.999999999237769
"2680","Rpp40",1.37786168937896e-10,0.946931056307005,0.410749532293672,0.521589317357286,0.999999999237769
"2392","Tagap1",1.37733674819781e-10,0.946833956992846,0.410436615151543,0.521747979921516,0.999999999237769
"2235","Phtf2",1.37685785573619e-10,0.946745345111633,0.410151251632893,0.521892745990816,0.999999999237769
"613","Cenpo",1.37641631157537e-10,0.946663618356688,0.40988823123319,0.522026240212423,0.999999999237769
"866","1500011B03Rik",1.37445713381214e-10,0.946300691295239,0.40872219973705,0.52261877977986,0.999999999237769
"1895","Fam117a",1.37011655626676e-10,0.945494891393198,0.406144761644433,0.523932786589945,0.999999999237769
"2446","Tox",1.36991690478722e-10,0.945457769826222,0.406026404568563,0.523993267058159,0.999999999237769
"1305","Tbc1d22b",1.36984184313239e-10,0.9454438121621,0.405981911097812,0.52401600642811,0.999999999237769
"2553","Tatdn1",1.36591791040841e-10,0.944713158731352,0.403659359684316,0.525205436704197,0.999999999237769
"2336","Zfp386",1.36475895573385e-10,0.94449697968301,0.402974656117618,0.525557005453456,0.999999999237769
"1120","Itga2b",1.36269459723413e-10,0.944111489401588,0.401756484964825,0.526183526351287,0.999999999237769
"2010","2310047B19Rik",1.36260151109774e-10,0.944094093955019,0.401701598592347,0.526211786446925,0.999999999237769
"2976","Rpia",1.36102268882172e-10,0.943798882069788,0.400771248816707,0.526691220482296,0.999999999237769
"2197","Cyp2c55",1.35799722845398e-10,0.943232275804716,0.398991455036637,0.527610571576345,0.999999999237769
"2438","Tab3",1.35624761186617e-10,0.942904068173184,0.397964012040453,0.52814260332721,0.999999999237769
"2951","March7",1.3554587025668e-10,0.942755948082963,0.397501167062981,0.528382588009249,0.999999999237769
"2047","Exd2",1.35542596854225e-10,0.94274980042456,0.397481968166223,0.528392546836106,0.999999999237769
"1790","Lrp2bp",1.35404851714592e-10,0.942490979971501,0.3966744967141,0.528811702012689,0.999999999237769
"718","Lamb3",1.35371102958351e-10,0.942427529046961,0.396476784410836,0.528914424480028,0.999999999237769
"476","3930402G23Rik",1.34445921911623e-10,0.940682295393211,0.391075937041849,0.531734385170466,0.999999999237769
"1049","Ss18l1",1.34369635558375e-10,0.94053788884313,0.390632259872227,0.531967246271308,0.999999999237769
"1217","Mfsd4",1.34294933857075e-10,0.940396407429733,0.390198042977409,0.532195320334843,0.999999999237769
"1368","Cyp3a16",1.3381971563903e-10,0.939494634885653,0.387441406789566,0.533647382258779,0.999999999237769
"2204","Khnyn",1.33535108350952e-10,0.938953125851587,0.385795141318622,0.53451797687377,0.999999999237769
"2425","Zdhhc13",1.33317123228396e-10,0.938537643145498,0.384536611468635,0.535185263109082,0.999999999237769
"1850","Tmem180",1.33284726486198e-10,0.938475840120746,0.384349745452939,0.535284470388646,0.999999999237769
"986","Slc25a40",1.33139869557879e-10,0.938199325171405,0.383514759027103,0.53572817346245,0.999999999237769
"1757","Atrip",1.33012917591244e-10,0.937956756587118,0.382783727210639,0.536117185125572,0.999999999237769
"1002","Helq",1.32817445450715e-10,0.937582840807693,0.381659496924612,0.536716437151804,0.999999999237769
"353","Stxbp4",1.32170280769107e-10,0.936341195079055,0.377949219411332,0.538702827997325,0.999999999237769
"2338","Ptpn23",1.31917987444347e-10,0.935855601436607,0.376507699331822,0.539478208141301,0.999999999237769
"2436","Syt3",1.31614601242731e-10,0.935270513534232,0.374777898982979,0.54041135304407,0.999999999237769
"2409","Ints6",1.31514885442649e-10,0.935077932876013,0.374210224563772,0.540718231648488,0.999999999237769
"1142","Fam160a1",1.30896165447691e-10,0.933879931662709,0.370697516163785,0.542624307379233,0.999999999237769
"147","Alkbh8",1.30600204414915e-10,0.933304995773086,0.369023089905296,0.543537249923791,0.999999999237769
"387","Zfp429",8.14084059105328e-11,0.815004526527527,0.143385200864038,0.704938590170395,0.999999999237769
"945","D830031N03Rik",8.10977631847277e-11,0.814061724655931,0.142293014202497,0.706012003852114,0.999999999237769
"1759","Pibf1",8.10383951415148e-11,0.813881156961335,0.142084757762163,0.706217214451389,0.999999999237769
"868","Nbeal2",8.08347247467207e-11,0.813260749812884,0.141371463927784,0.706921380443793,0.999999999237769
"699","Fam60a",8.0808901215757e-11,0.813181983190709,0.141281153055618,0.707010680140286,0.999999999237769
"1175","Zfp937",8.07644223349318e-11,0.813046258876915,0.141125667755209,0.707164500880515,0.999999999237769
"1220","Fzd4",8.06438536255642e-11,0.812677998670784,0.140704624961817,0.707581522205901,0.999999999237769
"1452","Prkd2",8.0611269524404e-11,0.812578386467102,0.140590944692387,0.70769423869247,0.999999999237769
"930","Cdc42ep2",8.06070825090283e-11,0.812565583688071,0.140576340254002,0.707708723081503,0.999999999237769
"1513","Zfp329",8.05355988798457e-11,0.812346909485816,0.140327120187936,0.707956026925616,0.999999999237769
"464","Tcf19",8.05205355709864e-11,0.812300806383699,0.140274631770359,0.708008143685582,0.999999999237769
"1802","Fkbp7",8.05116142199879e-11,0.812273497681629,0.140243549764008,0.708039010849426,0.999999999237769
"1474","Prkx",8.04060258081619e-11,0.811950070504833,0.13987594109883,0.70840437476671,0.999999999237769
"1108","Col4a2",8.02994421106194e-11,0.811623190409987,0.139505356587685,0.708773250705913,0.999999999237769
"708","Fam26f",8.02681487426951e-11,0.811527139922324,0.139396644953274,0.708881567022339,0.999999999237769
"2656","Hist3h2a",8.02676368899041e-11,0.811525568571951,0.13939486715385,0.708883338756861,0.999999999237769
"1364","Cyp26b1",8.0243776353882e-11,0.811452308050997,0.139312005815821,0.708965931702876,0.999999999237769
"160","Relb",8.02194806973123e-11,0.811377690554363,0.139227658732257,0.709050034328804,0.999999999237769
"2132","Lrig3",8.02181408463252e-11,0.811373574950047,0.13922300792284,0.70905467250325,0.999999999237769
"2673","Wwc2",8.01877314986394e-11,0.811280149577238,0.139117473729438,0.709159943720905,0.999999999237769
"70","Sept4",8.01859059560653e-11,0.811274539981516,0.139111139544009,0.709166263569196,0.999999999237769
"172","Hdc",8.0163577904262e-11,0.811205919812293,0.139033678343228,0.709243562701139,0.999999999237769
"872","Fzd6",8.01153873554029e-11,0.811057756043713,0.138866567654058,0.70941040732379,0.999999999237769
"2705","Mef2a",8.01051325036464e-11,0.811026216305686,0.138831019803092,0.709445913322217,0.999999999237769
"644","Kank3",8.00896711844457e-11,0.810978656439107,0.138777432636003,0.709499447183228,0.999999999237769
"72","Nrarp",8.00743647220094e-11,0.810931564437007,0.138724392373903,0.709552446275044,0.999999999237769
"95","Nos3",7.99326413105239e-11,0.810495135447375,0.138233771045023,0.710043234618551,0.999999999237769
"2966","Vipar",7.99303030678509e-11,0.810487928881098,0.138225683751286,0.710051332965027,0.999999999237769
"2831","Tmem50b",7.99043677030333e-11,0.810407981688635,0.138135996816858,0.710141160555209,0.999999999237769
"2491","5033414D02Rik",7.98876168538007e-11,0.810356333334743,0.138078086272425,0.710199179555619,0.999999999237769
"59","Fads3",7.98811160274325e-11,0.810336286422119,0.138055615076571,0.710221696564866,0.999999999237769
"917","Pus3",7.98701127003068e-11,0.810302351442991,0.138017584399321,0.710259809529615,0.999999999237769
"24","Tbxa2r",7.98642071025833e-11,0.810284136385795,0.137997175108002,0.710280265444785,0.999999999237769
"1126","Twf2",7.98557732492628e-11,0.81025812105865,0.137968030976403,0.710309479138883,0.999999999237769
"355","Il3ra",7.98213619003202e-11,0.810151948022683,0.137849150576538,0.710428679673656,0.999999999237769
"562","2310014F07Rik",7.97998579138956e-11,0.810085577661866,0.137774887073687,0.710503172843222,0.999999999237769
"199","Wls",7.97948193077089e-11,0.810070023974864,0.137757489261193,0.71052062776244,0.999999999237769
"124","Hk1",7.97338814639153e-11,0.809881841805178,0.137547163853688,0.710731742833932,0.999999999237769
"2856","Lzts2",7.96644863239050e-11,0.809667378310175,0.1373078439861,0.710972184668141,0.999999999237769
"1448","Btbd7",7.96564230934563e-11,0.809642447788698,0.137280050202199,0.711000124194898,0.999999999237769
"838","Adamts1",7.96400071025714e-11,0.809591684238691,0.137223473324906,0.711057007685211,0.999999999237769
"581","Apaf1",7.96378195909005e-11,0.809584919004501,0.137215935057701,0.711064587812069,0.999999999237769
"650","Jam2",7.96270149769525e-11,0.809551501428944,0.137178704891375,0.711102028188789,0.999999999237769
"1660","Ppp1r14a",7.96064285643959e-11,0.809487817968696,0.137107782922009,0.711173366589754,0.999999999237769
"535","Arrb1",7.95963583264377e-11,0.809456660358207,0.137073096761737,0.711208264056137,0.999999999237769
"679","Slc9a9",7.94332804287416e-11,0.808951577166585,0.136511998395515,0.711773479444615,0.999999999237769
"1358","Nid1",7.93706185852745e-11,0.808757242855134,0.136296705273239,0.711990702699687,0.999999999237769
"2321","Zfp646",7.93149105110723e-11,0.808584353522204,0.136105446530218,0.712183839679318,0.999999999237769
"1846","Qtrt1",7.92972346071607e-11,0.808529472765753,0.136044789115221,0.712245124972938,0.999999999237769
"488","Map2k6",7.92435160679098e-11,0.808362615140463,0.135860529172286,0.712431387472797,0.999999999237769
"2339","Zfp280c",7.92225569783378e-11,0.808297484375291,0.135788671269643,0.712504065219189,0.999999999237769
"2249","2010109K11Rik",7.91944687718916e-11,0.808210174398264,0.135692401110152,0.712601467987782,0.999999999237769
"2150","Wdr59",7.91562086963051e-11,0.808091199229026,0.135561322575707,0.712734151757329,0.999999999237769
"2902","2610005L07Rik",7.91313570495735e-11,0.808013890585071,0.135476215082403,0.712820340514936,0.999999999237769
"75","Gnb4",7.90931628705041e-11,0.807895031510523,0.135345466558635,0.712952810066434,0.999999999237769
"615","BC018242",7.90917280765934e-11,0.80789056542827,0.135340556119279,0.712957786556467,0.999999999237769
"2480","Mlh3",7.90915062602965e-11,0.807889874974016,0.13533979698303,0.712958555913061,0.999999999237769
"1527","Emcn",7.90274536279038e-11,0.80769042039503,0.135120674591485,0.713180730861935,0.999999999237769
"826","2310057M21Rik",7.89867772427965e-11,0.807563678774737,0.134981613901615,0.713321834867927,0.999999999237769
"1516","Cav2",7.89799563297947e-11,0.807542419821973,0.134958302199988,0.713345497177483,0.999999999237769
"1280","Ppic",7.89168370982867e-11,0.807345612400529,0.13474267634195,0.713564476077317,0.999999999237769
"693","2410018M08Rik",7.89093904131099e-11,0.807322383704663,0.1347172485882,0.713590312342249,0.999999999237769
"2752","Gtpbp3",7.88821979056413e-11,0.807237543734701,0.134624416326413,0.713684659502452,0.999999999237769
"436","Grap",7.88784027347414e-11,0.807225700711336,0.134611462570303,0.713697827580698,0.999999999237769
"1700","S1pr2",7.8852861571814e-11,0.807145984312073,0.134524301153816,0.713786449795399,0.999999999237769
"2290","Trove2",7.88298083668325e-11,0.807074012268891,0.134445654345161,0.713866442659316,0.999999999237769
"156","Sema6d",7.88001952875253e-11,0.806981531343468,0.134344662040515,0.713969202401959,0.999999999237769
"2590","Plcb3",7.87942335258278e-11,0.806962908965084,0.134324334665447,0.713989890817091,0.999999999237769
"166","Gpr97",7.87400309047275e-11,0.806793539008085,0.134139594577748,0.714177993575988,0.999999999237769
"2621","Eps15l1",7.87343623512288e-11,0.806775819846711,0.134120281654211,0.714197666516517,0.999999999237769
"516","Sema3f",7.87247766344877e-11,0.806745853419567,0.134087626007323,0.714230934560208,0.999999999237769
"173","Rnasel",7.87224048748715e-11,0.80673843840551,0.134079546750971,0.714239166037123,0.999999999237769
"78","Bcam",7.87002024741315e-11,0.806669015173157,0.134003927413863,0.714316223750837,0.999999999237769
"1390","Zfp948",7.86718192296391e-11,0.806580238708112,0.133907287754631,0.714414737517269,0.999999999237769
"413","Podxl",7.86680537929113e-11,0.806568459003993,0.13389446976319,0.71442780711207,0.999999999237769
"2036","Ankrd10",7.8667327791318e-11,0.806566187736791,0.13389199843855,0.714430327027714,0.999999999237769
"961","Npdc1",7.86529411689222e-11,0.806521175703626,0.133843030778366,0.714480262925098,0.999999999237769
"167","Afap1l1",7.86462623403662e-11,0.806500276745916,0.133820301133696,0.714503445522527,0.999999999237769
"859","Cdyl2",7.86443594813576e-11,0.806494322138062,0.133813825604473,0.714510050503636,0.999999999237769
"1934","1500010J02Rik",7.86171051558698e-11,0.806409020471956,0.133721094895136,0.714604654869549,0.999999999237769
"597","Bahcc1",7.86122426353122e-11,0.806393798647109,0.133704553928299,0.714621533960558,0.999999999237769
"2324","Ankrd50",7.85980358103281e-11,0.806349319985761,0.133656232051376,0.714670850395858,0.999999999237769
"2056","Lrch3",7.85418706691459e-11,0.806173404558641,0.133465282266768,0.714865829236133,0.999999999237769
"2691","Sfi1",7.85177152409119e-11,0.806097710801656,0.133383200817327,0.714949691196637,0.999999999237769
"749","Selm",7.8517216491485e-11,0.806096147683982,0.133381506305879,0.714951422773502,0.999999999237769
"1302","Unc45b",7.85022726124859e-11,0.806049308139051,0.133330739162125,0.715003306170565,0.999999999237769
"2080","C130039O16Rik",7.84699351939693e-11,0.805947922287679,0.133220916000637,0.715115582406715,0.999999999237769
"176","Ripply3",7.84650972831859e-11,0.805932750864031,0.133204489555618,0.715132380270671,0.999999999237769
"857","Sox18",7.84295003094136e-11,0.805821093715611,0.13308365618344,0.715255981897482,0.999999999237769
"2579","4930430F08Rik",7.84216034478405e-11,0.805796317161223,0.133056857841031,0.715283402794727,0.999999999237769
"2168","Prr12",7.83511142145814e-11,0.805575052112985,0.132817769113251,0.715528184409368,0.999999999237769
"210","Me2",7.83419526016423e-11,0.805546280185806,0.132786710107583,0.715560001266301,0.999999999237769
"1606","Npr1",7.83133454314232e-11,0.805456419420526,0.132689751623931,0.715659352699285,0.999999999237769
"2556","Nlrx1",7.83131148655671e-11,0.805455695042621,0.132688970309304,0.715660153463839,0.999999999237769
"433","Gpr124",7.82954408852303e-11,0.805400162042466,0.1326290856367,0.715721536844187,0.999999999237769
"1791","Msh6",7.82184531030664e-11,0.805158123293574,0.132368385935744,0.71598894401806,0.999999999237769
"315","Gm14005",7.820932163728e-11,0.805129400429032,0.132337481544652,0.71602066330365,0.999999999237769
"330","Gpr77",7.8206881126185e-11,0.805121723311762,0.132329222527795,0.716029140806401,0.999999999237769
"1856","Adam23",7.81767938232561e-11,0.805027059198762,0.132227424233556,0.716133656705695,0.999999999237769
"2538","Mynn",7.81682081992686e-11,0.805000039859956,0.132198382556324,0.716163482029853,0.999999999237769
"3000","Pea15a",7.81445433587537e-11,0.804925551146839,0.132118350529145,0.716245692803098,0.999999999237769
"1138","Plekho1",7.8135905230771e-11,0.80489835604376,0.132089143316606,0.716275702157016,0.999999999237769
"2141","Tgfbr3",7.81309525268456e-11,0.804882762354813,0.132072398705195,0.716292908333246,0.999999999237769
"2931","Pkm2",7.8110263901039e-11,0.804817613769119,0.132002463946013,0.716364784193619,0.999999999237769
"2205","Uaca",7.81053915742713e-11,0.804802268433248,0.13198599647946,0.71638171186422,0.999999999237769
"2377","Tmem164",7.81045771627098e-11,0.80479970336603,0.131983244035386,0.716384541345399,0.999999999237769
"1091","Tspan15",7.8089342397912e-11,0.804751715390588,0.131931760815059,0.716437471665647,0.999999999237769
"2559","Mbtps2",7.79776321807957e-11,0.804399570952619,0.131554562507928,0.716825629376103,0.999999999237769
"2458","Cyb5r1",7.79003253396705e-11,0.804155599241978,0.131293846041212,0.717094289063207,0.999999999237769
"768","Col13a1",7.78828438164226e-11,0.804100398036502,0.131234925648301,0.717155046374738,0.999999999237769
"1195","Tspan3",7.78678173542684e-11,0.804052939860579,0.131184290455449,0.717207272512858,0.999999999237769
"2466","Spry4",7.78673948982480e-11,0.804051605490765,0.131182867031888,0.717208740824786,0.999999999237769
"2741","Casp9",7.78570074870632e-11,0.80401879367198,0.131147870111954,0.71724484422461,0.999999999237769
"1360","Cmtm3",7.78295896622708e-11,0.803932166351036,0.131055517315437,0.717340143061829,0.999999999237769
"757","Prelid2",7.78203170960662e-11,0.8039028629631,0.131024291439115,0.717372373630222,0.999999999237769
"1514","Tmem204",7.77641995118287e-11,0.803725448900925,0.130835391782001,0.717567443813131,0.999999999237769
"1960","Esam",7.77279864122895e-11,0.803610898512258,0.130713565751149,0.717693333849064,0.999999999237769
"181","Runx1",7.7694759162532e-11,0.803505749011199,0.130601834464464,0.717808850719093,0.999999999237769
"162","Ptrf",7.76520683138979e-11,0.803370589494034,0.130458350620149,0.717957277926132,0.999999999237769
"2247","Epb4.1l2",7.76471733344849e-11,0.803355087502361,0.130441903645153,0.717974297432501,0.999999999237769
"2682","Csnk1g1",7.76357418136483e-11,0.803318881258827,0.130403498137031,0.71801404458838,0.999999999237769
"2188","Lgals3",7.75766306423614e-11,0.803131582831669,0.130204997580006,0.718219585053637,0.999999999237769
"1383","Dpy19l3",7.75385699724098e-11,0.803010913729428,0.130077266490966,0.718351939829612,0.999999999237769
"716","5730419I09Rik",7.74824316717085e-11,0.802832829126675,0.129888981531702,0.718547174419106,0.999999999237769
"1084","Hace1",7.74491735757239e-11,0.802727269109801,0.129777499922092,0.718662846201729,0.999999999237769
"303","Fli1",7.74473939433024e-11,0.802721619421315,0.129771535918028,0.718669035951692,0.999999999237769
"1787","Mmrn2",7.74157915543888e-11,0.802621272995503,0.129665651042766,0.718778955479691,0.999999999237769
"2596","Cd38",7.73990735951162e-11,0.802568173258262,0.129609654431038,0.718837106291199,0.999999999237769
"2158","Sipa1",7.73893777480354e-11,0.802537372289939,0.129577183844019,0.718870832527557,0.999999999237769
"169","St6galnac4",7.73886988840558e-11,0.80253521559519,0.129574910537283,0.718873193922669,0.999999999237769
"1910","Ccdc82",7.73557145133356e-11,0.802430405593514,0.129464480044649,0.71898793167413,0.999999999237769
"1907","Fam176b",7.73006859959202e-11,0.802255455534095,0.12928035132305,0.719179365168472,0.999999999237769
"2292","Metrnl",7.7291959205533e-11,0.802227700052531,0.129251162996221,0.719209725591422,0.999999999237769
"1515","Ifi204",7.72800098006525e-11,0.802189690305152,0.129211201398527,0.719251298179036,0.999999999237769
"964","4632428N05Rik",7.72786766250176e-11,0.802185449277748,0.129206743331297,0.719255936416414,0.999999999237769
"918","Plekhg2",7.72353062085943e-11,0.802047444174257,0.129061756951187,0.719406831615636,0.999999999237769
"1317","Fbxo32",7.72094683550574e-11,0.801965193309379,0.128975420244442,0.719496732378575,0.999999999237769
"1940","Phf15",7.71915659751072e-11,0.801908188671824,0.128915616716734,0.719559024566064,0.999999999237769
"675","2900076A07Rik",7.71830623992928e-11,0.801881107299036,0.128887215081805,0.719588613817383,0.999999999237769
"2183","Ttyh3",7.71555222245212e-11,0.801793380779131,0.128795253372966,0.71968444616988,0.999999999237769
"1440","Arhgef15",7.71522400409217e-11,0.801782923747229,0.128784295747,0.719695867574101,0.999999999237769
"213","Ly86",7.71522148276909e-11,0.8017828434163,0.128784211574003,0.719695955311817,0.999999999237769
"2933","Plscr3",7.70742242720133e-11,0.801534242718453,0.128523975994237,0.719967366729493,0.999999999237769
"2785","P2ry1",7.70702309304458e-11,0.801521507296268,0.128510658264615,0.719981264727763,0.999999999237769
"2453","Plxnc1",7.70586100891949e-11,0.801484443003221,0.128471906872507,0.720021709185444,0.999999999237769
"550","Ptpre",7.70556522320458e-11,0.801475008177576,0.128462044398874,0.72003200365377,0.999999999237769
"2499","Dgcr14",7.70523743678891e-11,0.801464552212682,0.128451115358305,0.720043411927542,0.999999999237769
"1184","Gltp",7.70343995575242e-11,0.801407207462715,0.128391192087934,0.720105972540265,0.999999999237769
"369","Itga6",7.70170127432385e-11,0.801351726644978,0.128333242343229,0.720166488439285,0.999999999237769
"1648","Kctd18",7.70071432502803e-11,0.801320228153444,0.128300353431232,0.720200840609437,0.999999999237769
"1944","Arhgdib",7.70067922900203e-11,0.80131910799389,0.128299183975493,0.720202062186804,0.999999999237769
"1405","Naaa",7.69941150354266e-11,0.801278642800867,0.128256944908232,0.720246188024159,0.999999999237769
"152","Basp1",7.69878715669213e-11,0.801258711649921,0.128236144987913,0.720267920065234,0.999999999237769
"1908","Ttll1",7.69815743808322e-11,0.801238607479526,0.128215167817711,0.720289839313475,0.999999999237769
"1213","A830007P12Rik",7.69734346208952e-11,0.801212618488329,0.128188055212668,0.72031817253425,0.999999999237769
"1799","Fmn1",7.69581548412119e-11,0.801163825559489,0.128137167764426,0.720371360075011,0.999999999237769
"889","Kctd17",7.69283073071521e-11,0.801068487196349,0.12803779332327,0.720475260563516,0.999999999237769
"403","Cd44",7.69253417025291e-11,0.801059012629892,0.128027921738514,0.720485584236603,0.999999999237769
"15","Timd4",7.6881703041801e-11,0.800919555434098,0.12788270607322,0.720637502241083,0.999999999237769
"1292","Als2cr4",7.68367734548782e-11,0.800775895199296,0.127733280708389,0.720793925831312,0.999999999237769
"1064","Phtf1",7.68173478485049e-11,0.800713758340737,0.127668702703252,0.720861560231339,0.999999999237769
"2671","Pdlim7",7.68172016690965e-11,0.800713290699507,0.127668216809943,0.720862069194467,0.999999999237769
"1831","Slc43a2",7.68126140830767e-11,0.800698614170168,0.127652968364934,0.72087804217824,0.999999999237769
"2597","Orc6",7.68120164905212e-11,0.800696702301423,0.127650982124321,0.720880122875425,0.999999999237769
"2925","Maml1",7.68088797640207e-11,0.800686666791384,0.127640556723162,0.720891044360628,0.999999999237769
"306","Cd53",7.67940272025411e-11,0.800639142914756,0.127591197692615,0.720942758928321,0.999999999237769
"1733","Flt4",7.67867644881647e-11,0.800615901202671,0.127567065227092,0.720968047161286,0.999999999237769
"2888","Fam53b",7.67839548699289e-11,0.800606909474267,0.127557730071536,0.720977830125516,0.999999999237769
"744","Myof",7.67828505950951e-11,0.800603375336917,0.127554061133708,0.720981675173283,0.999999999237769
"300","Entpd1",7.67773656182645e-11,0.800585820430235,0.127535838156169,0.721000773782332,0.999999999237769
"2157","Ifi203",7.67609584044867e-11,0.80053330140676,0.127481335526099,0.721057904499316,0.999999999237769
"761","Dcbld1",7.67458586620996e-11,0.800484958257272,0.127431186438922,0.721110483912886,0.999999999237769
"1534","Ggps1",7.67426171974783e-11,0.800474579260904,0.127420422210949,0.721121771317658,0.999999999237769
"1745","Zc3h3",7.67423511336919e-11,0.800473727320627,0.127419538688794,0.721122697805758,0.999999999237769
"2463","Arhgap23",7.67373148180893e-11,0.800457600439198,0.127402815094996,0.721140235355962,0.999999999237769
"639","Oasl2",7.67370924859717e-11,0.80045688848244,0.127402076844076,0.721141009568304,0.999999999237769
"2281","Rab11fip3",7.67137562505376e-11,0.800382149919141,0.12732460107071,0.721222273377487,0.999999999237769
"689","Zscan22",7.67039176679057e-11,0.800350633667758,0.127291944260756,0.721256535232482,0.999999999237769
"1880","Calcrl",7.66989893660121e-11,0.800334845252836,0.127275587521866,0.721273697748687,0.999999999237769
"2140","Iqgap1",7.66985687754706e-11,0.800333497795781,0.127274191655716,0.72127516243656,0.999999999237769
"1642","Dtx2",7.66841785386422e-11,0.800287391237453,0.127226437597847,0.721325276412731,0.999999999237769
"658","Arhgap19",7.66744093598893e-11,0.800256086001255,0.127194023645837,0.721359298243579,0.999999999237769
"1090","Prkcb",7.66656059902572e-11,0.800227872486023,0.127164817767807,0.72138995705063,0.999999999237769
"1072","BC023829",7.66459671436846e-11,0.800164921896108,0.127099676419294,0.721458353339228,0.999999999237769
"2","Clec7a",7.66398908736797e-11,0.800145441884178,0.127079525030573,0.721479515640025,0.999999999237769
"163","Cd300ld",7.66254177817383e-11,0.800099036530389,0.127031532791459,0.721529923068076,0.999999999237769
"2308","Slc43a3",7.66201911751799e-11,0.800082276340476,0.127014203784509,0.72154812678691,0.999999999237769
"21","Rac2",7.66179828628112e-11,0.800075194609994,0.127006882398569,0.721555818153142,0.999999999237769
"2738","Serpinb6a",7.66176896280412e-11,0.800074254235147,0.127005910230906,0.721556839467299,0.999999999237769
"1343","Brms1l",7.66081200149807e-11,0.800043563581628,0.12697418592491,0.721590169966215,0.999999999237769
"1087","Frs3",7.6608030028836e-11,0.800043274970492,0.126973887629879,0.721590483386109,0.999999999237769
"1009","Gm11428",7.6600304133802e-11,0.800018494644128,0.126948278370343,0.721617392694126,0.999999999237769
"1071","Fut11",7.65979546766687e-11,0.800010958442101,0.126940491065384,0.721625575926391,0.999999999237769
"1466","Cdyl",7.65884508800006e-11,0.799980471514363,0.126908993050096,0.721658678270874,0.999999999237769
"822","Arhgap10",7.65872274016423e-11,0.799976546499167,0.126904938413542,0.721662939763776,0.999999999237769
"2285","Hspg2",7.65781406539422e-11,0.799947393654402,0.126874826741191,0.721694590051117,0.999999999237769
"1922","Zfp770",7.65740245551774e-11,0.799934186983027,0.126861187985322,0.721708927098632,0.999999999237769
"1103","Cfp",7.65697998581619e-11,0.799920631177276,0.126847190149873,0.721723642513346,0.999999999237769
"2837","Kifap3",7.65616526753373e-11,0.799894487291331,0.126820197986633,0.721752020975083,0.999999999237769
"500","2810002D19Rik",7.6555789485403e-11,0.799875671005078,0.126800774622312,0.721772444015235,0.999999999237769
"36","Csf2ra",7.65548993199134e-11,0.799872814146988,0.12679782584422,0.721775544714243,0.999999999237769
"404","Gpsm3",7.65502894863859e-11,0.799858019050916,0.126782555775934,0.72179160214572,0.999999999237769
"1867","Slc44a1",7.65415984622031e-11,0.799830123246148,0.126753769269286,0.721821875920588,0.999999999237769
"1482","Lnpep",7.65412135972755e-11,0.799828887866559,0.126752494590978,0.721823216545294,0.999999999237769
"648","Vsig4",7.65276714486577e-11,0.799785415155696,0.126707646875827,0.721870389324739,0.999999999237769
"401","Pld4",7.65247937497211e-11,0.799776176299642,0.126698117783978,0.72188041365001,0.999999999237769
"2851","Vrk2",7.65204636136385e-11,0.799762273778213,0.126683779827801,0.721895497559937,0.999999999237769
"2679","Akap7",7.65119753645178e-11,0.799735018898851,0.126655675872589,0.72192506645599,0.999999999237769
"541","Hcls1",7.65063052557637e-11,0.799716811193198,0.126636904305317,0.721944818564906,0.999999999237769
"1453","Hexdc",7.64909772779095e-11,0.799667584053504,0.12658616618091,0.7219982152743,0.999999999237769
"216","Aif1",7.64882488726395e-11,0.799658820571632,0.126577135777182,0.722007720118419,0.999999999237769
"11","Fcgr4",7.64697661271415e-11,0.799599447327184,0.126515970556081,0.722072108902527,0.999999999237769
"400","Rgs10",7.64637194697055e-11,0.799580020360709,0.126495963472819,0.722093174215631,0.999999999237769
"1323","Ubiad1",7.64607230606878e-11,0.799570392832317,0.126486049588912,0.722103613167558,0.999999999237769
"5","Cmtm7",7.6453157972226e-11,0.799546084461258,0.126461021554154,0.722129968809989,0.999999999237769
"2563","Cenpa",7.64511600880657e-11,0.799539664422869,0.126454412247819,0.722136929196147,0.999999999237769
"26","Cyth4",7.64475829266444e-11,0.799528169112225,0.126442578882261,0.722149391650244,0.999999999237769
"319","Cklf",7.64297823265364e-11,0.799470958871368,0.126383702155061,0.722211408164838,0.999999999237769
"422","Itpripl2",7.64289999685968e-11,0.799468444125275,0.126381114766121,0.722214133907667,0.999999999237769
"2677","Egfl7",7.642710635047e-11,0.7994623573372,0.12637485236297,0.722220731306618,0.999999999237769
"879","Timp2",7.64224999339475e-11,0.799447550022506,0.126359619085341,0.722236780229271,0.999999999237769
"2214","Pus7",7.64162988107652e-11,0.799427615205078,0.126339113611865,0.722258385360945,0.999999999237769
"10","Fcgr3",7.64101467246738e-11,0.799407836528311,0.126318771935323,0.722279819862968,0.999999999237769
"46","Il1b",7.6405450020841e-11,0.799392735833828,0.126303243536227,0.722296183809942,0.999999999237769
"154","Siglece",7.63960251566381e-11,0.799362430680087,0.126272085614925,0.722329021685964,0.999999999237769
"2125","Cd74",7.63800957122639e-11,0.799311202418986,0.126219432758833,0.722384523820381,0.999999999237769
"2046","Socs5",7.63728352493335e-11,0.799287849824764,0.126195437817523,0.722409821558435,0.999999999237769
"2624","2310040G24Rik",7.63657685696036e-11,0.799265118516207,0.126172085496458,0.72243444438628,0.999999999237769
"20","Cd48",7.63645178460532e-11,0.799261095122449,0.126167952620972,0.722438802382319,0.999999999237769
"2998","Rtkn",7.63641997545829e-11,0.799260071859103,0.126166901534234,0.722439910735291,0.999999999237769
"1804","Plac8",7.63600565755985e-11,0.799246743367937,0.126153211405192,0.72245434721691,0.999999999237769
"2301","Tnip1",7.63569826641607e-11,0.799236854242314,0.126143054891129,0.722465058009443,0.999999999237769
"1202","Dusp10",7.63549996224074e-11,0.799230474371424,0.126136502937718,0.722471967784807,0.999999999237769
"2261","Rcc1",7.63547025147078e-11,0.799229518498808,0.126135521311014,0.722473003038516,0.999999999237769
"2216","Isyna1",7.63526002837815e-11,0.79922275497638,0.126128575770406,0.722480328148835,0.999999999237769
"1752","Ddx60",7.63493967039468e-11,0.799212447740421,0.126117991861445,0.722491490898964,0.999999999237769
"2296","BC024479",7.63186382856857e-11,0.799113464589117,0.126016395549791,0.722598670424721,0.999999999237769
"212","Slc15a3",7.63165628836861e-11,0.799106784425212,0.126009541886542,0.722605902481674,0.999999999237769
"2707","Actr5",7.63111699171999e-11,0.799089425111938,0.125991733400424,0.722624695217375,0.999999999237769
"2144","1700037H04Rik",7.6306242344927e-11,0.799073562840878,0.12597546282487,0.72264186635177,0.999999999237769
"1038","Gm3258",7.63052972611839e-11,0.799070520426734,0.125972342329849,0.722645159705522,0.999999999237769
"158","Soat1",7.62964861977962e-11,0.799042154145388,0.12594325165726,0.722675864055869,0.999999999237769
"2021","Lyrm1",7.62911383371042e-11,0.799024935778316,0.125925596758753,0.722694500229506,0.999999999237769
"1489","Zfp316",7.62869383989969e-11,0.799011412553873,0.125911732365948,0.722709136248861,0.999999999237769
"324","AF251705",7.62831755786256e-11,0.798999296195478,0.125899311588371,0.722722249078687,0.999999999237769
"1668","Fam117b",7.62776515927795e-11,0.798981507832739,0.125881078450351,0.722741499437281,0.999999999237769
"17","Itgb2",7.62693239821172e-11,0.79895468894154,0.125853593823708,0.722770520388496,0.999999999237769
"217","Emr4",7.62559656332942e-11,0.798911662929165,0.125809511907391,0.722817073828787,0.999999999237769
"1206","Uba7",7.62555717251069e-11,0.798910394079839,0.125808212146294,0.72281844660244,0.999999999237769
"37","Filip1l",7.62429049233287e-11,0.798869588748711,0.125766419650508,0.72286259099866,0.999999999237769
"1053","H2-Aa",7.62422957831801e-11,0.798867626280551,0.125764410045296,0.722864713903794,0.999999999237769
"1026","Ano6",7.62416474331505e-11,0.798865537473675,0.125762271100989,0.722866973461035,0.999999999237769
"2805","Marcksl1",7.62323140833613e-11,0.798835466121139,0.125731481854956,0.722899501278966,0.999999999237769
"69","1700034P13Rik",7.62114391544348e-11,0.79876819616601,0.12566263240645,0.722972254665209,0.999999999237769
"1418","Ccnt1",7.62077446832104e-11,0.798756288844643,0.125650449308171,0.722985130912013,0.999999999237769
"2410","Myc",7.61943939539089e-11,0.798713254783374,0.125606428107946,0.723031662523877,0.999999999237769
"399","Ccl6",7.61905310295189e-11,0.798700801910297,0.125593692372156,0.723045126256439,0.999999999237769
"1558","Det1",7.61888415936328e-11,0.798695355505567,0.125588122647529,0.723051014597693,0.999999999237769
"676","Cd52",7.61777127542086e-11,0.798659475513332,0.125551436226144,0.723089803341978,0.999999999237769
"575","Folr2",7.61666634937708e-11,0.798623847224005,0.125515017440134,0.723128315423461,0.999999999237769
"2029","Crip1",7.6166133331321e-11,0.798622137595752,0.125513270137194,0.723130163316756,0.999999999237769
"2006","Cd84",7.6161900747025e-11,0.798608488273912,0.125499320873601,0.723144916143624,0.999999999237769
"2257","Cdc42bpg",7.61613141695666e-11,0.798606596611152,0.125497387760365,0.723146960688857,0.999999999237769
"2452","Cxcl16",7.61444260058413e-11,0.798552127848368,0.12544173784223,0.723205826080362,0.999999999237769
"47","Emr1",7.61405251283147e-11,0.798539544883102,0.125428885415665,0.723219423213771,0.999999999237769
"456","H2-Eb1",7.61397572716001e-11,0.798537067955246,0.125426355595282,0.723222099711628,0.999999999237769
"4","Fyb",7.61374860563643e-11,0.798529741403974,0.125418872881618,0.723230016446366,0.999999999237769
"727","9430020K01Rik",7.61372804135081e-11,0.798529078025228,0.125418195384586,0.723230733253492,0.999999999237769
"2665","Clk2",7.61277304868482e-11,0.798498269276496,0.125386734858413,0.723264021599149,0.999999999237769
"1400","C430048L16Rik",7.61243557459763e-11,0.798487381253426,0.125375618321584,0.723275785117384,0.999999999237769
"18","Syk",7.61224601413786e-11,0.798481265211481,0.125369374337326,0.72328239275835,0.999999999237769
"1594","Ptgs1",7.6122422662251e-11,0.798481144286133,0.125369250885361,0.723282523402163,0.999999999237769
"2000","Iqcb1",7.61203010338323e-11,0.798474298820811,0.125362262582848,0.723289918935024,0.999999999237769
"2849","Zbtb11",7.61169291248325e-11,0.798463418938563,0.125351156458114,0.723301672725838,0.999999999237769
"1011","Lyz2",7.61155289302123e-11,0.798458900904268,0.125346544753397,0.723306553539446,0.999999999237769
"2359","Oit3",7.61104197645148e-11,0.798442414402091,0.125329717838254,0.723324363220158,0.999999999237769
"777","C1qc",7.61047537815792e-11,0.798424129921279,0.125311058379726,0.723344114046068,0.999999999237769
"840","Cd5l",7.61034458624675e-11,0.798419909003234,0.125306751281637,0.723348673295768,0.999999999237769
"1943","Mpeg1",7.60994814034297e-11,0.798407114480829,0.125293696405139,0.723362492986123,0.999999999237769
"1726","Ripk2",7.60840532949426e-11,0.798357317302691,0.125242898456025,0.723416274620308,0.999999999237769
"842","Stoml1",7.60711971172637e-11,0.798315814289465,0.1252005766067,0.723461091672379,0.999999999237769
"299","Fabp7",7.60643985306243e-11,0.798293864062229,0.125178198914124,0.723484792149097,0.999999999237769
"416","Cybb",7.6053018596509e-11,0.798257118169069,0.125140746094587,0.723524464203327,0.999999999237769
"2040","Zfp433",7.60502243756069e-11,0.79824809482009,0.125131550812891,0.723534205364812,0.999999999237769
"312","Ccl24",7.60445544259503e-11,0.798229783953934,0.125112893060037,0.723553971976597,0.999999999237769
"647","Ckb",7.60292319741652e-11,0.79818029432748,0.125062479374237,0.723607390120409,0.999999999237769
"2345","Ints9",7.6022487808497e-11,0.798158508540504,0.125040293048026,0.723630902503106,0.999999999237769
"2967","Stab2",7.60152693128765e-11,0.798135188509297,0.125016548496072,0.723656068845213,0.999999999237769
"682","Clec4f",7.60077119421517e-11,0.798110771484375,0.124991691662784,0.723682416951244,0.999999999237769
"1183","H2-Ab1",7.60045460859959e-11,0.798100542278222,0.124981279627862,0.723693454526637,0.999999999237769
"511","Lyz1",7.59889460779781e-11,0.798050131214099,0.124929979831342,0.723747843896444,0.999999999237769
"1711","Fancc",7.59844997300125e-11,0.798035761166165,0.124915360181015,0.723763346327521,0.999999999237769
"2654","Tgfb1",7.5971073068393e-11,0.797992363065459,0.124871218333778,0.72381015979237,0.999999999237769
"2552","Synrg",7.59606339079132e-11,0.797958616293709,0.124836903664402,0.723846557734862,0.999999999237769
"419","Slfn2",7.59593046734568e-11,0.797954318952843,0.124832534662897,0.723851192386018,0.999999999237769
"784","C1qa",7.5956672614891e-11,0.797945809446178,0.12482388369246,0.723860369633059,0.999999999237769
"1345","Ocrl",7.59519897599642e-11,0.797930668983308,0.124808492967724,0.723876697527652,0.999999999237769
"2934","D330023K18Rik",7.59516799247107e-11,0.797929667202592,0.124807474693092,0.723877777846857,0.999999999237769
"627","C1qb",7.59505767730044e-11,0.797926100385272,0.124803849214922,0.723881624269577,0.999999999237769
"2509","1700113A16Rik",7.59330385721018e-11,0.797869387641383,0.124746217466607,0.723942776663361,0.999999999237769
"643","Ptprc",7.59322497270017e-11,0.797866836488387,0.124743625579515,0.723945527258632,0.999999999237769
"848","Ptpn18",7.59177894905092e-11,0.797820067166482,0.124696118740803,0.723995948762536,0.999999999237769
"2883","Glg1",7.59171713468623e-11,0.797818067693517,0.124694088128471,0.723998104198811,0.999999999237769
"2819","Plekhg6",7.58898535355573e-11,0.79772968912057,0.124604365167488,0.724093362238754,0.999999999237769
"735","Tmem159",7.58727234800841e-11,0.79767425474826,0.124548119472235,0.724153097443635,0.999999999237769
"1708","Tha1",7.58597958402297e-11,0.797632411991099,0.124505680609124,0.724198179274718,0.999999999237769
"880","Tyrobp",7.58585899694912e-11,0.797628508620833,0.124501722344748,0.724202384488671,0.999999999237769
"13","Fam111a",7.58560990977241e-11,0.797620445553467,0.124493546270455,0.724211070892738,0.999999999237769
"1022","Sirpa",7.58558192933985e-11,0.797619539798381,0.124492627853375,0.724212046655115,0.999999999237769
"1718","Fcer1g",7.58508091071238e-11,0.797603320784931,0.124476183217675,0.724229518767035,0.999999999237769
"2608","Chchd8",7.58378070122505e-11,0.797561225615733,0.124433512283826,0.724274861874425,0.999999999237769
"2633","2310046O06Rik",7.58252737372051e-11,0.797520641874791,0.124392386870893,0.724318570949562,0.999999999237769
"2939","Atp5s",7.58105944878557e-11,0.797473101297684,0.124344228518808,0.724369765129228,0.999999999237769
"2100","Loxl4",7.5804337898779e-11,0.797452835930506,0.124323705301848,0.724391585485113,0.999999999237769
"520","Csf1r",7.58034187529455e-11,0.797449858644563,0.124320690410455,0.724394791098742,0.999999999237769
"1735","3110001I22Rik",7.58025370970597e-11,0.797447002763784,0.124317798524236,0.724397865966945,0.999999999237769
"576","Rgs2",7.57782181026896e-11,0.797368215812807,0.124238043967391,0.724482682785896,0.999999999237769
"1507","Azi1",7.57757014825721e-11,0.797360061291654,0.124229792129941,0.724491460139339,0.999999999237769
"458","Laptm5",7.57692642643856e-11,0.797339201829994,0.12420868614757,0.724513911741597,0.999999999237769
"2694","Prpf3",7.57668755098469e-11,0.797331460775662,0.124200854492119,0.724522243252698,0.999999999237769
"677","Ctss",7.57614446886145e-11,0.797313860676367,0.124183050182274,0.724541185021994,0.999999999237769
"2428","Rpl26",7.57455100054643e-11,0.797262213036136,0.124130817560102,0.724596763426092,0.999999999237769
"1586","Kctd12",7.57382201932324e-11,0.797238581832738,0.124106925799166,0.724622189964963,0.999999999237769
"2846","2310004N24Rik",7.57282173744149e-11,0.797206152470964,0.124074146124337,0.724657079843721,0.999999999237769
"323","Sfpi1",7.57248106213594e-11,0.797195106784361,0.124062983033922,0.724668962744831,0.999999999237769
"885","L3mbtl3",7.57192685861535e-11,0.797177136894625,0.124044824222986,0.72468829374358,0.999999999237769
"1362","Zeb2",7.56990583031703e-11,0.797111595179669,0.12397861527837,0.72475879008314,0.999999999237769
"634","Lst1",7.56954116796724e-11,0.797099767473841,0.123966670811626,0.72477151027272,0.999999999237769
"1993","Pard6a",7.56850598246654e-11,0.797066188653467,0.123932766583495,0.724807620133694,0.999999999237769
"543","Cd97",7.56582391594054e-11,0.796979169101687,0.123844945544681,0.724901180173624,0.999999999237769
"424","Epsti1",7.56559071216794e-11,0.796971601446492,0.123837311038847,0.724909315346528,0.999999999237769
"1640","Prss8",7.56401887677741e-11,0.796920588380837,0.123785859234217,0.724964148685754,0.999999999237769
"1763","Ercc1",7.56200018946592e-11,0.79685505839177,0.123719796046705,0.725034572483859,0.999999999237769
"2091","Lonrf1",7.56120455542753e-11,0.796829226263344,0.123693763118896,0.725062329561747,0.999999999237769
"1112","Sdc3",7.56112096451653e-11,0.796826512140021,0.123691028206194,0.725065245797104,0.999999999237769
"2848","Srgn",7.56061379593889e-11,0.796810044219192,0.123674435402236,0.725082939468188,0.999999999237769
"2778","1700021K19Rik",7.55998700945034e-11,0.796789690836188,0.12365393065116,0.725104806471216,0.999999999237769
"1271","Ifi27l2a",7.55889768922837e-11,0.796754314017224,0.123618298573319,0.725142810645414,0.999999999237769
"1361","Galnt10",7.55844203471592e-11,0.796739514739647,0.123603395464384,0.725158707708455,0.999999999237769
"2678","Etaa1",7.55681450607501e-11,0.796686647136949,0.123550171160498,0.725215490567788,0.999999999237769
"2521","Marcks",7.55511849138129e-11,0.796631543512651,0.123494719384849,0.725274664445224,0.999999999237769
"2095","Mnt",7.55379587831926e-11,0.796588563678459,0.123451484740096,0.72532081149479,0.999999999237769
"746","Fcna",7.55256943738073e-11,0.796548702760481,0.123411400611257,0.72536360391179,0.999999999237769
"1865","Slfn5",7.55248111981342e-11,0.796545832090894,0.123408514353528,0.725366685481109,0.999999999237769
"250","Dcp1b",7.55221526486879e-11,0.796537190565637,0.123399826298364,0.725375961696886,0.999999999237769
"521","Itgal",7.55147270595539e-11,0.796513052427243,0.12337556132896,0.725401871290045,0.999999999237769
"1335","Xkr8",7.54770293539165e-11,0.796390475283212,0.123252411451627,0.725533412127802,0.999999999237769
"2404","Fzd1",7.53562044244633e-11,0.795997215904831,0.122858118131137,0.725955068265536,0.999999999237769
"2794","Dnmt1",7.53044962885178e-11,0.795828736212075,0.122689569708513,0.726135545263339,0.999999999237769
"1588","Rbm38",7.52903563420570e-11,0.79578264538483,0.122643499124198,0.726184900591175,0.999999999237769
"1406","Mcm4",7.52473640151756e-11,0.795642456925133,0.122503475242193,0.726334971818178,0.999999999237769
"1394","Gm5512",7.52049184583725e-11,0.795503977644006,0.12236531062333,0.72648314476606,0.999999999237769
"1825","Fbxl8",7.51454830550515e-11,0.795309945483248,0.122171973330163,0.726690644667168,0.999999999237769
"2019","Cyba",7.51281168515017e-11,0.795253224793371,0.122115511701032,0.726751277056943,0.999999999237769
"1770","Ctu1",7.50506147804133e-11,0.794999941119988,0.121863693238538,0.727021888765308,0.999999999237769
"1298","Cdan1",7.50226297395773e-11,0.79490842322472,0.121772828570466,0.727119611682215,0.999999999237769
"1797","Zfp111",7.49731462631816e-11,0.794746521819953,0.121612243539594,0.727292417349616,0.999999999237769
"831","Fam48a",7.49292212781662e-11,0.794602722848346,0.121469785835208,0.727445823334378,0.999999999237769
"2447","Usp37",7.49149904316779e-11,0.794556117802035,0.121423650196993,0.727495526252737,0.999999999237769
"754","Il15",7.48965079688918e-11,0.794495576606924,0.121363744128898,0.72756008015637,0.999999999237769
"2262","2310003H01Rik",7.48095676690288e-11,0.794210606652022,0.121082148189921,0.727863763440253,0.999999999237769
"913","1700084E18Rik",7.4802327751084e-11,0.794186861886831,0.121058713155452,0.727889054469825,0.999999999237769
"2983","Sh3bp2",7.47728874091411e-11,0.794090284162074,0.120963440490426,0.727991900753801,0.999999999237769
"2829","Tyms",7.46395539177405e-11,0.793652442586732,0.120532426029864,0.728457746528741,0.999999999237769
"386","Zfp553",7.46213828666083e-11,0.793592715552753,0.120473745768299,0.728521241029586,0.999999999237769
"1742","Ankrd49",7.46198477276254e-11,0.793587669028335,0.12046878895742,0.728526605300117,0.999999999237769
"2786","Arl13b",7.45355568753465e-11,0.793310426731563,0.120196778708938,0.728821165112303,0.999999999237769
"2527","Myh10",7.45204737050131e-11,0.793260785434869,0.120148137090715,0.728873878447286,0.999999999237769
"2084","Sumf2",7.4436683152322e-11,0.79298484466634,0.119878100723383,0.729166736734812,0.999999999237769
"1391","Nupl2",7.44101268092104e-11,0.792897327969659,0.119792579554091,0.729259562670054,0.999999999237769
"1623","Scai",7.43717828833230e-11,0.792770913474479,0.119669151883453,0.729393598320404,0.999999999237769
"2830","Rrp9",7.43547730851307e-11,0.792714815002745,0.119614418346989,0.729453060695622,0.999999999237769
"2057","Zfp955b",7.42983110659712e-11,0.792528516411813,0.119432826579109,0.729650450700661,0.999999999237769
"2465","Fam13b",7.42048834028607e-11,0.792219956415093,0.119132649788789,0.729977111146957,0.999999999237769
"2518","Pank4",7.41364703722546e-11,0.791993780108193,0.118913082876175,0.730216341522287,0.999999999237769
"1748","Vps13d",7.40665944573279e-11,0.791762565269522,0.118689030001774,0.730460714491173,0.999999999237769
"2905","Zfp628",7.39937761841246e-11,0.791521396558427,0.118455767442761,0.730715406715557,0.999999999237769
"1288","Zfp952",7.39819938964976e-11,0.791482353575212,0.118418046194419,0.73075661972687,0.999999999237769
"1337","Gins1",7.39535273892866e-11,0.791387999997793,0.118326934845342,0.730856195319425,0.999999999237769
"1538","Gm3414",7.39283772216745e-11,0.791304610236418,0.118246467115968,0.730944174158871,0.999999999237769
"283","Map3k12",7.38277861420014e-11,0.79097081673579,0.117924900538861,0.731296091342059,0.999999999237769
"2758","Tor3a",7.38054786350022e-11,0.790896735479224,0.117853647877655,0.73137414166116,0.999999999237769
"2857","Tmem101",7.36877886278586e-11,0.790505549366544,0.117478089362792,0.731785965760447,0.999999999237769
"2690","Galns",7.35966765969996e-11,0.79020230230367,0.117187754962148,0.732104840552843,0.999999999237769
"2935","Rbmx",7.35906264459151e-11,0.790182153194316,0.117168488481294,0.732126016570453,0.999999999237769
"1039","Rrm2b",7.35770749378876e-11,0.790137016316734,0.117125339955631,0.732173448683555,0.999999999237769
"609","Fam46c",7.35620962977347e-11,0.790087116925292,0.117077656631839,0.732225877142877,0.999999999237769
"2489","Kctd10",7.35360401274491e-11,0.790000291470812,0.116994731994259,0.732317082316195,0.999999999237769
"2305","Diexf",7.34297883672591e-11,0.789645935929214,0.116656886346762,0.73268903758582,0.999999999237769
"468","BC065397",7.33990077323933e-11,0.789543190953972,0.11655910530981,0.732796803010476,0.999999999237769
"2959","Tead3",7.33948752635557e-11,0.789529393801304,0.116545980791488,0.73281127151017,0.999999999237769
"1901","Dimt1",7.33864371741478e-11,0.789501219127967,0.116519184128339,0.732840815039061,0.999999999237769
"2432","Trim39",7.32774525464786e-11,0.78913704752255,0.116173360811957,0.733222428739342,0.999999999237769
"2549","C630043F03Rik",7.32774513644014e-11,0.78913704356989,0.116173357063849,0.733222432878787,0.999999999237769
"1629","Thap2",7.31344279687599e-11,0.78865836001893,0.115720303837402,0.733723334621508,0.999999999237769
"1965","Ttbk2",7.30932012239943e-11,0.788520215618791,0.115589874793442,0.73386774148582,0.999999999237769
"1903","Mitf",7.30420163844005e-11,0.788348601465562,0.11542804366413,0.734047042139239,0.999999999237769
"2498","Tubgcp3",7.29747768921455e-11,0.788122987268216,0.115215624811154,0.734282604330825,0.999999999237769
"1356","C2cd4d",7.29032332367834e-11,0.78788271675549,0.114989823331295,0.734533272890862,0.999999999237769
"1633","Ift74",7.28672426123728e-11,0.787761763074322,0.11487631577327,0.734659384468535,0.999999999237769
"580","Ccdc17",7.28082672923289e-11,0.787563443542536,0.114690440045966,0.734866050162494,0.999999999237769
"957","Katnb1",7.26256353784687e-11,0.786948340058561,0.114115783767152,0.735506164202631,0.999999999237769
"810","Zfp346",7.26066894049556e-11,0.786884447067123,0.114056252374454,0.735572579242446,0.999999999237769
"2477","Ifi27l2b",7.25651462058813e-11,0.786744292926029,0.113925771117234,0.735718215690981,0.999999999237769
"184","Dvl3",7.25393244932218e-11,0.786657140375824,0.113844706438673,0.735808742696418,0.999999999237769
"2986","Vrk1",7.25201486591303e-11,0.786592399934546,0.113784524498181,0.735875972634209,0.999999999237769
"1313","Slc45a4",7.24772201171055e-11,0.786447408625007,0.113649854117513,0.736026486233646,0.999999999237769
"764","Zfp931",7.24041983243499e-11,0.786200592109818,0.11342096190987,0.736282534341116,0.999999999237769
"1835","Prdm9",7.22960943450152e-11,0.785834767423814,0.113082525625914,0.736661650558002,0.999999999237769
"2061","Plekhh3",7.22931859798604e-11,0.785824918408462,0.113073427522763,0.736671850961168,0.999999999237769
"2260","Rpusd4",7.22771057641308e-11,0.785770456951827,0.113023131139596,0.736728249353508,0.999999999237769
"415","Cenpk",7.22308123053518e-11,0.785613603960381,0.11287839496108,0.736890623043567,0.999999999237769
"1918","Dgkd",7.22171342453936e-11,0.785567241470615,0.1128356483487,0.736938600905209,0.999999999237769
"2560","Zcwpw1",7.22046996641546e-11,0.785525086668484,0.112796794875528,0.736982217967169,0.999999999237769
"2749","Kctd9",7.21547589733228e-11,0.785355712795373,0.112640816060029,0.737157404591946,0.999999999237769
"2310","Rangrf",7.20022650068439e-11,0.784837848130299,0.112165202425129,0.737692421678482,0.999999999237769
"1461","Adat1",7.19636436579803e-11,0.784706527999461,0.112044905942841,0.737827942838643,0.999999999237769
"2363","Apbb3",7.19413225855489e-11,0.784630601847754,0.111975410445661,0.737906270531688,0.999999999237769
"1976","Zfp119b",7.19216720431826e-11,0.784563741336081,0.111914247348992,0.737975229222301,0.999999999237769
"1893","Dhx29",7.18646537245829e-11,0.78436964080623,0.111736870138764,0.738175332762772,0.999999999237769
"2801","Sdr39u1",7.18262135411121e-11,0.784238702030704,0.111617366688176,0.738310247083218,0.999999999237769
"670","Cnpy4",7.17549206199519e-11,0.783995682906454,0.111395899385123,0.738560486680034,0.999999999237769
"664","BC067068",7.17342655988396e-11,0.783925232971572,0.111331776856019,0.738632991398188,0.999999999237769
"1532","Unc13b",7.17014957704019e-11,0.783813422927956,0.111230082362358,0.7387480271399,0.999999999237769
"2547","Cyp4a31",7.16682057590711e-11,0.783699788942708,0.111126821166165,0.738864894928182,0.999999999237769
"1144","Ubxn2b",7.1627244833084e-11,0.783559902675707,0.110999831612719,0.739008700478289,0.999999999237769
"923","Trim56",7.15790578851052e-11,0.783395242628445,0.110850532447267,0.739177886820134,0.999999999237769
"305","Krtcap3",7.15556082499119e-11,0.783315075059931,0.110777914035259,0.739260224014367,0.999999999237769
"2617","Zfyve20",7.15471001739999e-11,0.78328598229946,0.110751572260177,0.739290098612582,0.999999999237769
"71","Mipol1",7.15075928278606e-11,0.783150847207735,0.11062929497308,0.739428826799931,0.999999999237769
"297","Ostb",7.13898993948575e-11,0.782747860741473,0.11026542797673,0.739842151993575,0.999999999237769
"2190","Tfap4",7.13890444057348e-11,0.782744930949377,0.110262786841841,0.739845154887686,0.999999999237769
"1407","Spata5",7.12789635311192e-11,0.782367441532205,0.10992300176867,0.740231814212733,0.999999999237769
"2044","Kri1",7.12573088015298e-11,0.782293118760028,0.109856222141626,0.740307884229946,0.999999999237769
"371","Bbs2",7.12276757324983e-11,0.782191378611425,0.109764871508875,0.740411985146067,0.999999999237769
"478","Serac1",7.11861527962656e-11,0.782048749797402,0.10963693159743,0.740557863140875,0.999999999237769
"2735","Fam83h",7.11830738307211e-11,0.782038170626681,0.10962744770144,0.740568680505694,0.999999999237769
"2695","Zfp949",7.11447117326526e-11,0.781906324388146,0.109509318335974,0.740703462803369,0.999999999237769
"920","BC068281",7.09850483256811e-11,0.781356861854843,0.109018346881418,0.741264513426105,0.999999999237769
"585","Tmem144",7.09814216840269e-11,0.781344367741925,0.109007207623576,0.741277258894396,0.999999999237769
"1301","Klhdc8a",7.09404056406598e-11,0.781203022020036,0.108881266145633,0.741421410604812,0.999999999237769
"962","Nupr1",7.09052645796231e-11,0.781081861141065,0.108773421948514,0.741544921789985,0.999999999237769
"1518","Slc34a2",7.08952201288737e-11,0.781047219096814,0.108742606411775,0.741580226501434,0.999999999237769
"1193","Wdr76",7.08110665402487e-11,0.780756802995112,0.108484601730474,0.741876034884357,0.999999999237769
"966","Gm12191",7.07861667314514e-11,0.780670811080137,0.108408320690146,0.741963567546748,0.999999999237769
"223","Iqce",7.07433009910564e-11,0.780522707029166,0.108277063521947,0.742114265373592,0.999999999237769
"2628","Tmco6",7.06973158432228e-11,0.780363731601356,0.108136342961459,0.742275940711367,0.999999999237769
"2964","Zswim4",7.06704030721359e-11,0.780270646362003,0.108054028811941,0.742370566349634,0.999999999237769
"2211","Drosha",7.05704006079468e-11,0.779924468710772,0.107748440521156,0.742722210364416,0.999999999237769
"975","B3galt6",7.05655977887636e-11,0.779907831256732,0.107733774920196,0.742739100126331,0.999999999237769
"289","Afp",7.05637858978135e-11,0.779901554406311,0.107728242497831,0.74274547191759,0.999999999237769
"2016","Atp6v0d2",7.05210414356088e-11,0.779753432867185,0.107597767891285,0.742895794459023,0.999999999237769
"2589","Ccdc163",7.04776501335891e-11,0.779602983692735,0.107465399712954,0.743048401816433,0.999999999237769
"775","Rbak",7.04535725762432e-11,0.779519462919455,0.10739198459966,0.743133087024236,0.999999999237769
"2832","Pigf",7.03816454625018e-11,0.779269800987541,0.107172820340615,0.743386086449923,0.999999999237769
"1665","2700023E23Rik",7.02426404155796e-11,0.778786629945225,0.106749901798664,0.743875107096398,0.999999999237769
"2271","Adh7",7.00403076070509e-11,0.778081731216549,0.106135804734124,0.744587099806482,0.999999999237769
"2502","Glcci1",6.99417782393473e-11,0.777737777140923,0.105837401185189,0.744933895727459,0.999999999237769
"2582","Tdrd3",6.99323810499464e-11,0.777704948956689,0.105808963038047,0.74496697391792,0.999999999237769
"2441","2610528E23Rik",6.99087398820735e-11,0.777622342491721,0.105737436097207,0.745050193119381,0.999999999237769
"1920","Tbrg3",6.9876806401637e-11,0.777510719596329,0.105640858954907,0.74516260678879,0.999999999237769
"2947","Zfp397",6.98692537519472e-11,0.77748431245169,0.105618023759001,0.745189194758485,0.999999999237769
"1544","6330418K02Rik",6.98342314200438e-11,0.777361825087438,0.105512167113467,0.745312489588603,0.999999999237769
"2120","Ccnt2",6.97753458091784e-11,0.777155748177117,0.105334302225063,0.745519808919379,0.999999999237769
"1972","Fuk",6.97533650493391e-11,0.777078782189888,0.105267947460821,0.745597201589082,0.999999999237769
"2640","Snai2",6.9738495471482e-11,0.777026703221127,0.105223071544074,0.745649557755883,0.999999999237769
"988","Rbm20",6.96768633001322e-11,0.776810732593861,0.105037169606264,0.745866578741393,0.999999999237769
"2724","Zfp512",6.95565720995426e-11,0.77638869315144,0.104674807124048,0.746290209668405,0.999999999237769
"2646","Card6",6.94951589859819e-11,0.776172962345523,0.104490049085275,0.746506518528534,0.999999999237769
"1776","4933404O12Rik",6.94814194796643e-11,0.776124673995421,0.104448736861688,0.746554914461119,0.999999999237769
"1914","Zfp428",6.94608716587385e-11,0.776052440684592,0.104386968503793,0.746627293814548,0.999999999237769
"803","Ispd",6.93456381893211e-11,0.775646980005613,0.104040906195931,0.747033243168841,0.999999999237769
"2663","Smyd1",6.9165155591746e-11,0.775010661864967,0.103500046302059,0.747669195937478,0.999999999237769
"1375","Lig4",6.90621093163387e-11,0.774646658168031,0.103191875249842,0.748032369304685,0.999999999237769
"2355","Zfp276",6.90324780298595e-11,0.774541893435026,0.103103344734654,0.748136811325053,0.999999999237769
"2011","Cbwd1",6.89034338688075e-11,0.774085150972471,0.102718237624979,0.748591709875699,0.999999999237769
"1667","Gm20337",6.87529481909841e-11,0.77355150336816,0.102270052593928,0.749122303273666,0.999999999237769
"2759","Mllt3",6.87436467652910e-11,0.773518483003664,0.102242382712908,0.749155102820297,0.999999999237769
"1232","Ift80",6.86620039927599e-11,0.773228468545909,0.101999672436134,0.74944301857232,0.999999999237769
"460","Bhlhb9",6.85797132063894e-11,0.772935824702914,0.101755327589785,0.749733254903286,0.999999999237769
"997","Haus5",6.84044018415202e-11,0.7723112797338,0.10123575514925,0.750351689240309,0.999999999237769
"2115","Wipf3",6.83004052234903e-11,0.771940083014418,0.100928167544513,0.750718627106747,0.999999999237769
"2108","Lrig2",6.80304650558794e-11,0.770974101940844,0.100131957691073,0.751671337104378,0.999999999237769
"709","Adat2",6.79565810951021e-11,0.77070908148196,0.0999145807180043,0.751932164600279,0.999999999237769
"1197","Cyp2g1",6.77545237370011e-11,0.769982922754208,0.0993213059420425,0.752645618502367,0.999999999237769
"1285","Nmnat3",6.77237019596444e-11,0.769871976184253,0.0992309632543285,0.752754467169721,0.999999999237769
"439","Rad51c",6.77051431887002e-11,0.769805148885372,0.0991765848807072,0.752820010780276,0.999999999237769
"253","Sipa1l2",6.77036047127423e-11,0.769799608297334,0.0991720777177154,0.752825444262576,0.999999999237769
"1896","Mdc1",6.75181267782285e-11,0.769130770785248,0.0986294467548907,0.753480591971829,0.999999999237769
"2561","Guf1",6.75046954660985e-11,0.769082270286827,0.0985902101473339,0.753528041135825,0.999999999237769
"875","Myl6b",6.74083821885677e-11,0.768734217429469,0.0983090808939135,0.753868316945545,0.999999999237769
"1829","Olig1",6.73728436160727e-11,0.768605671817593,0.0982054485768061,0.753993887167398,0.999999999237769
"796","Fbxo17",6.73511724951863e-11,0.768527254571966,0.0981422812900454,0.754070462019468,0.999999999237769
"1095","2610044O15Rik",6.73017141780864e-11,0.76834820030438,0.0979981956067244,0.754245231916466,0.999999999237769
"2809","Rfc5",6.7239418439358e-11,0.768122494928976,0.0978168616043928,0.754465383071827,0.999999999237769
"1806","D330012F22Rik",6.71883847477269e-11,0.767937447181659,0.0976684349446073,0.754645749380037,0.999999999237769
"443","Bbs9",6.71292394616956e-11,0.767722821859451,0.0974965574694155,0.754854800907316,0.999999999237769
"1435","Tubgcp6",6.70864329231137e-11,0.767567375617587,0.0973722551677573,0.755006113640354,0.999999999237769
"1441","Lyrm7",6.69954179302147e-11,0.76723655737524,0.0971082279110062,0.75532786505975,0.999999999237769
"934","Peg3",6.69587351851888e-11,0.767103104966215,0.097001915531744,0.755457555977184,0.999999999237769
"1894","Inadl",6.69319770306879e-11,0.767005715114108,0.0969244029082396,0.75555216310336,0.999999999237769
"1808","1700001L05Rik",6.69258903316058e-11,0.766983556667408,0.0969067753742627,0.755573683974837,0.999999999237769
"1727","Zfp820",6.67604386276549e-11,0.766380509518505,0.0964282289566274,0.756158747684577,0.999999999237769
"944","Klhl17",6.67037165635768e-11,0.766173443230707,0.0962644407998532,0.756359358185924,0.999999999237769
"2037","Lrrc51",6.6660349309816e-11,0.766015017807242,0.0961393093213086,0.756512747436757,0.999999999237769
"2325","AA415398",6.65033779926634e-11,0.765440774698554,0.0956870660928731,0.757068032528706,0.999999999237769
"384","9130011E15Rik",6.6406361599077e-11,0.765085226746801,0.0954080895030965,0.757411290172106,0.999999999237769
"277","Btc",6.63880818512025e-11,0.7650181801558,0.0953555705655115,0.757475971849758,0.999999999237769
"2152","Sec61a2",6.63369216868905e-11,0.764830442449764,0.0952086608547108,0.757657007730634,0.999999999237769
"2500","Mnd1",6.63052280588136e-11,0.764714071150202,0.0951177073712976,0.757769165796248,0.999999999237769
"2817","Gpr107",6.60315937955038e-11,0.763707177283491,0.0943342470521617,0.758737720219946,0.999999999237769
"495","Magee1",6.58130005488976e-11,0.762900002305039,0.0937107062227918,0.759511723914023,0.999999999237769
"2635","Lrit1",6.57691154590375e-11,0.762737649668725,0.0935857724987532,0.75966714305779,0.999999999237769
"933","Rpgrip1l",6.57675923177407e-11,0.762732012992007,0.0935814378592098,0.759672537440403,0.999999999237769
"1260","Srcrb4d",6.57104046572057e-11,0.762520290427935,0.0934187627011994,0.759875082670319,0.999999999237769
"111","Med12l",6.56450221121433e-11,0.762278016564774,0.0932329498834786,0.760106672428029,0.999999999237769
"2237","Tmem184a",6.55351754724164e-11,0.761870471782191,0.0929211895305572,0.760495805670114,0.999999999237769
"714","Wdr25",6.55106459860813e-11,0.761779376810154,0.0928516426813893,0.760582709997109,0.999999999237769
"1933","Hist2h3c2",6.55003939545564e-11,0.761741294436406,0.0928225834813528,0.760619032317537,0.999999999237769
"1545","Lor",6.54754180298289e-11,0.761648495028604,0.0927518087052801,0.760707522699356,0.999999999237769
"566","Mthfd2",6.54097229102948e-11,0.761404242621384,0.0925657760093607,0.760940297243535,0.999999999237769
"974","Sugp2",6.52472474612608e-11,0.76079917432951,0.0921064868898382,0.761516082057794,0.999999999237769
"1051","5730435O14Rik",6.52134205347507e-11,0.760673023109711,0.0920110078670598,0.761635975440343,0.999999999237769
"2164","Arhgap6",6.48820926119807e-11,0.759434142290386,0.0910784276815381,0.762810609041641,0.999999999237769
"1267","Ccdc159",6.48805386622318e-11,0.759428317889908,0.0910740650107528,0.762816119439927,0.999999999237769
"1675","Dact2",6.46314841611866e-11,0.758493134915007,0.0903762017921642,0.76369943668357,0.999999999237769
"1567","Aasdh",6.46279893098492e-11,0.758479987949881,0.0903664281391463,0.763711834003251,0.999999999237769
"1581","Tmem209",6.45831652371842e-11,0.758311309177506,0.0902411206152975,0.76387084423662,0.999999999237769
"2379","Shq1",6.44825566068927e-11,0.75793230573301,0.0899601816499058,0.764227782504834,0.999999999237769
"1559","Cul7",6.44593594489579e-11,0.757844840883705,0.0898954681741484,0.764310088254695,0.999999999237769
"2018","Zfp213",6.41745228921724e-11,0.756768451473247,0.0891027534368448,0.765320932595106,0.999999999237769
"888","LOC100044193",6.40358460250586e-11,0.756242772554932,0.0887180792899996,0.765813221855234,0.999999999237769
"1060","Mettl7a2",6.36100841332562e-11,0.754622149954805,0.0875422626908319,0.767325224973814,0.999999999237769
"2915","Fbxo45",6.34283430826748e-11,0.753927269296172,0.0870427414384964,0.767970909993361,0.999999999237769
"1333","Tmem39b",6.34036060487168e-11,0.753832543743265,0.0869748613938187,0.768058807565596,0.999999999237769
"1737","Ccdc77",6.33080650728206e-11,0.753466362797518,0.086712939308831,0.768398319263413,0.999999999237769
"1262","Gpatch3",6.32987989909151e-11,0.753430821015962,0.0866875576960571,0.768431249313428,0.999999999237769
"2501","2310003L22Rik",6.32202288205587e-11,0.753129254232842,0.0864724879271551,0.76871049087759,0.999999999237769
"2430","Zfp26",6.31750237553075e-11,0.75295558952203,0.0863488693643586,0.768871165111154,0.999999999237769
"908","A830052D11Rik",6.31138215637907e-11,0.752720282691644,0.0861816456777772,0.76908871441066,0.999999999237769
"864","Sp2",6.30242727439008e-11,0.752375604348678,0.0859372621330332,0.769407057389478,0.999999999237769
"2351","Serpina9",6.29032733858098e-11,0.751909140760982,0.0856075995671605,0.769837267692376,0.999999999237769
"1261","Klf1",6.27566070703167e-11,0.751342599077822,0.0852088567694393,0.77035883121952,0.999999999237769
"262","Coil",6.27512611560523e-11,0.751321925465841,0.0851943403746739,0.770377843914142,0.999999999237769
"2516","Xk",6.22435622889272e-11,0.74935099520332,0.0838213608856662,0.772184097546033,0.999999999237769
"86","Zfp784",6.21852263586567e-11,0.749123565141115,0.0836643163504395,0.772391720124167,0.999999999237769
"112","1700106N22Rik",6.20057157534411e-11,0.748422462698268,0.0831819845897709,0.773030715927265,0.999999999237769
"1322","4933422H20Rik",6.18422768926847e-11,0.747782472877837,0.0827440491156308,0.773612635725661,0.999999999237769
"834","Ccdc151",6.15911766128016e-11,0.746796123044352,0.0820734763603067,0.774506919576014,0.999999999237769
"2284","Nthl1",6.10956487193405e-11,0.74483851875624,0.0807581550318947,0.776272599836144,0.999999999237769
"2224","Atf7ip",6.08788937187514e-11,0.743977532955687,0.0801861443345511,0.777045312151134,0.999999999237769
"2657","Rabl5",6.06963654191784e-11,0.743250268151861,0.0797060337954315,0.77769618047748,0.999999999237769
"788","AI846148",6.0596652605234e-11,0.742852106084078,0.0794443645980141,0.77805180722747,0.999999999237769
"1543","Ddb2",6.04583541235247e-11,0.742298849602932,0.0790821499610155,0.778545127094207,0.999999999237769
"1326","Papolg",6.02025583313984e-11,0.741272415258168,0.0784143816145878,0.779457802727571,0.999999999237769
"2041","Sytl1",6.00308927332349e-11,0.740581274724793,0.0779678271748497,0.780070473676445,0.999999999237769
"1775","Baat1",5.82457131410645e-11,0.733282013785128,0.0733996115563387,0.786449772815354,0.999999999237769
"1614","Zbtb16",5.69953947170743e-11,0.728043672627952,0.0702822018521,0.790926337037419,0.999999999237769
"1521","Zfp933",5.67905278622289e-11,0.727175099951861,0.0697778587761662,0.791660492241318,0.999999999237769
"1900","Ankrd9",5.66901382021513e-11,0.72674840512583,0.0695313816126342,0.792020313367542,0.999999999237769
"706","Cyp2d11",5.63345394292869e-11,0.72523125022775,0.0686618220044417,0.793295222390731,0.999999999237769
"2540","Zfp828",5.59423339713940e-11,0.723547461297752,0.0677090921578093,0.794702016201385,0.999999999237769
"2127","Cd300lg",9.60997549427729e-13,-0.141985426516385,1.99806856845675e-05,0.996433487017564,0.999999999237769
"1782","Gimap6",9.48271186066507e-13,-0.144480548426593,1.94549866159762e-05,0.996480717568624,0.999999999237769
"1366","Tmem88",9.20812578919757e-13,-0.149972838356311,1.83446028686553e-05,0.996582623010258,0.999999999237769
"2847","Tspan7",9.15977329623067e-13,-0.150955866271855,1.81524511900733e-05,0.996600567779713,0.999999999237769
"2454","Timp3",9.03432826616067e-13,-0.153529095093517,1.76586525356074e-05,0.996647123446076,0.999999999237769
"2252","Kdr",8.93401368352359e-13,-0.155611057753914,1.72686765161278e-05,0.996684352607482,0.999999999237769
"1858","Tek",8.23246644035849e-13,-0.170815757159932,1.46630989583883e-05,0.996944713909393,0.999999999237769
"1595","Rasgrp3",7.45058490881781e-13,-0.189265233944502,1.2010098365854e-05,0.997234889608231,0.999999999237769
"940","Hdac7",7.37910344617385e-13,-0.191041478445392,1.17807523065075e-05,0.997261418177151,0.999999999237769
"2268","Pde2a",7.37109408549e-13,-0.191241507679978,1.17551922673093e-05,0.997264390652567,0.999999999237769
"2398","Dab2",7.24857016746872e-13,-0.194327156879817,1.13676455142815e-05,0.997309862368264,0.999999999237769
"748","Ctla2a",6.97575464965024e-13,-0.201377345742704,1.05280568659907e-05,0.99741111111776,0.999999999237769
"2653","Ly6a",6.75979643040328e-13,-0.207144063098724,9.88628355326741e-06,0.997491258713116,0.999999999237769
"2217","Smad6",6.70843851828096e-13,-0.208540886023284,9.73663108943896e-06,0.997510318946085,0.999999999237769
"1479","Tuba1a",6.69449367466401e-13,-0.208921886685638,9.69619405514941e-06,0.997515494233975,0.999999999237769
"2616","Sparc",6.66837237582981e-13,-0.209637579607861,9.62067436311187e-06,0.997525188515901,0.999999999237769
"214","Ttc28",6.48067363846074e-13,-0.214859018704075,9.08669874896235e-06,0.99759484832751,0.999999999237769
"850","Ddah2",6.2953705834087e-13,-0.220154854493983,8.57449256977184e-06,0.997663619058002,0.999999999237769
"1696","Gm4980",6.273987173576e-13,-0.220775359522278,8.51634174553681e-06,0.997671554992588,0.999999999237769
"638","Gimap1",6.15879743214763e-13,-0.224152454505478,8.20649421395498e-06,0.997714304878802,0.999999999237769
"2804","Ets1",6.11840049585083e-13,-0.22535084334939,8.09919080622384e-06,0.99772929722611,0.999999999237769
"2129","Stard8",6.02685144015593e-13,-0.228094379815978,7.85862924997229e-06,0.997763273450152,0.999999999237769
"2494","Tanc1",5.98506052575969e-13,-0.229359785254068,7.75002174371751e-06,0.997778783141469,0.999999999237769
"849","Ecscr",5.9014695672081e-13,-0.23191593486346,7.53505057024685e-06,0.997809805914906,0.999999999237769
"2577","Slc31a2",5.87675539236449e-13,-0.232678181801015,7.47207214641181e-06,0.997818977987022,0.999999999237769
"406","Pydc3",5.86758067784168e-13,-0.232961918391603,7.44875975331258e-06,0.997822382961924,0.999999999237769
"407","Serpina3g",5.81152314686791e-13,-0.23470464205582,7.30711212333644e-06,0.997843187368799,0.999999999237769
"926","Flt1",5.80680367896e-13,-0.234852080212521,7.29524890689855e-06,0.997844938886082,0.999999999237769
"728","Cpne8",5.7888453021475e-13,-0.235414136870455,7.25019546575834e-06,0.997851603706869,0.999999999237769
"1028","Cbfa2t3",5.5953185419228e-13,-0.241577099816737,6.77353625291094e-06,0.997923426531215,0.999999999237769
"1097","Cnn2",5.46947357351867e-13,-0.245692900203207,6.47227384534431e-06,0.997970130887783,0.999999999237769
"446","Nkd1",5.43007531695502e-13,-0.246999700807679,6.3793662209791e-06,0.997984752611852,0.999999999237769
"298","Ppp1r18",5.42081518915232e-13,-0.247308140475859,6.35762678915444e-06,0.997988189287717,0.999999999237769
"783","Pear1",5.30363829063281e-13,-0.251254395604871,6.08574319900591e-06,0.998031676705744,0.999999999237769
"1318","Robo4",5.21926899744572e-13,-0.254146729264193,5.89366150268807e-06,0.998062988365235,0.999999999237769
"1223","Fabp4",5.16346231494332e-13,-0.256084079774856,5.76830015595304e-06,0.998083699691742,0.999999999237769
"1008","Tnfsf10",5.10730279915828e-13,-0.25805360733202,5.64350665187001e-06,0.998104541965256,0.999999999237769
"175","P2rx7",5.09824311288288e-13,-0.258373233916801,5.62350272642232e-06,0.998107904253258,0.999999999237769
"1608","Anxa3",5.09313872932212e-13,-0.258553551758068,5.61224781185988e-06,0.998109798624346,0.999999999237769
"1128","Sh3rf1",5.03792712200163e-13,-0.26051486791784,5.49122942591358e-06,0.998130289105675,0.999999999237769
"2076","Scarf1",5.01601438618969e-13,-0.261298881072684,5.44356451511735e-06,0.998138421499291,0.999999999237769
"1857","Dpysl2",4.9406389469435e-13,-0.264020481723749,5.28119328912514e-06,0.998166395312259,0.999999999237769
"2585","Msn",4.78348138301417e-13,-0.269822549212954,4.95055629794642e-06,0.998224720635298,0.999999999237769
"1590","Akap2",4.75842497878914e-13,-0.270764087741306,4.89882900813574e-06,0.998234019729615,0.999999999237769
"1014","Pcdh12",4.7425582345338e-13,-0.271362716236247,4.86621364636786e-06,0.998239908298188,0.999999999237769
"44","Ltc4s",4.67153777062597e-13,-0.274065445191665,4.72156047640582e-06,0.998266265872469,0.999999999237769
"671","AI607873",4.65523955807366e-13,-0.274691118645714,4.68867248022991e-06,0.998272314570878,0.999999999237769
"518","Cryab",4.54774666932238e-13,-0.278869881591346,4.47464263674901e-06,0.998312208031792,0.999999999237769
"1520","Dse",4.53414054572994e-13,-0.279405407396357,4.44790787344618e-06,0.998317257625292,0.999999999237769
"2103","Anxa2",4.51275360571516e-13,-0.280250234084137,4.40604645037366e-06,0.998325194886363,0.999999999237769
"2722","H2-Q4",4.49501274998213e-13,-0.280953887634754,4.37147182327824e-06,0.998331778988913,0.999999999237769
"196","Tlr4",4.44553279463535e-13,-0.282930258017173,4.27576141992245e-06,0.998350142314542,0.999999999237769
"193","Dok1",4.43504488033392e-13,-0.283351824164844,4.25561043979113e-06,0.998354034658214,0.999999999237769
"417","Serpinh1",4.42900892606261e-13,-0.283594866009779,4.24403482270701e-06,0.998356274761243,0.999999999237769
"430","Fam174b",4.3761452337466e-13,-0.285736834172035,4.14332767747255e-06,0.99837589388281,0.999999999237769
"1307","Fnbp1",4.3650891358634e-13,-0.286187880013796,4.12241833060441e-06,0.998379997094778,0.999999999237769
"418","Lfng",4.35017976184199e-13,-0.286797824322872,4.0943054059577e-06,0.99838553036007,0.999999999237769
"209","Fam38a",4.34867636320446e-13,-0.286859437326585,4.09147595528025e-06,0.998386088311299,0.999999999237769
"2407","Tmem65",4.33418182490114e-13,-0.287454486427507,4.06424687816753e-06,0.998391467620103,0.999999999237769
"391","Lass4",4.32558056092935e-13,-0.287808480018901,4.04813173828879e-06,0.998394659778041,0.999999999237769
"65","Srgap1",4.30624351154626e-13,-0.288606732281073,4.01201915020134e-06,0.998401836271717,0.999999999237769
"1136","Slc44a2",4.24950065152474e-13,-0.290968691937254,3.90698395688682e-06,0.998422895058011,0.999999999237769
"333","Armcx1",4.24789620296914e-13,-0.291035907325914,3.90403425907649e-06,0.998423490511609,0.999999999237769
"1379","Vim",4.06182552379257e-13,-0.298997212879544,3.56950797150814e-06,0.998492546303039,0.999999999237769
"27","Tmem47",4.03802271542714e-13,-0.300040226112069,3.52779502105002e-06,0.998501380160855,0.999999999237769
"2343","Rnf144a",4.00479586383106e-13,-0.301505875477656,3.46997699082579e-06,0.998513711533081,0.999999999237769
"1085","Acot9",3.95545375173344e-13,-0.303703557661552,3.38499825821878e-06,0.998532023709624,0.999999999237769
"304","Il1a",3.95460673923699e-13,-0.303741507359237,3.38354870070963e-06,0.998532338058606,0.999999999237769
"53","Tspan18",3.93089266934178e-13,-0.304807103323091,3.34309100658364e-06,0.998541138984022,0.999999999237769
"98","Notch4",3.85383241693639e-13,-0.308311940528776,3.21330151385349e-06,0.99856973810538,0.999999999237769
"2215","Tmem51",3.84331828951989e-13,-0.308795228931177,3.19579220299334e-06,0.998573640179506,0.999999999237769
"1734","Sh2d3c",3.84084972404671e-13,-0.308908877820006,3.19168820320151e-06,0.998574556330236,0.999999999237769
"1688","Pgm1",3.80294242343285e-13,-0.310662728482416,3.12899830624683e-06,0.998588624744504,0.999999999237769
"1283","Cln6",3.78796249889464e-13,-0.311360325852084,3.10439638607285e-06,0.998594184195725,0.999999999237769
"2727","Eif4e3",3.77629553815925e-13,-0.311905437145845,3.08530269466501e-06,0.998598514117392,0.999999999237769
"1171","Fam171a1",3.75506482614136e-13,-0.312901457388342,3.050708452961e-06,0.998606393403461,0.999999999237769
"40","Prkch",3.70743892604069e-13,-0.315155138288693,2.97381425228664e-06,0.998624068651534,0.999999999237769
"429","Cyp4f16",3.70506148800164e-13,-0.315268350092576,2.97000148968318e-06,0.998624950982532,0.999999999237769
"1477","Lamc1",3.70134797153449e-13,-0.315445321348269,2.96405091514288e-06,0.99862632916806,0.999999999237769
"1442","Uap1l1",3.69634585135376e-13,-0.315683965698043,2.95604490193712e-06,0.998628185588982,0.999999999237769
"2326","Il10rb",3.6723003670001e-13,-0.316835387662195,2.9177106438043e-06,0.998637109513067,0.999999999237769
"457","Hip1",3.6458862860248e-13,-0.318108409385084,2.87588864217628e-06,0.998646912487075,0.999999999237769
"2798","3110062M04Rik",3.56397743995246e-13,-0.322111734586428,2.74812017300978e-06,0.99867731105835,0.999999999237769
"410","Kitl",3.55340374418788e-13,-0.322634803657205,2.73183798130381e-06,0.998681235240796,0.999999999237769
"1018","Bmpr2",3.53266409296711e-13,-0.323665025116819,2.70004197445884e-06,0.998688932282401,0.999999999237769
"2178","Tcf7l1",3.50869794941437e-13,-0.324862608446645,2.66353123249225e-06,0.998697826762122,0.999999999237769
"893","Rhoj",3.49892153792145e-13,-0.325353338303587,2.64870892521865e-06,0.998701455051116,0.999999999237769
"2645","BC057079",3.47427158722801e-13,-0.326596382387557,2.61152000439948e-06,0.998710603310273,0.999999999237769
"1119","Phactr2",3.44375775970635e-13,-0.328146637962346,2.56584854234555e-06,0.998721927811945,0.999999999237769
"177","Atp2b4",3.43540005308711e-13,-0.328573499107282,2.55340946345492e-06,0.99872502958159,0.999999999237769
"1851","E130308A19Rik",3.43319405800529e-13,-0.328686330476953,2.55013124251077e-06,0.998725848285682,0.999999999237769
"344","Hlx",3.43307962394673e-13,-0.328692185360263,2.54996124512667e-06,0.998725890755238,0.999999999237769
"678","Ankrd44",3.42792983141204e-13,-0.328955858062407,2.54231684204741e-06,0.998727801981726,0.999999999237769
"517","Lass5",3.42266670188787e-13,-0.32922571785838,2.53451605762745e-06,0.998729755270626,0.999999999237769
"2342","Gmds",3.41266151607367e-13,-0.329739795091219,2.5197198519542e-06,0.998733468464157,0.999999999237769
"449","Osmr",3.3866122228596e-13,-0.331084896740959,2.4813999580438e-06,0.998743136057557,0.999999999237769
"1106","Dennd4b",3.34035188164734e-13,-0.333497731161934,2.41407225944825e-06,0.99876030451497,0.999999999237769
"2711","Mocs3",3.30248997074478e-13,-0.3354959602879,2.35965680381685e-06,0.998774356089335,0.999999999237769
"765","Zfp93",3.28032642521995e-13,-0.33667567425424,2.32809100342561e-06,0.998782581577891,0.999999999237769
"179","Igf1r",3.24321776765579e-13,-0.338667722441386,2.27571592575074e-06,0.99879635360025,0.999999999237769
"1244","Sft2d3",3.22548952418944e-13,-0.339626958767271,2.25090465346909e-06,0.998802933029044,0.999999999237769
"1587","Ier3",3.19121584656003e-13,-0.341495536766989,2.20332309816052e-06,0.998815652914464,0.999999999237769
"2607","Mfge8",3.17937644739366e-13,-0.342145389243275,2.18700478352379e-06,0.998820046834628,0.999999999237769
"1861","Parp2",3.1627490692384e-13,-0.343061891647744,2.16418957541843e-06,0.998826217702916,0.999999999237769
"569","Rilpl1",3.16065723671585e-13,-0.343177513501636,2.16132774545507e-06,0.998826994038363,0.999999999237769
"2422","Ccdc137",3.1438667326757e-13,-0.34410818379676,2.13842529979506e-06,0.998833225447145,0.999999999237769
"529","Scd2",3.11182948797189e-13,-0.345896963597996,2.09506456461526e-06,0.998845115332692,0.999999999237769
"1869","Fam76b",3.02362689740161e-13,-0.350912443300826,1.97798151072982e-06,0.998877849694172,0.999999999237769
"1143","Pigh",3.00059716005497e-13,-0.35224457596746,1.94796529565499e-06,0.998886396651465,0.999999999237769
"870","Zbtb45",2.99768949582741e-13,-0.352413448282193,1.94419185696802e-06,0.998887475764171,0.999999999237769
"886","Zmym1",2.98702360068768e-13,-0.353034223997528,1.93038145012658e-06,0.998891434165869,0.999999999237769
"1052","B430010I23Rik",2.98168009119502e-13,-0.353346008698117,1.92348107926977e-06,0.998893417286543,0.999999999237769
"2096","Gm4944",2.97611673919274e-13,-0.353671178192978,1.91630994166782e-06,0.998895481996717,0.999999999237769
"2303","Trip10",2.96733159496208e-13,-0.354185819370116,1.90501319953665e-06,0.99889874240101,0.999999999237769
"1814","9530091C08Rik",2.95871807695562e-13,-0.354691795907831,1.8939695737812e-06,0.998901939110194,0.999999999237769
"1374","Mfsd10",2.93920465946315e-13,-0.35584318546708,1.86906963708611e-06,0.998909181066549,0.999999999237769
"494","Sema4b",2.92570805887336e-13,-0.35664375461735,1.85194380124753e-06,0.99891419001967,0.999999999237769
"339","Fam188b",2.91162526260033e-13,-0.357482796105793,1.83415817272634e-06,0.998919416525892,0.999999999237769
"963","Dmpk",2.90588788410351e-13,-0.357825716132987,1.82693685086488e-06,0.998921545822092,0.999999999237769
"1805","Btbd3",2.90472335303245e-13,-0.357895397050953,1.82547285878325e-06,0.998921978011043,0.999999999237769
"1316","Thsd1",2.89757295969348e-13,-0.35832382345503,1.81649659381404e-06,0.998924631715248,0.999999999237769
"1510","Ncapd3",2.89564235780797e-13,-0.358439668337546,1.81407680077045e-06,0.998925348213783,0.999999999237769
"1025","Fxyd5",2.85888967034421e-13,-0.36065892565421,1.76831902132972e-06,0.998938988129533,0.999999999237769
"871","4922501C03Rik",2.84315924576652e-13,-0.361616972535915,1.74891296842549e-06,0.998944826115384,0.999999999237769
"2314","Rhbdf2",2.81873748955937e-13,-0.363114253079835,1.7189968899822e-06,0.998953889689497,0.999999999237769
"1117","Zfp282",2.80972945637583e-13,-0.363669602557582,1.70802741290605e-06,0.99895723281423,0.999999999237769
"1580","Fktn",2.80535711462059e-13,-0.36393976174778,1.70271567809934e-06,0.99895885550851,0.999999999237769
"2389","Ints2",2.8024396081393e-13,-0.364120249031804,1.69917594986827e-06,0.998959938274075,0.999999999237769
"2550","Gdap10",2.79972789491287e-13,-0.364288163314125,1.69588920739601e-06,0.998960944664198,0.999999999237769
"1272","Rarg",2.78767116216084e-13,-0.365036590141372,1.68131432187535e-06,0.998965419243847,0.999999999237769
"1636","Rarb",2.78744424753798e-13,-0.36505070505063,1.68104061722689e-06,0.998965503458002,0.999999999237769
"90","B130006D01Rik",2.75658313418131e-13,-0.366980490605971,1.64402348383636e-06,0.998976956852087,0.999999999237769
"740","Scn1b",2.74973657694401e-13,-0.367411360178135,1.63586706545237e-06,0.998979497794733,0.999999999237769
"1423","2610039C10Rik",2.74687393275377e-13,-0.367591811337934,1.63246276280425e-06,0.998980560199453,0.999999999237769
"2885","Epn2",2.73047078730985e-13,-0.368629222313232,1.6130242498795e-06,0.99898664785062,0.999999999237769
"1478","Gypc",2.72337700371969e-13,-0.369079677786316,1.60465383901225e-06,0.998989280545697,0.999999999237769
"346","Ccdc88a",2.71965884848025e-13,-0.369316220525649,1.60027524639079e-06,0.998990660453739,0.999999999237769
"260","Nin",2.70337168978848e-13,-0.370355969391876,1.58116557559375e-06,0.99899670505918,0.999999999237769
"1531","Ctdspl",2.69496339147148e-13,-0.370895044853239,1.5713450715818e-06,0.998999825606298,0.999999999237769
"2811","Rnf215",2.69383177318207e-13,-0.370967715928301,1.57002572935899e-06,0.99900024558048,0.999999999237769
"1484","Tatdn3",2.68996089565537e-13,-0.371216515389886,1.56551690222581e-06,0.999001682167921,0.999999999237769
"1297","Neurl2",2.68451903303912e-13,-0.371566857921636,1.55918914444664e-06,0.999003701790463,0.999999999237769
"2767","Scamp5",2.67890232953996e-13,-0.371929155816064,1.55267152133234e-06,0.999005786301197,0.999999999237769
"954","Gemin8",2.66964821461832e-13,-0.372527636898974,1.54196281965178e-06,0.999009220753804,0.999999999237769
"1431","Zbed3",2.6563608572665e-13,-0.373390366992596,1.5266517213587e-06,0.99901415205191,0.999999999237769
"1837","Etl4",2.65611501120653e-13,-0.373406367550407,1.5263691513595e-06,0.99901424329204,0.999999999237769
"1498","Zfp953",2.63896078691895e-13,-0.37452627130083,1.50671704558477e-06,0.999020609689229,0.999999999237769
"760","Setmar",2.60719609042938e-13,-0.376618159689018,1.47066318202468e-06,0.999032398428485,0.999999999237769
"1382","Mid2",2.60494232656768e-13,-0.37676748980344,1.46812168164432e-06,0.999033234861308,0.999999999237769
"2892","Dhodh",2.6034710409995e-13,-0.37686503978096,1.46646374379039e-06,0.99903378089524,0.999999999237769
"170","Prex1",2.59275818418445e-13,-0.377576892364078,1.45442005765483e-06,0.999037756726632,0.999999999237769
"2208","Pinx1",2.58538604263108e-13,-0.378068363848476,1.4461609403245e-06,0.999040492728099,0.999999999237769
"29","Gm1673",2.57914342903431e-13,-0.378485563042337,1.43918563790342e-06,0.999042809531147,0.999999999237769
"1105","Kctd13",2.53266353053912e-13,-0.381621971456553,1.38778062843845e-06,0.999060059481096,0.999999999237769
"2017","Galc",2.53214354507115e-13,-0.381657363883379,1.38721083172309e-06,0.999060252461798,0.999999999237769
"2739","Ano10",2.53129857488246e-13,-0.38171489069681,1.38628516838272e-06,0.999060566053138,0.999999999237769
"363","Ccdc45",2.52576524157028e-13,-0.382092053937405,1.38023104742873e-06,0.999062619623116,0.999999999237769
"1573","Plekhg5",2.52302473260688e-13,-0.382279139653348,1.37723751229799e-06,0.999063636700278,0.999999999237769
"420","Upp1",2.50120586529213e-13,-0.383775479897552,1.35352008418561e-06,0.999071734273431,0.999999999237769
"2871","Casp8ap2",2.49549829409994e-13,-0.38416892580709,1.34734986201777e-06,0.999073852507844,0.999999999237769
"435","Syt11",2.48291082072194e-13,-0.385039622945785,1.33379188242946e-06,0.999078524060508,0.999999999237769
"1219","Slc39a10",2.47950147784144e-13,-0.385276165589348,1.33013147563468e-06,0.999079789360097,0.999999999237769
"947","Zfp408",2.47943697781923e-13,-0.385280643586559,1.33006227430965e-06,0.999079813297804,0.999999999237769
"2912","Kif16b",2.47644105902955e-13,-0.385488759604972,1.32684997152425e-06,0.999080925164504,0.999999999237769
"2637","Dip2b",2.47097150587714e-13,-0.385869320214387,1.32099539074791e-06,0.999082955063996,0.999999999237769
"1758","Cdc42ep5",2.462425082204e-13,-0.386465548082183,1.31187326037074e-06,0.999086126873586,0.999999999237769
"2946","Nrf1",2.44792150139546e-13,-0.387481823686073,1.2964650140246e-06,0.999091509545769,0.999999999237769
"2850","Prmt3",2.44352344349611e-13,-0.387791114617682,1.29181061149692e-06,0.999093141784341,0.999999999237769
"1939","Tcof1",2.4357960641924e-13,-0.388335805007665,1.28365310711945e-06,0.999096009624395,0.999999999237769
"1338","Atp11a",2.3855819546173e-13,-0.391915312548863,1.23127343481573e-06,0.999114645442728,0.999999999237769
"1367","Clec1b",2.3833404416977e-13,-0.392076741191615,1.22896069206001e-06,0.999115477328994,0.999999999237769
"2734","Prpf40b",2.38321386385677e-13,-0.392085861285856,1.22883015673453e-06,0.999115524305466,0.999999999237769
"2089","Zc3h8",2.36398682613539e-13,-0.39347649729725,1.20908248960684e-06,0.999122659980916,0.999999999237769
"526","Pip4k2a",2.35624390776127e-13,-0.394039518525138,1.20117508908867e-06,0.999125533588059,0.999999999237769
"2865","Dock1",2.34684824898941e-13,-0.394725052831479,1.1916146783239e-06,0.999129020572032,0.999999999237769
"869","Slc39a6",2.33619488469311e-13,-0.395505474063942,1.18082071933497e-06,0.999132974324681,0.999999999237769
"542","Vcam1",2.33405345614863e-13,-0.395662749056925,1.17865695783155e-06,0.99913376906694,0.999999999237769
"2269","Zbtb40",2.32696031041586e-13,-0.396184666111231,1.17150400936801e-06,0.999136401525861,0.999999999237769
"2544","Fam124a",2.32525198383299e-13,-0.396310588552283,1.16978453284264e-06,0.999137035532229,0.999999999237769
"465","Arid3b",2.31449194722243e-13,-0.397105721687903,1.15898329351717e-06,0.999141028873913,0.999999999237769
"642","Vopp1",2.30814200380223e-13,-0.397576591044449,1.15263254101708e-06,0.999143385510304,0.999999999237769
"136","1700028E10Rik",2.30652326999178e-13,-0.397696819861794,1.1510163917474e-06,0.999143986266368,0.999999999237769
"625","Zfp709",2.30164356060001e-13,-0.398059731800762,1.14615133422258e-06,0.999145797259005,0.999999999237769
"2531","Ezh2",2.30096603187449e-13,-0.398110177761404,1.14547665446723e-06,0.99914604870831,0.999999999237769
"1949","Abhd8",2.30087117340725e-13,-0.398117241638715,1.14538221072626e-06,0.999146083912862,0.999999999237769
"2733","Smad3",2.29816135499267e-13,-0.398319150610695,1.14268588411133e-06,0.999147089600048,0.999999999237769
"236","Cbx6",2.29155815028053e-13,-0.398812092944378,1.13612886070372e-06,0.999149540228601,0.999999999237769
"1627","Srfbp1",2.29017594353409e-13,-0.398915446026474,1.13475870880531e-06,0.999150053203054,0.999999999237769
"6","Plac9",2.27618989209869e-13,-0.399964542401042,1.12094113952366e-06,0.999155243806509,0.999999999237769
"2725","Zfp414",2.27521024688247e-13,-0.400038252172041,1.11997646753484e-06,0.999155607379451,0.999999999237769
"2754","Cc2d1b",2.26944159896077e-13,-0.400472897370372,1.11430441193068e-06,0.999157748281343,0.999999999237769
"2815","Nmnat1",2.26325466710875e-13,-0.400940211830606,1.10823707967601e-06,0.999160044419768,0.999999999237769
"2651","Brd9",2.2550547964191e-13,-0.401561418398581,1.10022124402713e-06,0.99916308761447,0.999999999237769
"1296","Sntb2",2.24503166918554e-13,-0.402323635495895,1.09046258981751e-06,0.999166807469207,0.999999999237769
"953","Unk",2.23901265785791e-13,-0.402782891553492,1.08462328850991e-06,0.999169041287792,0.999999999237769
"2534","Necap2",2.23637542361407e-13,-0.402984479871671,1.08206973340136e-06,0.999170020037051,0.999999999237769
"2135","Tmtc2",2.23620890811644e-13,-0.402997215680789,1.08190860242999e-06,0.999170081835475,0.999999999237769
"1942","Ldhb",2.23476254956536e-13,-0.403107876729618,1.0805095187441e-06,0.999170618618419,0.999999999237769
"2254","Rgl2",2.23374230244618e-13,-0.403185976359239,1.07952316331682e-06,0.999170997259837,0.999999999237769
"2299","Hnrnpul1",2.22253091736117e-13,-0.404046415655582,1.06871387981408e-06,0.99917515810938,0.999999999237769
"1827","Zfp738",2.22105039492453e-13,-0.404160345353351,1.06729052245027e-06,0.999175707571474,0.999999999237769
"763","D3Ertd254e",2.21229817366423e-13,-0.404835308174871,1.05889561341559e-06,0.99917895575854,0.999999999237769
"1610","Mfap3",2.21167541119785e-13,-0.404883430408764,1.05829953858682e-06,0.999179186882609,0.999999999237769
"2026","Wee1",2.20351218223689e-13,-0.405515399090746,1.0505016510754e-06,0.999182216478646,0.999999999237769
"828","Tnik",2.19547385190552e-13,-0.406139847996105,1.04285124900832e-06,0.99918519972142,0.999999999237769
"551","Cep70",2.18662127175562e-13,-0.406830037125302,1.03445824373908e-06,0.999188485154437,0.999999999237769
"286","Mbd5",2.18618670910729e-13,-0.406863985134927,1.03404711424906e-06,0.999188646432443,0.999999999237769
"1761","Bmyc",2.18133361733095e-13,-0.407243539025397,1.02946127035672e-06,0.999190447546665,0.999999999237769
"76","Sox7",2.16955633898077e-13,-0.4081679278644,1.018374913185e-06,0.999194818414679,0.999999999237769
"287","Myl4",2.16947557884558e-13,-0.408174282893185,1.01829909808544e-06,0.99919484838696,0.999999999237769
"347","Lbh",2.16586258695917e-13,-0.408458817092509,1.01491022119002e-06,0.999196189266428,0.999999999237769
"750","Fscn1",2.15675017988124e-13,-0.409178429278445,1.00638814775703e-06,0.999199571128324,0.999999999237769
"635","Sp110",2.15039306086549e-13,-0.40968214537072,1.00046414182225e-06,0.999201930427954,0.999999999237769
"165","Adcy4",2.1344001024005e-13,-0.410955575337048,9.85638124632996e-07,0.999207865849502,0.999999999237769
"1109","Fkbp14",2.13247542311142e-13,-0.41110942968203,9.83861342516746e-07,0.999208580150298,0.999999999237769
"1210","Cyb561d1",2.12761118381533e-13,-0.411498846851627,9.79378028196883e-07,0.999210385401713,0.999999999237769
"1692","Mfsd7b",2.12691493518451e-13,-0.411554654841555,9.78737141324349e-07,0.999210643798504,0.999999999237769
"2745","Klhl13",2.11820890371038e-13,-0.412253939512553,9.70741074324007e-07,0.999213874843429,0.999999999237769
"463","Gm4832",2.10970226772509e-13,-0.412939817088363,9.6295982142275e-07,0.99921703188728,0.999999999237769
"1122","Sp140",2.1082576087824e-13,-0.413056555414927,9.6164146268467e-07,0.999217568039485,0.999999999237769
"2506","Xrn1",2.10338267967976e-13,-0.413451037565902,9.57199392633268e-07,0.999219377258198,0.999999999237769
"229","Ckap4",2.10087932852904e-13,-0.413653943587338,9.54922317428733e-07,0.999220306319864,0.999999999237769
"2660","Zfp335",2.09081991032438e-13,-0.414471590378458,9.45799503751771e-07,0.999224039643437,0.999999999237769
"780","Ssbp4",2.06257654856464e-13,-0.416787138916813,9.20419855151941e-07,0.999234521522906,0.999999999237769
"1266","Taf5",2.06196461159853e-13,-0.416837637354998,9.19873785352366e-07,0.999234748629354,0.999999999237769
"1754","G6pc3",2.04279683505501e-13,-0.418426564601967,9.02851201272739e-07,0.999241862312467,0.999999999237769
"1517","A530054K11Rik",2.03748178461044e-13,-0.418869636166749,8.98159146880768e-07,0.999243834872232,0.999999999237769
"530","Ctla2b",2.0338971975836e-13,-0.419169065906086,8.95001624143437e-07,0.999245165209965,0.999999999237769
"645","Frmd4a",2.03122978468643e-13,-0.419392203115777,8.92655612352871e-07,0.999246155159436,0.999999999237769
"1966","Kif3a",2.03035269649316e-13,-0.419465634259593,8.91884878615816e-07,0.999246480670718,0.999999999237769
"183","Mia1",2.02941962546257e-13,-0.4195437850399,8.91065315864186e-07,0.999246826958755,0.999999999237769
"665","3110056K07Rik",2.01412258002219e-13,-0.420829840726606,8.7768287401613e-07,0.999252504108374,0.999999999237769
"2698","Arl1",2.01163826728955e-13,-0.421039566532117,8.75519059327452e-07,0.999253426104402,0.999999999237769
"1006","Fhod1",2.01147288740039e-13,-0.421053536533414,8.75375109696447e-07,0.999253487481377,0.999999999237769
"1386","Large",1.99982106017341e-13,-0.422040513807303,8.65262939929158e-07,0.999257811791402,0.999999999237769
"227","Tpcn2",1.99902455912445e-13,-0.422108178862345,8.64573832681508e-07,0.999258107394608,0.999999999237769
"1250","Kctd21",1.99843833939948e-13,-0.422157996070719,8.64066829485988e-07,0.999258324956695,0.999999999237769
"2924","A730017L22Rik",1.97974827711616e-13,-0.423753513721411,8.47980323377639e-07,0.999265261347247,0.999999999237769
"2385","Tppp",1.97877469079383e-13,-0.423837012641492,8.47146501164388e-07,0.999265622671618,0.999999999237769
"2043","Tmppe",1.97477074114082e-13,-0.424180814050262,8.43721654207812e-07,0.999267108646264,0.999999999237769
"461","Snx22",1.97194959066829e-13,-0.424423446586468,8.41312700627223e-07,0.999268155651957,0.999999999237769
"34","Gm12250",1.97092098693614e-13,-0.424511992465107,8.40435242410445e-07,0.999268537394787,0.999999999237769
"2773","Slc25a32",1.97082405452492e-13,-0.424520338987443,8.40352577086185e-07,0.999268573369042,0.999999999237769
"800","Fbxo44",1.96783711270232e-13,-0.424777723373041,8.37807263986802e-07,0.999269681904418,0.999999999237769
"2013","Pcgf3",1.96277167092718e-13,-0.425215050627225,8.33499588532038e-07,0.999271561827678,0.999999999237769
"282","Ptgfrn",1.96205167735829e-13,-0.425277297512252,8.32888203841858e-07,0.999271829036881,0.999999999237769
"992","Acap3",1.95732482047067e-13,-0.425686489711088,8.28879949559089e-07,0.999273583302082,0.999999999237769
"383","Snapc3",1.95071083749351e-13,-0.426260604208138,8.23287688744232e-07,0.999276037931127,0.999999999237769
"2599","Gramd1a",1.9442221446975e-13,-0.42682562008436,8.17819757685894e-07,0.999278446061583,0.999999999237769
"2461","Mudeng",1.93667091175871e-13,-0.427485389864959,8.11479376474092e-07,0.999281248529606,0.999999999237769
"1050","Rtel1",1.93418086977236e-13,-0.42770348003131,8.09394026073436e-07,0.999282172651946,0.999999999237769
"1626","Cnnm2",1.92790521140578e-13,-0.428254303564856,8.04150214587183e-07,0.999284501719545,0.999999999237769
"1042","Trim47",1.92089957799315e-13,-0.428871188133028,7.98316581369482e-07,0.999287101700754,0.999999999237769
"2919","Mettl1",1.91851101359474e-13,-0.42908199683088,7.9633246408226e-07,0.999287988162006,0.999999999237769
"1154","Rasa3",1.91790899996236e-13,-0.429135167883391,7.95832776794104e-07,0.999288211585649,0.999999999237769
"408","Dcn",1.91703716856315e-13,-0.429212197539724,7.95109411603808e-07,0.999288535146008,0.999999999237769
"829","4931414P19Rik",1.91223513940834e-13,-0.429637065087891,7.91131026032478e-07,0.999290317309717,0.999999999237769
"2622","Trim30d",1.90384917756007e-13,-0.430381432550011,7.84207351063581e-07,0.999293429568394,0.999999999237769
"2078","Casc4",1.89996853072081e-13,-0.430726933788352,7.81013683960567e-07,0.999294869782057,0.999999999237769
"555","Tbc1d1",1.89322221945918e-13,-0.431329149036805,7.75477163805678e-07,0.999297373521788,0.999999999237769
"1253","Btbd10",1.88569577469766e-13,-0.432003383525355,7.69323650080571e-07,0.999300166790303,0.999999999237769
"2675","Ppp2r5b",1.88223278838166e-13,-0.432314453261286,7.66500595574656e-07,0.999301451998788,0.999999999237769
"1634","Gngt2",1.88207696556866e-13,-0.432328462977003,7.66373689555605e-07,0.999301509828875,0.999999999237769
"1242","BC026585",1.87754713036124e-13,-0.432736207591635,7.62689069981546e-07,0.999303190974025,0.999999999237769
"1127","Trmt5",1.86437576167865e-13,-0.433927067199438,7.5202577145165e-07,0.999308079227495,0.999999999237769
"1611","Srp54b",1.86375321595519e-13,-0.433983548364923,7.51523627760798e-07,0.99930831027116,0.999999999237769
"1807","Zfp160",1.85974957981003e-13,-0.434347206178561,7.48298312932168e-07,0.999309796129526,0.999999999237769
"1024","Myo9a",1.85848967430166e-13,-0.434461797673292,7.47284772370479e-07,0.99931026371476,0.999999999237769
"651","Pycard",1.85592150804235e-13,-0.43469560449758,7.45220918512277e-07,0.999311216831175,0.999999999237769
"1998","Arl6",1.85511926730432e-13,-0.434768703001089,7.44576799281508e-07,0.999311514564553,0.999999999237769
"2740","Rpa2",1.84989246409692e-13,-0.435245685553481,7.40387015956627e-07,0.999313454373522,0.999999999237769
"2066","Hsdl1",1.84470310007398e-13,-0.435720503668257,7.36238938391817e-07,0.999315380287794,0.999999999237769
"2766","Med20",1.83878777181598e-13,-0.436263276679465,7.31524778860134e-07,0.999317575627164,0.999999999237769
"2545","Pold3",1.83287197386363e-13,-0.436807733181242,7.26825387777679e-07,0.999319771140854,0.999999999237769
"1075","Spred1",1.8327329461621e-13,-0.436820548315078,7.26715129088455e-07,0.99931982273782,0.999999999237769
"496","Pus7l",1.83235015493434e-13,-0.436855837511789,7.2641159209337e-07,0.999319964802067,0.999999999237769
"211","Nek2",1.82771088003255e-13,-0.437284078915557,7.22737887232928e-07,0.999321686563302,0.999999999237769
"279","Ccdc30",1.82615639363133e-13,-0.437427798249477,7.21509018420606e-07,0.999322263475532,0.999999999237769
"2730","Atpbd4",1.82293717873003e-13,-0.437725794532697,7.18967455903679e-07,0.999323458213837,0.999999999237769
"2655","Reep4",1.81867266231146e-13,-0.438121313212206,7.15607535165078e-07,0.999325040892,0.999999999237769
"230","Limk1",1.81766339058299e-13,-0.438215046853016,7.14813503270511e-07,0.999325415460221,0.999999999237769
"1523","Abhd1",1.80178122226198e-13,-0.439696528508654,7.02376448206333e-07,0.999331309765373,0.999999999237769
"554","Tmem194",1.80168322753388e-13,-0.439705707375968,7.0230004901149e-07,0.999331346133886,0.999999999237769
"1929","Mpp7",1.77890646745182e-13,-0.441851944442191,6.84655428097234e-07,0.999339799209851,0.999999999237769
"1264","Pde7a",1.76642979168853e-13,-0.443038563652779,6.75085203083708e-07,0.999344429644047,0.999999999237769
"1967","Sult1c2",1.76242506910264e-13,-0.443421107752546,6.72027663690199e-07,0.999345915905677,0.999999999237769
"1537","Mettl21d",1.7560061393109e-13,-0.444035968776464,6.6714139305709e-07,0.999348298145364,0.999999999237769
"1526","Susd1",1.75431024502308e-13,-0.44419876835479,6.65853407876575e-07,0.999348927537928,0.999999999237769
"2131","Gmeb1",1.75273141988541e-13,-0.444350462460658,6.64655452101311e-07,0.999349513482942,0.999999999237769
"2146","Hps1",1.74367701767014e-13,-0.445222895758893,6.57806127162975e-07,0.999352873818245,0.999999999237769
"309","Mfap1b",1.74278030569e-13,-0.44530952919377,6.57129727857352e-07,0.999353206612488,0.999999999237769
"557","Tdp1",1.74193329021464e-13,-0.445391399739618,6.56491134697259e-07,0.999353520963004,0.999999999237769
"25","Vsig2",1.74192721908173e-13,-0.445391986695969,6.56486558588624e-07,0.999353523216167,0.999999999237769
"2719","Als2",1.7389121275338e-13,-0.445683722721782,6.54215907995342e-07,0.999354642198774,0.999999999237769
"1859","Zfp579",1.73624523890732e-13,-0.445942162814264,6.52210765771067e-07,0.999355631953793,0.999999999237769
"2685","Fbxo42",1.72861387207249e-13,-0.446683757832654,6.46490005647596e-07,0.999358464161919,0.999999999237769
"414","Itgae",1.72835136509429e-13,-0.44670932212525,6.46293668854702e-07,0.99935856158541,0.999999999237769
"1812","Hist2h3c1",1.72795512660046e-13,-0.446747916785373,6.45997366748374e-07,0.99935870864031,0.999999999237769
"2928","Dock7",1.72334734242368e-13,-0.447197337506593,6.42556712925965e-07,0.999360418714548,0.999999999237769
"244","Colec10",1.71955217909909e-13,-0.447568346407939,6.3972974652811e-07,0.999361827203051,0.999999999237769
"2743","St7",1.71663694240989e-13,-0.447853857062749,6.37562458124574e-07,0.99936290912681,0.999999999237769
"1472","Gtdc1",1.71384997473765e-13,-0.448127230899847,6.35493967646372e-07,0.999363943446442,0.999999999237769
"2319","Fam65a",1.7085891504509e-13,-0.448644403809573,6.31598538080938e-07,0.999365895881666,0.999999999237769
"2808","Rnaseh2b",1.70664938015515e-13,-0.448835472677525,6.30165237840677e-07,0.999366615783273,0.999999999237769
"637","Ecm1",1.70443802212936e-13,-0.449053541768849,6.28533246925019e-07,0.999367436478486,0.999999999237769
"1868","Klk1b4",1.69994227377109e-13,-0.449497701263603,6.25221890799996e-07,0.999369104973194,0.999999999237769
"1840","Scfd2",1.69638999754617e-13,-0.449849429879312,6.2261163704948e-07,0.999370423319689,0.999999999237769
"1904","Zfp780b",1.68759959045285e-13,-0.45072279074878,6.16175817866997e-07,0.999373685679279,0.999999999237769
"2035","Nup188",1.67915379807872e-13,-0.45156594135939,6.1002380076229e-07,0.999376820142967,0.999999999237769
"329","Gm10653",1.67008883916726e-13,-0.452475341206353,6.03455118137577e-07,0.999380184396239,0.999999999237769
"1234","Cdc25a",1.66016250874518e-13,-0.453476480021641,5.96303051240692e-07,0.999383868327963,0.999999999237769
"774","Rad9",1.65693632341838e-13,-0.45380307220093,5.93987717766828e-07,0.999385065653258,0.999999999237769
"607","Ube2cbp",1.65355425910052e-13,-0.454146085256274,5.91565350179169e-07,0.999386320829496,0.999999999237769
"2732","Spata2",1.64300102363798e-13,-0.455220653304661,5.84038525175397e-07,0.999390237422789,0.999999999237769
"2065","Swap70",1.64123576772985e-13,-0.455401029678793,5.8278420628414e-07,0.999390892557367,0.999999999237769
"1678","Dbf4",1.63388699110608e-13,-0.456153899047034,5.77576955942688e-07,0.999393619888662,0.999999999237769
"2953","Clec16a",1.61626223603402e-13,-0.457972547876521,5.65183505926154e-07,0.999400160915659,0.999999999237769
"1329","Gprasp1",1.61578130748315e-13,-0.458022433795957,5.64847208463223e-07,0.999400339401353,0.999999999237769
"1113","Saa3",1.61084084548696e-13,-0.45853570763837,5.61398301320808e-07,0.999402172941467,0.999999999237769
"1069","Tnfrsf19",1.60698115906673e-13,-0.458937726060424,5.58711225836206e-07,0.999403605376308,0.999999999237769
"2070","Lag3",1.59854661282478e-13,-0.459819415572381,5.5286161337338e-07,0.999406735666339,0.999999999237769
"996","Gpr19",1.59469878345299e-13,-0.46022309146375,5.50203252552016e-07,0.999408163700711,0.999999999237769
"1304","9230114K14Rik",1.59024740481277e-13,-0.460691227058895,5.47135908695543e-07,0.999409815728673,0.999999999237769
"790","Zfp748",1.58989904297071e-13,-0.460727914868155,5.46896222221925e-07,0.999409945015249,0.999999999237769
"2630","Tfcp2",1.58946875821214e-13,-0.460773240817911,5.4660024208817e-07,0.999410104705653,0.999999999237769
"2776","Helb",1.57259250531648e-13,-0.462560115495328,5.35054758392632e-07,0.999416367943186,0.999999999237769
"2676","Utp20",1.56937107326539e-13,-0.462903247091739,5.3286490041727e-07,0.999417563504448,0.999999999237769
"2533","Gtpbp1",1.56919930576045e-13,-0.462921561494274,5.32748262781899e-07,0.999417627252052,0.999999999237769
"2162","A630072M18Rik",1.56781045255271e-13,-0.463069714585083,5.31805639757768e-07,0.999418142693343,0.999999999237769
"1926","Atmin",1.5663363014862e-13,-0.463227101381589,5.30806037688066e-07,0.999418689790994,0.999999999237769
"1488","Tusc1",1.55170212630826e-13,-0.46479708962966,5.20933801426882e-07,0.999424120932403,0.999999999237769
"2485","Polr1e",1.55032951963531e-13,-0.464945057662901,5.20012592458214e-07,0.999424630344165,0.999999999237769
"2219","Zbtb38",1.54998147582532e-13,-0.464982596576032,5.19779136478531e-07,0.999424759512713,0.999999999237769
"839","Agtrap",1.54960598591829e-13,-0.465023104605985,5.19527329367217e-07,0.999424898867255,0.999999999237769
"2170","Cep250",1.54736140271876e-13,-0.46526544348787,5.18023362849758e-07,0.999425731893282,0.999999999237769
"2880","Ccdc28b",1.54714349812127e-13,-0.465288987351541,5.17877473564773e-07,0.99942581276362,0.999999999237769
"1370","3110045C21Rik",1.54702210704165e-13,-0.465302104601053,5.17796209946456e-07,0.999425857815159,0.999999999237769
"1997","Pias3",1.54373091352508e-13,-0.465658112047508,5.15595394888925e-07,0.999427079266813,0.999999999237769
"1496","Alpl",1.54245512206725e-13,-0.46579630553301,5.14743536078722e-07,0.99942755274781,0.999999999237769
"2789","Kctd3",1.53261606696979e-13,-0.466865686077276,5.08197560293266e-07,0.999431204289445,0.999999999237769
"950","Pmepa1",1.51650195737987e-13,-0.46863107346253,4.97567239372815e-07,0.999437184674933,0.999999999237769
"1148","Gm16515",1.51058567307636e-13,-0.469283652866531,4.93692523546782e-07,0.999439380369378,0.999999999237769
"1579","Tprn",1.5105298029321e-13,-0.469289826886883,4.93656005045487e-07,0.999439401104313,0.999999999237769
"2092","Cdk19",1.50924561665952e-13,-0.469431797034111,4.92816992419388e-07,0.999439877700859,0.999999999237769
"1878","Gm12657",1.50732486526084e-13,-0.469644352728775,4.91563417014451e-07,0.999440590544085,0.999999999237769
"690","Exog",1.50362000953071e-13,-0.470055060947881,4.89149957972906e-07,0.999441965517083,0.999999999237769
"378","B330016D10Rik",1.50030100675493e-13,-0.470423801597131,4.86992899328379e-07,0.999443197289529,0.999999999237769
"1583","Haus8",1.49930916731215e-13,-0.470534143282466,4.86349216356203e-07,0.999443565388196,0.999999999237769
"2058","Ston2",1.49789368640916e-13,-0.470691733519255,4.85431336203017e-07,0.999444090711763,0.999999999237769
"582","Zfp668",1.49672928843049e-13,-0.470821474597222,4.84676922752959e-07,0.999444522851609,0.999999999237769
"1887","Fen1",1.49597630029023e-13,-0.470905425443426,4.84189374102939e-07,0.999444802306043,0.999999999237769
"711","Lrrcc1",1.49488581415904e-13,-0.471027074317302,4.83483735444366e-07,0.999445207015187,0.999999999237769
"2618","2810408M09Rik",1.49232062367501e-13,-0.471313561922072,4.81825864637086e-07,0.999446159027336,0.999999999237769
"2266","Ing5",1.49224971582459e-13,-0.471321487666451,4.81780077660604e-07,0.999446185343173,0.999999999237769
"2451","Eef2k",1.49205677792651e-13,-0.471343055141128,4.81655503837072e-07,0.99944625694769,0.999999999237769
"830","Morc4",1.48788110401134e-13,-0.471810473015828,4.78963351597797e-07,0.999447806654164,0.999999999237769
"1709","Zfp719",1.4866430928559e-13,-0.471949290368071,4.78166627612526e-07,0.999448266113869,0.999999999237769
"1809","Pramef8",1.48562436901646e-13,-0.472063600525436,4.77511523713761e-07,0.999448644190071,0.999999999237769
"2802","1700018L02Rik",1.48425775025845e-13,-0.472217063205786,4.76633406649707e-07,0.999449151379565,0.999999999237769
"2891","BC017643",1.48249764889929e-13,-0.472414906883793,4.75503649112853e-07,0.999449804601185,0.999999999237769
"1500","Fam164c",1.48230077015474e-13,-0.472437050679711,4.75377361768929e-07,0.999449877668257,0.999999999237769
"248","Dcbld2",1.47968529998999e-13,-0.472731485853549,4.73701266849567e-07,0.99945084834057,0.999999999237769
"1783","Ehbp1l1",1.47492007565714e-13,-0.473269185551748,4.70655135249145e-07,0.999452616845291,0.999999999237769
"2783","Tti1",1.4748193740388e-13,-0.473280566120096,4.7059086855892e-07,0.999452654218409,0.999999999237769
"1306","Abca7",1.473173501446e-13,-0.473466674109978,4.69541112305111e-07,0.99945326504662,0.999999999237769
"2288","2510009E07Rik",1.45567491124219e-13,-0.475457487023816,4.58452791488257e-07,0.999459759250743,0.999999999237769
"972","Gpx7",1.45475259254602e-13,-0.475563040798748,4.57872022222248e-07,0.99946010154837,0.999999999237769
"977","Ubtd2",1.44927344082411e-13,-0.476191393477533,4.54429476956744e-07,0.999462135011034,0.999999999237769
"1883","Zfp362",1.4480335418122e-13,-0.4763338950223,4.53652252148192e-07,0.99946259517138,0.999999999237769
"1118","Pgap2",1.4384875412556e-13,-0.477434864757945,4.476906633545e-07,0.999466137952591,0.999999999237769
"1539","Pfn2",1.43742345441245e-13,-0.477558013396592,4.47028571351612e-07,0.999466532864246,0.999999999237769
"2344","Arhgap24",1.43502926421797e-13,-0.477835410156994,4.45540658947964e-07,0.99946742141354,0.999999999237769
"2411","4930556M19Rik",1.43332815847098e-13,-0.478032768354582,4.44484983535335e-07,0.999468052740289,0.999999999237769
"2870","Zcchc10",1.43316956990956e-13,-0.478051178611821,4.44386630155405e-07,0.99946811159683,0.999999999237769
"2764","Clasp2",1.43095736108461e-13,-0.47830818933008,4.43015798233843e-07,0.999468932607875,0.999999999237769
"74","2900009J06Rik",1.42582350403128e-13,-0.47890607114764,4.3984267800389e-07,0.999470837922282,0.999999999237769
"2562","Sowahc",1.42489297332992e-13,-0.479014655562356,4.39268759060045e-07,0.999471183267611,0.999999999237769
"1185","5430405H02Rik",1.41716187918624e-13,-0.479919384039911,4.3451497724376e-07,0.999474052487564,0.999999999237769
"2083","Ap4e1",1.40844543761691e-13,-0.480944991126165,4.29186331394299e-07,0.999477287396836,0.999999999237769
"844","Atp8a1",1.40291549430431e-13,-0.481598754654,4.25822740932118e-07,0.999479339709674,0.999999999237769
"832","Tgfbi",1.40265602073018e-13,-0.481629489591572,4.2566524102386e-07,0.999479436007396,0.999999999237769
"2008","Plagl2",1.39834690496874e-13,-0.482140690394741,4.23053876190353e-07,0.999481035237824,0.999999999237769
"851","Plekho2",1.39679799362622e-13,-0.482324802550147,4.22117184399683e-07,0.999481610081084,0.999999999237769
"2200","Haus1",1.39291469255347e-13,-0.482787236377436,4.19773353002032e-07,0.999483051280066,0.999999999237769
"1956","Zscan29",1.38748124391608e-13,-0.483436299616485,4.16504856393191e-07,0.999485067781107,0.999999999237769
"2283","P4ha2",1.38314355567585e-13,-0.48395618025213,4.13904685575172e-07,0.999486677615569,0.999999999237769
"2826","Vps45",1.37215208392155e-13,-0.485280408655125,4.07352444307744e-07,0.999490756850654,0.999999999237769
"1815","Tasp1",1.36340510377692e-13,-0.486341354133545,4.02175544420226e-07,0.999494003093668,0.999999999237769
"1497","1700020O03Rik",1.36186403856069e-13,-0.486528935407737,4.01266895228965e-07,0.999494575025023,0.999999999237769
"1569","Zdhhc14",1.35873043675214e-13,-0.486910977944052,3.99422417360515e-07,0.999495737990164,0.999999999237769
"2539","Dock9",1.34885732613279e-13,-0.488120115162936,3.93638762439252e-07,0.999499402170942,0.999999999237769
"2413","Hscb",1.34838514463373e-13,-0.488178149921167,3.9336321601242e-07,0.999499577410382,0.999999999237769
"2795","2210404J11Rik",1.34613411289112e-13,-0.488455081442216,3.920509292783e-07,0.999500412829692,0.999999999237769
"2298","Saal1",1.34589813315186e-13,-0.48848413782466,3.91913486855486e-07,0.999500500408213,0.999999999237769
"1336","Ppp6r2",1.34527019659614e-13,-0.488561479458476,3.91547873158475e-07,0.999500733452605,0.999999999237769
"818","Fgfr1",1.34431661036916e-13,-0.488678995460483,3.90992977453707e-07,0.999501087354477,0.999999999237769
"314","Ifitm1",1.33687985080326e-13,-0.489598162598566,3.86678996673898e-07,0.999503847338904,0.999999999237769
"519","Pygb",1.33680855194701e-13,-0.489606998168377,3.86637752825389e-07,0.999503873799855,0.999999999237769
"1221","Hist1h2ao",1.33527710480291e-13,-0.489796886513402,3.85752396252777e-07,0.999504442161685,0.999999999237769
"2366","Agxt2l2",1.33322982804288e-13,-0.490051053304314,3.84570414642909e-07,0.999505201961963,0.999999999237769
"2659","Zfp704",1.33125680227234e-13,-0.490296348563118,3.83433017505778e-07,0.999505934205673,0.999999999237769
"2833","Nfatc1",1.33121861231938e-13,-0.490301099869478,3.83411018626465e-07,0.999505948379007,0.999999999237769
"901","Ccdc76",1.32815351094478e-13,-0.490682854214253,3.8164746048402e-07,0.999507085921778,0.999999999237769
"1291","Snapc4",1.32753883609001e-13,-0.490759510620319,3.81294286229664e-07,0.999507314044393,0.999999999237769
"1533","6430548M08Rik",1.32567954980246e-13,-0.490991585948956,3.80226989712902e-07,0.999508004076277,0.999999999237769
"2661","C030046E11Rik",1.31886146286967e-13,-0.491845237135609,3.76325965296736e-07,0.99951053445442,0.999999999237769
"1691","Toe1",1.31880909256905e-13,-0.491851810107074,3.76296079045309e-07,0.999510553890468,0.999999999237769
"485","Nt5c3l",1.31866381078793e-13,-0.49187004563584,3.76213177048808e-07,0.999510607808502,0.999999999237769
"1719","1700096K18Rik",1.31721073971895e-13,-0.492052536459483,3.7538451505516e-07,0.999511147082834,0.999999999237769
"611","Gpr157",1.30546544997207e-13,-0.49353459470964,3.68719912796174e-07,0.999515506080429,0.999999999237769
"2886","Cox7a1",1.30352960653759e-13,-0.493780065403611,3.67627191735265e-07,0.999516224524765,0.999999999237769
"7","Rgs5",1.3020187116517e-13,-0.4939718890477,3.66775467097838e-07,0.999516785259096,0.999999999237769
"1697","Irf8",1.29649691020114e-13,-0.494674718856965,3.63671108046537e-07,0.999518834550331,0.999999999237769
"899","Gm7694",1.29351352783198e-13,-0.49505562093197,3.61999339073366e-07,0.99951994176496,0.999999999237769
"1204","Zfp747",1.29106738210118e-13,-0.495368546831749,3.60631489665751e-07,0.999520849596409,0.999999999237769
"2028","Kcnc3",1.29091869973899e-13,-0.495387585110417,3.60548432104186e-07,0.999520904776492,0.999999999237769
"1650","Mast4",1.28427465877127e-13,-0.496240438647687,3.56846674536711e-07,0.999523370561451,0.999999999237769
"2818","Mtcp1",1.27964955440361e-13,-0.496836580614007,3.54281053259746e-07,0.999525087063932,0.999999999237769
"1917","Praf2",1.27874182534001e-13,-0.496953817415629,3.53778607654937e-07,0.999525423946965,0.999999999237769
"1289","Homez",1.27759872521743e-13,-0.497101564412223,3.53146386814038e-07,0.999525848182624,0.999999999237769
"2244","Ccdc157",1.27732751261745e-13,-0.497136637148845,3.52996468718702e-07,0.999525948837023,0.999999999237769
"1315","Nudt12",1.2731851234888e-13,-0.49767319347037,3.50710637286171e-07,0.999527486190704,0.999999999237769
"385","Pdp1",1.27150954843117e-13,-0.497890692971637,3.4978813936757e-07,0.999528108042347,0.999999999237769
"2328","Npas2",1.27115267266634e-13,-0.497937052270003,3.49591816199228e-07,0.999528240488686,0.999999999237769
"1911","Lancl2",1.2656735964719e-13,-0.498650338366646,3.46584605251476e-07,0.999530273923429,0.999999999237769
"2241","Shkbp1",1.26383414909006e-13,-0.498890453806271,3.45577930420772e-07,0.999530956592566,0.999999999237769
"938","Rai2",1.26336742651649e-13,-0.498951430378077,3.45322739911987e-07,0.999531129806054,0.999999999237769
"1772","Pprc1",1.2593011785155e-13,-0.499483575015844,3.43103420086723e-07,0.99953263890169,0.999999999237769
"2293","Rdh13",1.25927531318771e-13,-0.499486965133509,3.43089325934443e-07,0.99953264850102,0.999999999237769
"492","Foxo3",1.25315422268214e-13,-0.500291086790097,3.39762052298621e-07,0.999534920204807,0.999999999237769
"719","Flywch2",1.24938286202404e-13,-0.500788362876712,3.37720105532261e-07,0.999536319859704,0.999999999237769
"1200","Cdca4",1.24916871672825e-13,-0.500816641417314,3.37604344421499e-07,0.99953639933487,0.999999999237769
"89","Ppp1r13l",1.24669494787432e-13,-0.501143640209648,3.36268530998075e-07,0.999537317418025,0.999999999237769
"2374","Riok1",1.24603739202553e-13,-0.501230662584285,3.35913902101498e-07,0.999537561454952,0.999999999237769
"1131","Tspyl4",1.24580529372284e-13,-0.501261389264967,3.35788772974899e-07,0.999537647592969,0.999999999237769
"1906","Zfp229",1.24550616729534e-13,-0.501300997484101,3.35627541941453e-07,0.999537758606952,0.999999999237769
"1235","Enc1",1.24254318261814e-13,-0.501693817711178,3.34032565681124e-07,0.999538858251456,0.999999999237769
"2360","Fam185a",1.24250188454368e-13,-0.501699299044456,3.34010361748553e-07,0.999538873578299,0.999999999237769
"2474","Traf3",1.24069071309119e-13,-0.501939857044673,3.33037310315062e-07,0.999539545753472,0.999999999237769
"1631","Csnk1e",1.23284046403313e-13,-0.502986341725798,3.28836175176906e-07,0.999542459195218,0.999999999237769
"1715","Trp53bp1",1.226904443749e-13,-0.503781806461488,3.25677163188513e-07,0.999544662214409,0.999999999237769
"701","Pik3c2g",1.22530866281518e-13,-0.503996266963992,3.24830526062703e-07,0.999545254452282,0.999999999237769
"2554","Rpap1",1.22412866166383e-13,-0.504155018451843,3.24205188394384e-07,0.999545692382926,0.999999999237769
"924","Ankrd37",1.22212022657675e-13,-0.504425553672471,3.23142210412764e-07,0.999546437768022,0.999999999237769
"2603","Sclt1",1.21990390936136e-13,-0.504724574922746,3.21971235206851e-07,0.999547260303852,0.999999999237769
"2581","Hsbp1l1",1.21789945219702e-13,-0.504995451559099,3.20914025166774e-07,0.999548004212634,0.999999999237769
"2930","Raet1e",1.21429306630155e-13,-0.505483862946123,3.19016288400166e-07,0.999549342640905,0.999999999237769
"1987","Dcaf15",1.21218341223211e-13,-0.505770203648764,3.1790876436219e-07,0.999550125591131,0.999999999237769
"2117","Dffa",1.205784694361e-13,-0.506641561328675,3.14561350905827e-07,0.999552500330043,0.999999999237769
"1604","E130304F04Rik",1.20400704285512e-13,-0.506884406256533,3.13634538232856e-07,0.999553160065054,0.999999999237769
"1669","Rel",1.20297246342153e-13,-0.507025894987404,3.13095769900415e-07,0.999553544025731,0.999999999237769
"1101","Vps8",1.20244049096492e-13,-0.507098691795682,3.12818919841685e-07,0.999553741455234,0.999999999237769
"1222","Renbp",1.20198201937185e-13,-0.507161454750524,3.12580419478505e-07,0.999553911606561,0.999999999237769
"2941","Usp42",1.19522600991457e-13,-0.508088938492601,3.09076438014574e-07,0.999556418946143,0.999999999237769
"2973","Rps6ka4",1.19052901837091e-13,-0.508736656683845,3.06651997941843e-07,0.999558162127958,0.999999999237769
"890","Slc25a29",1.18718264366694e-13,-0.509199587691652,3.04930527444603e-07,0.999559404058986,0.999999999237769
"2062","Ints12",1.18237487771573e-13,-0.509866831636072,3.02465757436455e-07,0.999561188352212,0.999999999237769
"276","Dlgap1",1.17731666373131e-13,-0.510571586605228,2.99883388664253e-07,0.999563065593545,0.999999999237769
"1215","Gm5523",1.17612328905275e-13,-0.51073827209979,2.99275749485527e-07,0.999563508487475,0.999999999237769
"1130","Mras",1.17554244254751e-13,-0.510819459670788,2.98980218651817e-07,0.999563724055475,0.999999999237769
"1177","BC021891",1.1733239640687e-13,-0.511129893232544,2.97852815189322e-07,0.999564547393418,0.999999999237769
"1353","Slc41a2",1.17193227420725e-13,-0.511324914690325,2.97146662543286e-07,0.999565063887529,0.999999999237769
"2960","Mpg",1.16712924191552e-13,-0.511999649814015,2.94716009462897e-07,0.999566846423972,0.999999999237769
"161","Phlda3",1.16674805808129e-13,-0.512053310417661,2.94523532693045e-07,0.999566987891702,0.999999999237769
"2641","Zfp961",1.16515944394016e-13,-0.512277122487438,2.93722047374748e-07,0.999567577469792,0.999999999237769
"1553","Sgce",1.16255762855412e-13,-0.512644298507123,2.92411742076577e-07,0.999568543074533,0.999999999237769
"2277","A230072C01Rik",1.15916621673386e-13,-0.513124063572786,2.90708184097785e-07,0.999569801720073,0.999999999237769
"2165","Pag1",1.15667536583635e-13,-0.513477270355017,2.8946016162186e-07,0.999570726142863,0.999999999237769
"1425","Nid2",1.15522600682666e-13,-0.513683120332642,2.88735206529271e-07,0.999571264039572,0.999999999237769
"878","Oxct1",1.15234139546422e-13,-0.514093538565405,2.8729505717927e-07,0.999572334597625,0.999999999237769
"2872","1110031I02Rik",1.14747567779742e-13,-0.514788014254592,2.84873994535626e-07,0.999574140398331,0.999999999237769
"1415","Rnf24",1.14446502481942e-13,-0.515219104234951,2.83381097332281e-07,0.999575257733872,0.999999999237769
"116","Spin4",1.14246088579845e-13,-0.515506663384792,2.82389476215654e-07,0.999576001524596,0.999999999237769
"2586","Zfp317",1.14113427229438e-13,-0.515697269750884,2.81734041629081e-07,0.999576493867097,0.999999999237769
"1571","Tmem48",1.13788795466005e-13,-0.516164575092828,2.80133358383147e-07,0.999577698664229,0.999999999237769
"1710","Cdc23",1.13676130307161e-13,-0.516327048200464,2.79578898791832e-07,0.999578116795403,0.999999999237769
"99","Tceal1",1.13446212554354e-13,-0.516659079035889,2.78449107577692e-07,0.999578970082976,0.999999999237769
"1100","Loxl2",1.13183497716592e-13,-0.51703924658787,2.77160955100681e-07,0.999579945089489,0.999999999237769
"743","2410075B13Rik",1.13181593071519e-13,-0.517042005769098,2.77151627083498e-07,0.999579952158147,0.999999999237769
"758","Lipo1",1.13134959548828e-13,-0.517109575431828,2.76923287938828e-07,0.999580125227886,0.999999999237769
"2768","Rbm19",1.13057038595147e-13,-0.517222537345554,2.76541961143237e-07,0.999580414413827,0.999999999237769
"993","Cog5",1.12836351512337e-13,-0.517542863879075,2.75463396288382e-07,0.999581233443863,0.999999999237769
"1552","Pmm1",1.12412943855932e-13,-0.518159087251463,2.73399974673007e-07,0.999582804825316,0.999999999237769
"12","Abi3",1.11190444103513e-13,-0.519950596675722,2.67485815798768e-07,0.999587341855791,0.999999999237769
"1649","Lins",1.10990748625344e-13,-0.520244993979497,2.6652588184709e-07,0.999588082980253,0.999999999237769
"2920","Fmo2",1.1045236201348e-13,-0.521041182577036,2.63946460719933e-07,0.999590081080021,0.999999999237769
"23","Akr1b10",1.10268810926233e-13,-0.521313457810786,2.63069930720925e-07,0.99959076228824,0.999999999237769
"233","Tmed8",1.10135294432123e-13,-0.521511780144832,2.62433251864869e-07,0.999591257804418,0.999999999237769
"1699","Wwox",1.1004510711773e-13,-0.521645869957165,2.6200362647262e-07,0.999591592514176,0.999999999237769
"734","Fes",1.09882410559429e-13,-0.521888026861918,2.6122947888307e-07,0.999592196325542,0.999999999237769
"1340","Enoph1",1.09734790229987e-13,-0.522108035539904,2.60528058552711e-07,0.999592744184906,0.999999999237769
"2475","Zfp954",1.09388580788475e-13,-0.522625106078897,2.58886737895286e-07,0.999594029062709,0.999999999237769
"688","Napepld",1.0907993080987e-13,-0.523087376654863,2.5742785333301e-07,0.999595174547086,0.999999999237769
"220","Dem1",1.0901851475104e-13,-0.523179506910416,2.57138052024906e-07,0.999595402478856,0.999999999237769
"2023","Cbx2",1.0881482647743e-13,-0.523485408616504,2.56178085237386e-07,0.999596158421676,0.999999999237769
"2623","Sema6b",1.08326101189322e-13,-0.52422157856969,2.53882082889867e-07,0.999597972214717,0.999999999237769
"2370","Tubb6",1.08138277029793e-13,-0.524505328199824,2.53002445421451e-07,0.999598669281478,0.999999999237769
"1457","Zfp58",1.08122734833724e-13,-0.524528828802955,2.52929724990876e-07,0.999598726962813,0.999999999237769
"484","Nfkb2",1.08025581125796e-13,-0.524675802072791,2.52475389080834e-07,0.999599087526762,0.999999999237769
"1245","Wdr85",1.06098935233965e-13,-0.527616317155258,2.43549856833846e-07,0.999606237835959,0.999999999237769
"1241","Jak3",1.05178483776269e-13,-0.529038864638272,2.39342398728881e-07,0.999609653882765,0.999999999237769
"2098","Dnajc16",1.05067848691712e-13,-0.529210635338797,2.38839144852942e-07,0.999610064479787,0.999999999237769
"1076","Ddx59",1.05055364545973e-13,-0.529230028723636,2.38782390563462e-07,0.999610110811863,0.999999999237769
"845","Fam19a2",1.04806435559631e-13,-0.529617177175989,2.37652140104787e-07,0.999611034655334,0.999999999237769
"985","Trp53rk",1.04750704735348e-13,-0.529703971059558,2.3739946424199e-07,0.999611241487648,0.999999999237769
"256","Mre11a",1.04246145442289e-13,-0.530491736969646,2.35117978400735e-07,0.999613114045023,0.999999999237769
"2201","Tbkbp1",1.03915516182622e-13,-0.531009888628293,2.33628933278929e-07,0.999614341100531,0.999999999237769
"1054","D430042O09Rik",1.03869399589977e-13,-0.531082283932538,2.33421615257303e-07,0.999614512251805,0.999999999237769
"1560","Efha2",1.03835172714324e-13,-0.531136033871542,2.33267807180579e-07,0.999614639277091,0.999999999237769
"1505","Fads6",1.03325623297407e-13,-0.531938202455192,2.30983998561466e-07,0.999616530354183,0.999999999237769
"440","Smox",1.0314360278749e-13,-0.532225651642595,2.301709031988e-07,0.999617205882023,0.999999999237769
"2380","Dnalc4",1.03021819303833e-13,-0.532418239503233,2.2962769033222e-07,0.999617657853802,0.999999999237769
"1247","Polr3c",1.02280163431604e-13,-0.533595721270243,2.26333403495376e-07,0.999620410341366,0.999999999237769
"342","Rab8b",1.02056335927017e-13,-0.533952651873997,2.25343882007967e-07,0.999621241026387,0.999999999237769
"2272","Rab3d",1.01893427622795e-13,-0.534212898533937,2.24625041972926e-07,0.999621845623612,0.999999999237769
"704","Mob1a",1.01514741895462e-13,-0.534819361652404,2.22958511896106e-07,0.999623251029807,0.999999999237769
"155","Axl",1.01306012217638e-13,-0.535154548826925,2.22042581601817e-07,0.999624025682669,0.999999999237769
"2002","Ccdc34",1.0113806609576e-13,-0.535424714602828,2.21306983016862e-07,0.999624648976612,0.999999999237769
"84","Gatsl3",1.00676624860131e-13,-0.536169182072719,2.1929216880104e-07,0.999626361511111,0.999999999237769
"1739","Vps33b",1.00272132316772e-13,-0.536824408256296,2.17533590654012e-07,0.999627862693455,0.999999999237769
"510","Zfp607",1.00002339028824e-13,-0.537262818514161,2.16364568981906e-07,0.99962886397006,0.999999999237769
"92","Zfp947",9.93517740555027e-14,-0.538324557221791,2.13558607500191e-07,0.999631278394428,0.999999999237769
"1826","Slc43a1",9.92510331725438e-14,-0.538489551698608,2.13125738023141e-07,0.99963165227137,0.999999999237769
"811","Efcab2",9.91864350607087e-14,-0.538595433839717,2.12848400055272e-07,0.999631892012613,0.999999999237769
"2349","Ptgr1",9.79557705358228e-14,-0.540625056222253,2.07599296744607e-07,0.999636459344926,0.999999999237769
"222","Cables1",9.78271007657053e-14,-0.54083863861263,2.0705427096338e-07,0.999636936873601,0.999999999237769
"2893","Med27",9.77767865556967e-14,-0.540922228182014,2.06841342378794e-07,0.999637123603382,0.999999999237769
"241","Brca1",9.77306193908426e-14,-0.54099896355417,2.06646060364482e-07,0.999637294942346,0.999999999237769
"2148","Asb6",9.72947318744e-14,-0.541725141549591,2.04806850330369e-07,0.999638912640023,0.999999999237769
"272","Gm10872",9.71559552967881e-14,-0.541956980437602,2.04223013507185e-07,0.999639427677822,0.999999999237769
"2763","Acot11",9.70078010766191e-14,-0.542204828577457,2.0360064441055e-07,0.999639977518616,0.999999999237769
"663","Tab1",9.66216203897228e-14,-0.542852545397409,2.01982833626135e-07,0.999641410740669,0.999999999237769
"215","Wipf1",9.65626295893092e-14,-0.542951700711516,2.01736274073921e-07,0.999641629671648,0.999999999237769
"2583","1110034G24Rik",9.64801689207823e-14,-0.543090400863682,2.01391871583035e-07,0.999641935705722,0.999999999237769
"2376","Scaper",9.63882701438018e-14,-0.543245107130826,2.01008396875494e-07,0.999642276767195,0.999999999237769
"1855","Rg9mtd3",9.62840609144501e-14,-0.543420704806276,2.00573995328154e-07,0.99964266351612,0.999999999237769
"1684","Sccpdh",9.61040619571744e-14,-0.543724432191289,1.99824767199246e-07,0.999643331541436,0.999999999237769
"334","Fam118a",9.58235890241106e-14,-0.544198762858705,1.98660120147211e-07,0.999644372453131,0.999999999237769
"1931","9330020H09Rik",9.57959937037439e-14,-0.544245501896796,1.98545716160718e-07,0.999644474866906,0.999999999237769
"1355","Med26",9.56233246011564e-14,-0.544538243877481,1.97830617071849e-07,0.999645115689129,0.999999999237769
"270","Sgcb",9.55508275104281e-14,-0.5446613027453,1.97530759113842e-07,0.999645384745643,0.999999999237769
"2575","Cap1",9.48371355872657e-14,-0.545877442713267,1.94590970544175e-07,0.999648033451394,0.999999999237769
"1511","Tmem38a",9.47687995310514e-14,-0.545994338128922,1.94310641777328e-07,0.999648287065173,0.999999999237769
"1644","Heatr2",9.4254118076802e-14,-0.546877299096509,1.92205803130123e-07,0.999650197188695,0.999999999237769
"1068","Gm20257",9.41561966764917e-14,-0.547045799891603,1.91806642115322e-07,0.99965056060177,0.999999999237769
"2273","2210018M11Rik",9.37199961266623e-14,-0.547798405807536,1.90033580666623e-07,0.999652179461212,0.999999999237769
"1212","Dvl2",9.3523683841287e-14,-0.548138189100897,1.89238299909219e-07,0.99965290802975,0.999999999237769
"1970","Cbx7",9.31252557184715e-14,-0.548829862185667,1.87629354386135e-07,0.999654386705395,0.999999999237769
"1067","Myo19",9.30722629226524e-14,-0.548922066980517,1.8741587470302e-07,0.999654583376142,0.999999999237769
"846","Kif22",9.29091494295656e-14,-0.549206185601868,1.86759540166918e-07,0.99965518873489,0.999999999237769
"1641","Zfyve16",9.28202168591039e-14,-0.549361289601367,1.86402179088854e-07,0.999655518787962,0.999999999237769
"795","2210408I21Rik",9.26029563550257e-14,-0.549740792573078,1.85530592338769e-07,0.999656325101066,0.999999999237769
"356","Tmc4",9.25835844202901e-14,-0.549774671323771,1.85452976877277e-07,0.99965639699561,0.999999999237769
"2294","Tubgcp5",9.24978753835635e-14,-0.549924644032382,1.85109770492948e-07,0.999656715085268,0.999999999237769
"292","Cyp46a1",9.24543614282496e-14,-0.550000834153611,1.84935648360592e-07,0.999656876577447,0.999999999237769
"2513","Creb3l2",9.24336754093034e-14,-0.550037065830534,1.84852901494073e-07,0.999656953348917,0.999999999237769
"2687","Nipal3",9.21751923541597e-14,-0.550490442716786,1.83820495625725e-07,0.999657912650174,0.999999999237769
"1873","2700097O09Rik",9.1950866548802e-14,-0.550884875667211,1.82926860315674e-07,0.999658745184542,0.999999999237769
"1182","Cxcl9",9.13287821254284e-14,-0.551983429710248,1.80460086111252e-07,0.999661053909846,0.999999999237769
"1621","Mageh1",9.09862886467251e-14,-0.552591246653835,1.79109131666217e-07,0.999662324996746,0.999999999237769
"906","D11Wsu47e",9.08633806633149e-14,-0.552809892558419,1.78625562683551e-07,0.999662781141862,0.999999999237769
"1081","Nek1",9.08310047373333e-14,-0.552867533541522,1.78498291661038e-07,0.999662901297772,0.999999999237769
"623","Vldlr",9.03814858937581e-14,-0.553669838885389,1.76735902314566e-07,0.999664569585052,0.999999999237769
"2493","Hmgxb4",9.03623176489829e-14,-0.553704133682018,1.76660945418991e-07,0.999664640723647,0.999999999237769
"2634","Casp3",8.95560756015218e-14,-0.555152833656891,1.73522555966882e-07,0.999667632908231,0.999999999237769
"2153","Rrnad1",8.90125527933939e-14,-0.556136384448641,1.71422703592431e-07,0.99966965006992,0.999999999237769
"2972","Mettl21a",8.89387085322886e-14,-0.556270446332245,1.71138399148946e-07,0.999669924126155,0.999999999237769
"2381","Mtmr12",8.88385725155339e-14,-0.556452406925888,1.70753246934481e-07,0.999670295758281,0.999999999237769
"2138","Ppwd1",8.8551913606722e-14,-0.556974370273118,1.69653072383272e-07,0.999671359627839,0.999999999237769
"2910","Farp1",8.81289791971897e-14,-0.557747372419264,1.68036376125246e-07,0.999672929253026,0.999999999237769
"2462","Izumo4",8.79728503330575e-14,-0.558033610534318,1.67441518688183e-07,0.999673508689913,0.999999999237769
"82","Arhgef2",8.79644398948959e-14,-0.558049043292666,1.674095045107e-07,0.999673539903347,0.999999999237769
"2397","Il18bp",8.76985525491624e-14,-0.558537648927369,1.66398987164308e-07,0.999674526683959,0.999999999237769
"1989","Ybey",8.70754160442864e-14,-0.559688216529281,1.64042713281579e-07,0.999676839313843,0.999999999237769
"2899","Tlr12",8.68831329925517e-14,-0.560044809983052,1.63319023216816e-07,0.999677552928803,0.999999999237769
"2316","Lrch1",8.67772232134587e-14,-0.560241538427422,1.6292109697775e-07,0.999677945988941,0.999999999237769
"1487","Gorab",8.65922338103452e-14,-0.560585698875712,1.62227215543187e-07,0.999678632535178,0.999999999237769
"200","Smtn",8.64859762210639e-14,-0.560783695981783,1.61829320818482e-07,0.999679026886135,0.999999999237769
"1376","Lepr",8.64566527702953e-14,-0.560838376564124,1.61719601535522e-07,0.999679135713475,0.999999999237769
"713","Lcor",8.64333215367867e-14,-0.560881895652852,1.61632329855257e-07,0.99967922230206,0.999999999237769
"1238","Nupl1",8.63988568880394e-14,-0.560946201749083,1.61503456157994e-07,0.999679350209791,0.999999999237769
"685","H2-T10",8.60349214271634e-14,-0.561626725522736,1.60145728871701e-07,0.99968070087376,0.999999999237769
"1312","2700049A03Rik",8.56576264664602e-14,-0.56233508672835,1.58744212169361e-07,0.999682101118485,0.999999999237769
"2954","Nr6a1",8.55308369564858e-14,-0.562573787721255,1.58274616974133e-07,0.999682571669012,0.999999999237769
"1779","Qtrtd1",8.53804603058419e-14,-0.562857325797213,1.57718562927437e-07,0.999683129757866,0.999999999237769
"2514","E130311K13Rik",8.52808233107893e-14,-0.563045451376695,1.57350669984934e-07,0.999683499537988,0.999999999237769
"2858","Hdac10",8.50921852966777e-14,-0.563402185956948,1.56655332190068e-07,0.99968419962522,0.999999999237769
"956","Camk2n2",8.49129285895455e-14,-0.563741867489625,1.559960015972e-07,0.999684864895857,0.999999999237769
"252","Numb",8.47040558411296e-14,-0.564138519261472,1.55229493147538e-07,0.999685640079719,0.999999999237769
"195","Pms2",8.46942584109426e-14,-0.564157147212126,1.55193585488779e-07,0.999685676440661,0.999999999237769
"1717","Zfp563",8.4625044356644e-14,-0.564288802179656,1.54940033752808e-07,0.999685933312935,0.999999999237769
"2859","Csnk2a2",8.45796244919026e-14,-0.564375252112435,1.54773759882263e-07,0.999686101878468,0.999999999237769
"237","2210009G21Rik",8.40828564397357e-14,-0.565323629008945,1.52961009648345e-07,0.999687945520496,0.999999999237769
"2181","Cpeb4",8.36103828302516e-14,-0.566230514303016,1.51246819728112e-07,0.999689698999208,0.999999999237769
"2591","Alg13",8.31311789230449e-14,-0.567155241195006,1.49518078287128e-07,0.999691477455897,0.999999999237769
"2962","Eya3",8.29729737976758e-14,-0.567461629977736,1.48949530639396e-07,0.999692064598362,0.999999999237769
"1470","Xpo5",8.27749928638033e-14,-0.567845823617076,1.48239564877461e-07,0.999692799359726,0.999999999237769
"1566","Gpr39",8.26356224178972e-14,-0.568116797425327,1.47740795370658e-07,0.999693316601547,0.999999999237769
"1208","Sp5",8.23277698455046e-14,-0.568716868375711,1.46642052188596e-07,0.999694459126596,0.999999999237769
"459","Fam71e1",8.21090652682233e-14,-0.569144450717197,1.45863974773393e-07,0.999695270799066,0.999999999237769
"178","Gdpd1",8.20370849447721e-14,-0.569285410815534,1.45608345654589e-07,0.999695537937722,0.999999999237769
"1722","Tnks",8.19311781239143e-14,-0.569493020706894,1.45232638422321e-07,0.999695930986885,0.999999999237769
"1875","Eri2",8.13935623734032e-14,-0.570550810306694,1.43332917577217e-07,0.999697926225896,0.999999999237769
"858","Arhgap39",8.121806955229e-14,-0.570897521465753,1.42715503124609e-07,0.999698577527728,0.999999999237769
"2777","Slc10a7",8.04812272588725e-14,-0.572360969880609,1.40137707367835e-07,0.999701312150905,0.999999999237769
"2588","Klhl20",8.04253005457899e-14,-0.572472558897413,1.39943010579904e-07,0.999701519710225,0.999999999237769
"1961","Ralgapa1",8.02811891379884e-14,-0.572760436134221,1.39441941500919e-07,0.999702054547055,0.999999999237769
"762","Maged2",8.0141484716168e-14,-0.57303997302632,1.38957053172411e-07,0.999702573028355,0.999999999237769
"2320","Zfp868",8.00592311822638e-14,-0.573204769328024,1.38671961293688e-07,0.999702878293705,0.999999999237769
"1413","Gtf3c5",8.00507200141026e-14,-0.573221830658076,1.38642478181569e-07,0.999702909880976,0.999999999237769
"1469","2610301B20Rik",8.00038822136214e-14,-0.573315751300811,1.38480285786782e-07,0.999703083708858,0.999999999237769
"528","Ppp1r9b",7.97542230823158e-14,-0.573817247467269,1.37617354562342e-07,0.999704010262143,0.999999999237769
"1399","Zfp708",7.96187659619678e-14,-0.574089959880164,1.37150284120392e-07,0.999704512980547,0.999999999237769
"1852","9830147E19Rik",7.95446679010912e-14,-0.574239323832736,1.36895122136237e-07,0.999704787978707,0.999999999237769
"2713","Zfp568",7.90985289528774e-14,-0.575141401041947,1.35363832231044e-07,0.999706443722306,0.999999999237769
"257","Golm1",7.90201695523082e-14,-0.575300333511359,1.3509576720034e-07,0.999706734535463,0.999999999237769
"2648","Myo1d",7.87243821338005e-14,-0.57590159953446,1.34086282147605e-07,0.999707832283434,0.999999999237769
"2455","Agap1",7.86759790752888e-14,-0.576000193217291,1.33921449073913e-07,0.999708011920417,0.999999999237769
"1187","1700086O06Rik",7.79513208347206e-14,-0.577483113761938,1.31465798754704e-07,0.999710701325254,0.999999999237769
"2081","Phf13",7.78273030862219e-14,-0.577738195233056,1.31047816799316e-07,0.999711161589023,0.999999999237769
"2239","Gcnt4",7.75361222275433e-14,-0.578338601770701,1.30069054037838e-07,0.999712242240794,0.999999999237769
"2471","Mon1b",7.74393556817926e-14,-0.578538599854097,1.29744599352301e-07,0.999712601367899,0.999999999237769
"2088","Orc2",7.74377470004308e-14,-0.578541926673518,1.29739208926489e-07,0.999712607338156,0.999999999237769
"1838","Bbs5",7.72881454659475e-14,-0.578851592485365,1.29238408290019e-07,0.999713162550349,0.999999999237769
"2275","Lrrk1",7.72160384978907e-14,-0.579001050240647,1.28997371515582e-07,0.99971343015902,0.999999999237769
"1602","Cep290",7.68266378408747e-14,-0.57981043919118,1.27699584086815e-07,0.999714875331316,0.999999999237769
"1410","Kif13b",7.6819287591232e-14,-0.579825754026753,1.27675150402142e-07,0.999714902610102,0.999999999237769
"1134","Eno1",7.67086909115579e-14,-0.580056357170079,1.27307787372518e-07,0.999715313064616,0.999999999237769
"2279","Ttll5",7.59747722530527e-14,-0.581594585808473,1.24883379092409e-07,0.999718036837405,0.999999999237769
"700","Zfp661",7.55387429595456e-14,-0.582515077731757,1.23454047908048e-07,0.999719655061321,0.999999999237769
"2225","Piga",7.50845326481594e-14,-0.583479266043958,1.21973866636666e-07,0.999721340759967,0.999999999237769
"753","Tnfaip8",7.46850885094089e-14,-0.584331729619345,1.20679534865285e-07,0.999722823206374,0.999999999237769
"532","1110054O05Rik",7.45767443294857e-14,-0.584563686852861,1.20329654006024e-07,0.999723225301247,0.999999999237769
"1659","Nfkbiz",7.38582811993711e-14,-0.586109911153176,1.18022339985368e-07,0.999725891714354,0.999999999237769
"2136","Slc12a6",7.37879180131893e-14,-0.586262099343742,1.17797572443453e-07,0.999726152851376,0.999999999237769
"1673","Gpc1",7.36087627293507e-14,-0.586650208797488,1.17226247543035e-07,0.999726817745616,0.999999999237769
"991","Zscan2",7.34689230245128e-14,-0.586953763904762,1.16781264856313e-07,0.999727336728994,0.999999999237769
"2297","Dna2",7.33406786955663e-14,-0.58723262527063,1.16373923544709e-07,0.999727812678762,0.999999999237769
"2233","Pdzk1ip1",7.32943521232338e-14,-0.587333472719981,1.16226951840302e-07,0.999727984609338,0.999999999237769
"1086","Prim2",7.31710338185298e-14,-0.587602213708154,1.15836175398969e-07,0.999728442277283,0.999999999237769
"1046","Leng9",7.29558721236046e-14,-0.588072122925297,1.15155937267573e-07,0.999729240801161,0.999999999237769
"480","Fancg",7.25353846391496e-14,-0.588994224335372,1.1383234019863e-07,0.999730801345182,0.999999999237769
"280","Snhg10",7.23974930342968e-14,-0.589297703441541,1.13399955248661e-07,0.99973131309863,0.999999999237769
"932","Mlxip",7.18411960168509e-14,-0.590527562317157,1.11663936841935e-07,0.999733377668962,0.999999999237769
"341","Adrbk2",7.17587967326014e-14,-0.590710489315075,1.11407934649414e-07,0.999733683475236,0.999999999237769
"626","Cxcl11",7.11796492377929e-14,-0.592001787591636,1.09616899678405e-07,0.999735832849939,0.999999999237769
"2969","0610007P08Rik",7.10911567545005e-14,-0.592199962533078,1.09344511658911e-07,0.999736161269741,0.999999999237769
"129","Mex3d",7.10858341515062e-14,-0.59221188963893,1.09328138999789e-07,0.999736181023376,0.999999999237769
"328","Sgsm1",7.09287815998567e-14,-0.592564196931264,1.08845587280329e-07,0.999736763888337,0.999999999237769
"343","Coro1a",7.08162569030402e-14,-0.592817067551596,1.08500505885124e-07,0.999737181498254,0.999999999237769
"1676","Igsf8",7.06830642442835e-14,-0.593116871666912,1.08092749780063e-07,0.999737675812628,0.999999999237769
"1694","Cyp2c39",7.02836817129523e-14,-0.594019031215586,1.06874681685824e-07,0.999739158030404,0.999999999237769
"1248","Mkl1",7.0199035069405e-14,-0.594210855721782,1.06617406164487e-07,0.999739472177243,0.999999999237769
"751","2210039B01Rik",6.98320305516578e-14,-0.595045071352463,1.05505516657696e-07,0.999740834231358,0.999999999237769
"1201","Malt1",6.93732639343744e-14,-0.596093668015874,1.04123817829153e-07,0.999742536839715,0.999999999237769
"2210","Slc9a1",6.90130807626946e-14,-0.596921501566667,1.03045411361733e-07,0.999743873577951,0.999999999237769
"56","Mcm3",6.85186573538627e-14,-0.598064492485375,1.01574224683237e-07,0.999745708518415,0.999999999237769
"275","Tdrkh",6.84646975055604e-14,-0.598189702839192,1.01414304107014e-07,0.999745908778166,0.999999999237769
"1327","Atr",6.82752660590423e-14,-0.598630000355795,1.00853884446094e-07,0.999746611810062,0.999999999237769
"1525","Ogg1",6.75973601304745e-14,-0.600215107404601,9.88610683183858e-08,0.99974912770433,0.999999999237769
"137","9130019O22Rik",6.74343072134421e-14,-0.600598588230241,9.8384714083396e-08,0.99974973283829,0.999999999237769
"949","Arhgef40",6.61711566438956e-14,-0.60359918052191,9.47334338253226e-08,0.999754420735458,0.999999999237769
"1974","Zfp407",6.60485741669531e-14,-0.603893226706673,9.43827703853972e-08,0.99975487567255,0.999999999237769
"313","Tbc1d4",6.5880971433296e-14,-0.604296095228976,9.39043727856218e-08,0.999755497692126,0.999999999237769
"1563","Zfp867",6.57546022605616e-14,-0.604600486335717,9.35444741166212e-08,0.999755966682682,0.999999999237769
"2813","Elac2",6.56578247570374e-14,-0.604833969885252,9.32693195793703e-08,0.999756325850461,0.999999999237769
"1476","Rab23",6.56153739812454e-14,-0.604936487677043,9.314875283697e-08,0.999756483396898,0.999999999237769
"2994","Poglut1",6.54331160057327e-14,-0.605377345207814,9.26319981901715e-08,0.999757159806084,0.999999999237769
"590","Fam113b",6.53583873094414e-14,-0.605558436888085,9.24205359810964e-08,0.999757437144711,0.999999999237769
"2469","Lrrc45",6.50222810674772e-14,-0.606375339027497,9.14724327892989e-08,0.999758684526885,0.999999999237769
"1653","Eif2c4",6.47642052728864e-14,-0.607005281641429,9.07477589629108e-08,0.999759642316731,0.999999999237769
"925","Flna",6.45744362333812e-14,-0.607469996813095,9.02167284428575e-08,0.999760346601531,0.999999999237769
"208","Emp3",6.4536678567018e-14,-0.607562612290943,9.01112570689771e-08,0.999760486730556,0.999999999237769
"1278","Cd63",6.42290621342929e-14,-0.608319061550613,8.9254267196765e-08,0.999761628379258,0.999999999237769
"2878","Wdr4",6.42159644459392e-14,-0.608351345004763,8.92178691756044e-08,0.999761676988361,0.999999999237769
"591","4933421O10Rik",6.37930631078081e-14,-0.609397054098594,8.80466302830208e-08,0.999763246490874,0.999999999237769
"1990","Nup43",6.33849551712426e-14,-0.610412366719211,8.69236996698595e-08,0.999764761091029,0.999999999237769
"973","Pld1",6.24787148630137e-14,-0.612689063766757,8.44559017505069e-08,0.999768124396639,0.999999999237769
"2340","Frk",6.24071524093034e-14,-0.612870163245968,8.42625427712191e-08,0.999768389984475,0.999999999237769
"807","Zmynd19",6.17859903020127e-14,-0.614450340973741,8.259349641389e-08,0.999770695286925,0.999999999237769
"2106","Zfp703",6.17267570806873e-14,-0.614601801979888,8.24352102472286e-08,0.999770915117608,0.999999999237769
"729","Hist1h4c",6.12897103392756e-14,-0.615723575065144,8.12720033581611e-08,0.999772537117586,0.999999999237769
"981","Gm10336",6.08117181980264e-14,-0.616959065851668,8.00092825738674e-08,0.999774311077142,0.999999999237769
"338","Nedd9",6.07983800350282e-14,-0.616993672153308,7.99741886857445e-08,0.999774360578712,0.999999999237769
"1919","Nup93",6.06413062594947e-14,-0.617401741785518,7.95614927925936e-08,0.999774943522449,0.999999999237769
"568","Mettl4",6.0620061147681e-14,-0.617457011595022,7.95057553151023e-08,0.999775022368869,0.999999999237769
"1771","Ccdc111",6.03186960131713e-14,-0.618242985129808,7.87172142133097e-08,0.9997761408173,0.999999999237769
"336","Atl1",6.00763678078531e-14,-0.618877663903398,7.80859975214755e-08,0.999777040163542,0.999999999237769
"854","Fhad1",5.98003412994198e-14,-0.61960353338511,7.73700990559782e-08,0.999778064573403,0.999999999237769
"1568","4930412C18Rik",5.93092500491814e-14,-0.620902764834107,7.61045623135159e-08,0.999779887147338,0.999999999237769
"2643","Pacs2",5.92907514082956e-14,-0.620951901806594,7.60570954710054e-08,0.999779955800853,0.999999999237769
"2051","Pdzrn3",5.88552888923684e-14,-0.622112771016344,7.49439913882447e-08,0.999781571921342,0.999999999237769
"2145","Ghdc",5.84663818774553e-14,-0.623156361608214,7.39568261735044e-08,0.999783015261636,0.999999999237769
"2760","Msh2",5.81237586052424e-14,-0.624081163596244,7.30925659777473e-08,0.999784286830303,0.999999999237769
"2532","Mettl3",5.80191045361271e-14,-0.624364663348295,7.28295909711695e-08,0.999784675230175,0.999999999237769
"1843","Tbc1d30",5.7877971668046e-14,-0.624747741839205,7.24757024509514e-08,0.999785199012847,0.999999999237769
"361","Ddx11",5.78664388614405e-14,-0.624779084173689,7.24468222065332e-08,0.999785241814247,0.999999999237769
"1486","Nphp3",5.78131630330248e-14,-0.624923946253394,7.23134845480011e-08,0.999785439535416,0.999999999237769
"564","1810032O08Rik",5.76636890815144e-14,-0.625331049700242,7.19400398655124e-08,0.99978599427413,0.999999999237769
"1740","Urb2",5.7610144994869e-14,-0.625477121828517,7.18065008775266e-08,0.99978619299088,0.999999999237769
"2274","Fbf1",5.74231263962758e-14,-0.625988323094401,7.13410497393598e-08,0.999786887068047,0.999999999237769
"1707","Rsph3b",5.73259192625963e-14,-0.626254648572902,7.10997187755941e-08,0.999787247830306,0.999999999237769
"493","1700030K09Rik",5.7320905580001e-14,-0.626268396409146,7.1087282661572e-08,0.999787266437453,0.999999999237769
"1639","Raver1-fdx1l",5.72087802413093e-14,-0.626576146235631,7.08094472072529e-08,0.999787682565251,0.999999999237769
"1923","Zfp799",5.69793495549498e-14,-0.627207630548289,7.02426361785214e-08,0.999788534045276,0.999999999237769
"426","Adrb2",5.68507056194459e-14,-0.627562754019105,6.99258165418572e-08,0.999789011478104,0.999999999237769
"1681","Atp6v0a2",5.64273543296377e-14,-0.628736766564522,6.8888258221756e-08,0.999790582650526,0.999999999237769
"982","Calr3",5.64148455561253e-14,-0.62877158065823,6.88577194123914e-08,0.999790629074005,0.999999999237769
"661","Cchcr1",5.62108104824175e-14,-0.629340470346671,6.83605458912977e-08,0.999791386303967,0.999999999237769
"1314","A630007B06Rik",5.60849996980506e-14,-0.629692221527041,6.80548798092348e-08,0.999791853222197,0.999999999237769
"2004","Gatad2b",5.53962615614658e-14,-0.631631062282967,6.63936801537686e-08,0.999794409317792,0.999999999237769
"265","Cdk5rap2",5.5245402245398e-14,-0.63205875788186,6.60325558978253e-08,0.999794969197975,0.999999999237769
"1093","Csf2rb",5.51530217583783e-14,-0.632321203451423,6.58119033488893e-08,0.999795312047228,0.999999999237769
"1746","Tada2a",5.51067729214235e-14,-0.632452747611516,6.57015758373285e-08,0.999795483689311,0.999999999237769
"1593","Bag2",5.50893366458488e-14,-0.632502367959519,6.56600052831593e-08,0.999795548400099,0.999999999237769
"2952","Rab33b",5.49082545860692e-14,-0.633018565995606,6.52290577209015e-08,0.999796220445149,0.999999999237769
"1074","Tle6",5.485605956554e-14,-0.633167651168434,6.51051049988686e-08,0.999796414155146,0.999999999237769
"2167","Kremen1",5.48076380075508e-14,-0.633306077178146,6.49902189028917e-08,0.999796593860791,0.999999999237769
"2993","Hsf1",5.47307870139632e-14,-0.633526012028769,6.48080887691311e-08,0.999796879075848,0.999999999237769
"1565","Ift88",5.46407724706436e-14,-0.633783987414084,6.45950871451444e-08,0.999797213144437,0.999999999237769
"2050","Pot1a",5.40585310500705e-14,-0.635462342442529,6.32257963558603e-08,0.999799374001596,0.999999999237769
"1365","Cep76",5.40224090652161e-14,-0.635567024551143,6.31413294574414e-08,0.999799508060162,0.999999999237769
"2227","Otud3",5.39169446029824e-14,-0.635873038397559,6.28950366193123e-08,0.999799899467626,0.999999999237769
"2238","Tmtc4",5.37008404072751e-14,-0.636501840355476,6.23918685473146e-08,0.999800701489403,0.999999999237769
"2927","Exoc1",5.35459276839231e-14,-0.636954054635161,6.20324196713008e-08,0.99980127641289,0.999999999237769
"1941","Lin54",5.34579407258875e-14,-0.637211448932644,6.18287231513704e-08,0.999801602956556,0.999999999237769
"2546","Zfp161",5.28969892593794e-14,-0.638861841923096,6.05379535129326e-08,0.999803684800875,0.999999999237769
"2242","5031425E22Rik",5.28063602908526e-14,-0.639130023411673,6.03306905920041e-08,0.999804021149766,0.999999999237769
"2287","Uchl4",5.27276657434979e-14,-0.639363239985477,6.01510092528538e-08,0.999804313206755,0.999999999237769
"1703","Apex2",5.18880080509867e-14,-0.641872153093409,5.8250522462826e-08,0.999807429406112,0.999999999237769
"1732","Slc44a3",5.18564915991057e-14,-0.641967064517862,5.8179781946266e-08,0.999807546372285,0.999999999237769
"2291","Nup37",5.14763371099564e-14,-0.643116177312835,5.73298889132069e-08,0.999808957229573,0.999999999237769
"1449","Usp20",5.12526940330895e-14,-0.643795919162247,5.68328224318065e-08,0.999809787230202,0.999999999237769
"2944","Ttf1",5.12401270490418e-14,-0.643834197819161,5.68049554240496e-08,0.999809833869717,0.999999999237769
"2650","Pafah1b3",5.11100908776136e-14,-0.644230801883257,5.65170043030109e-08,0.999810316469517,0.999999999237769
"816","Zfp438",5.08265983987187e-14,-0.645098731402449,5.58917770597804e-08,0.999811368587648,0.999999999237769
"622","Sybu",5.05479221200228e-14,-0.645956352691769,5.52805611599291e-08,0.999812402831542,0.999999999237769
"2090","Ttc37",5.02835248647431e-14,-0.646774140134889,5.4703769768994e-08,0.999813384082075,0.999999999237769
"2236","Tmem125",5.02567801235408e-14,-0.646857086787336,5.46455936928458e-08,0.999813483339125,0.999999999237769
"2311","Erich1",5.02367897490673e-14,-0.646919112359862,5.46021301592778e-08,0.999813557528872,0.999999999237769
"379","Cela2a",5.02316564111823e-14,-0.646935043672035,5.45909719278592e-08,0.999813576580094,0.999999999237769
"1044","Slc29a3",5.00269216472707e-14,-0.647571686161717,5.41468737815275e-08,0.999814336406802,0.999999999237769
"1584","Zfp692",4.9884389268594e-14,-0.648016348803163,5.38387721359672e-08,0.999814865383446,0.999999999237769
"2423","Elac1",4.98126243395506e-14,-0.648240687299844,5.36839759568263e-08,0.999815131722727,0.999999999237769
"140","Zfp341",4.96257791136224e-14,-0.648826194105768,5.32819982428219e-08,0.999815825156468,0.999999999237769
"1830","Atad2",4.93598357135584e-14,-0.649663142520865,5.27124544416827e-08,0.999816812145168,0.999999999237769
"1013","Ankrd32",4.91202469528285e-14,-0.650420779945018,5.22019721594848e-08,0.999817701324593,0.999999999237769
"259","Taf1c",4.90138348974065e-14,-0.6507583927127,5.19760407961002e-08,0.999818096248838,0.999999999237769
"1834","Klhdc7a",4.87568861215692e-14,-0.65157645504869,5.14325137013697e-08,0.999819049856028,0.999999999237769
"1354","Herc3",4.85243014859171e-14,-0.652320442091967,5.09429877573395e-08,0.99981991304123,0.999999999237769
"499","Hebp2",4.85183216975398e-14,-0.652339614186886,5.09304328309765e-08,0.99981993523386,0.999999999237769
"2068","Rrp12",4.8433715284059e-14,-0.652611112764446,5.07529623807274e-08,0.999820249231403,0.999999999237769
"608","Klhl8",4.80377160852651e-14,-0.653887801332496,4.99264319322832e-08,0.999821718892748,0.999999999237769
"2548","Ctdspl2",4.78120904967273e-14,-0.654619632278407,4.94585401468843e-08,0.999822556251023,0.999999999237769
"335","Patz1",4.76794666249789e-14,-0.6550513192892,4.9184538921505e-08,0.999823048454489,0.999999999237769
"789","Slc10a3",4.69197282831349e-14,-0.657546166940663,4.76295857571682e-08,0.999825868051291,0.999999999237769
"8","Hk2",4.65236741015074e-14,-0.658861803479766,4.68288871485395e-08,0.999827337916695,0.999999999237769
"1132","1110051M20Rik",4.62100185671105e-14,-0.659911198542558,4.61995891704721e-08,0.99982850197818,0.999999999237769
"2868","Tmem218",4.59744711266363e-14,-0.660703669584458,4.57298010042098e-08,0.999829376159163,0.999999999237769
"2416","Ptp4a3",4.57908039472877e-14,-0.661324242576356,4.53651513930753e-08,0.999830057798306,0.999999999237769
"2171","D630037F22Rik",4.56610624488569e-14,-0.661764020624398,4.51084446301844e-08,0.999830539304497,0.999999999237769
"2565","Fmnl2",4.54944102694919e-14,-0.662330635718054,4.47797750026712e-08,0.99983115779632,0.999999999237769
"2867","Polr1b",4.54686981677746e-14,-0.662418229808142,4.47291728843326e-08,0.999831253220963,0.999999999237769
"1672","Gm11974",4.53198400921662e-14,-0.662926263440718,4.4436778349021e-08,0.999831805674001,0.999999999237769
"2914","Slc38a9",4.53036503012734e-14,-0.662981611468295,4.44050353575671e-08,0.999831865758744,0.999999999237769
"687","Acss3",4.50881937592637e-14,-0.663719964210526,4.3983673946912e-08,0.999832665376908,0.999999999237769
"919","Hic2",4.48928335967504e-14,-0.664392314520011,4.36033507781331e-08,0.99983339041191,0.999999999237769
"57","Igf2bp2",4.45469889066362e-14,-0.665589329196863,4.29341169761119e-08,0.99983467393616,0.999999999237769
"1349","Zbtb2",4.4414107625789e-14,-0.66605156825777,4.26783586619579e-08,0.999835167094942,0.999999999237769
"247","Mef2d",4.4067046054581e-14,-0.667264998014846,4.20139685920381e-08,0.99983645513537,0.999999999237769
"802","Adrb3",4.39904783858873e-14,-0.667533907771755,4.18680946485577e-08,0.999836739298934,0.999999999237769
"2419","Slc2a1",4.39416677812121e-14,-0.66770556245622,4.17752348604064e-08,0.99983692044844,0.999999999237769
"2984","Traf7",4.37119980414589e-14,-0.668515661662059,4.13396831840524e-08,0.99983777281567,0.999999999237769
"2810","Vps39",4.35952479003858e-14,-0.668928998616341,4.11191502119535e-08,0.99983820610738,0.999999999237769
"2055","Gm12504",4.354730458702e-14,-0.669099035756088,4.1028759428812e-08,0.999838384038131,0.999999999237769
"38","Tnfrsf21",4.31726935694213e-14,-0.67043372054274,4.03259045987114e-08,0.999839774322092,0.999999999237769
"667","Pisd-ps1",4.31293727402201e-14,-0.670588766468513,4.02450166573655e-08,0.99983993509754,0.999999999237769
"1123","Rap2b",4.30796073591408e-14,-0.670767057928618,4.01521957800793e-08,0.999840119790482,0.999999999237769
"2104","Dnajc17",4.30196668197392e-14,-0.670982059963245,4.0040538777587e-08,0.999840342246221,0.999999999237769
"1817","5730409E04Rik",4.29978790312614e-14,-0.67106028069306,3.99999910961714e-08,0.999840423106664,0.999999999237769
"2977","Trub2",4.2884578753073e-14,-0.671467642333232,3.97894672632902e-08,0.99984084359499,0.999999999237769
"1495","Fancm",4.27242805030776e-14,-0.672045708989718,3.94925651295292e-08,0.999841438505645,0.999999999237769
"697","Zfp689",4.18924682894428e-14,-0.675078446890099,3.79697490461892e-08,0.999844525588315,0.999999999237769
"467","Nhlrc1",4.17802592177725e-14,-0.675491870327848,3.77666173368901e-08,0.999844942026876,0.999999999237769
"2253","2410002F23Rik",4.17171018083471e-14,-0.675725025953183,3.76525233161704e-08,0.999845176421299,0.999999999237769
"2889","Pla2g15",4.16108698222552e-14,-0.676117946042488,3.74610042837423e-08,0.99984557067726,0.999999999237769
"1344","Pggt1b",4.14472579425018e-14,-0.676724941319573,3.7166993811779e-08,0.999846177885703,0.999999999237769
"2807","Pcgf1",4.1228904147322e-14,-0.67753853809974,3.67764166183732e-08,0.999846988256369,0.999999999237769
"813","Mapkbp1",4.10723391056527e-14,-0.678124398629513,3.64976331471903e-08,0.999847569312068,0.999999999237769
"2473","Pcnt",4.09551765866131e-14,-0.678564188253151,3.62897046154923e-08,0.999848004134227,0.999999999237769
"310","Reck",4.09455954753041e-14,-0.678600204775896,3.62727272730387e-08,0.999848039692352,0.999999999237769
"2482","Lrwd1",4.09085538390937e-14,-0.678739523032593,3.62071283530726e-08,0.999848177163997,0.999999999237769
"1151","Zfp74",4.06440093311218e-14,-0.679737962109249,3.57403591513618e-08,0.999849158961034,0.999999999237769
"182","Pf4",4.0544267607773e-14,-0.680115988505498,3.5565158377638e-08,0.999849529129855,0.999999999237769
"139","Nfe2",4.03345647531973e-14,-0.680913626460575,3.51982099402233e-08,0.999850307394515,0.999999999237769
"1434","Mtap1s",4.02735089987486e-14,-0.681146592817815,3.50917292217599e-08,0.999850533989122,0.999999999237769
"2226","Dhx37",3.99821293553402e-14,-0.682262973619507,3.45857873902944e-08,0.999851615378689,0.999999999237769
"409","4921531C22Rik",3.96423767330681e-14,-0.683574365933464,3.400049160554e-08,0.999852876293613,0.999999999237769
"472","Zfp667",3.93809368022194e-14,-0.684590680191028,3.3553506570044e-08,0.999853846568717,0.999999999237769
"922","Bambi",3.88888903634005e-14,-0.686520730282201,3.27202738892994e-08,0.999855672687657,0.999999999237769
"67","Tln2",3.88404485169357e-14,-0.686711979936656,3.26388088089304e-08,0.999855852468602,0.999999999237769
"483","Kctd7",3.85682122186402e-14,-0.68779095540347,3.21828754047856e-08,0.999856862811979,0.999999999237769
"937","Eml5",3.84510586090482e-14,-0.688257479538285,3.19876569349633e-08,0.999857297601073,0.999999999237769
"374","Bmp2k",3.82380099627079e-14,-0.68910929999922,3.16341661719817e-08,0.999858088282883,0.999999999237769
"2894","Ythdc2",3.82363067815269e-14,-0.689116127651542,3.16313481635847e-08,0.999858094603854,0.999999999237769
"1031","Hcfc2",3.81015873056007e-14,-0.689657092004589,3.14088448990355e-08,0.999858594584684,0.999999999237769
"1036","Arrdc1",3.80067098088003e-14,-0.690039149090157,3.12526161157533e-08,0.99985894670103,0.999999999237769
"1562","Mdm4",3.79295187005422e-14,-0.69035064634516,3.11257977573162e-08,0.99985923317835,0.999999999237769
"755","Elk4",3.7879955901438e-14,-0.690550965833305,3.10445062568216e-08,0.999859417119456,0.999999999237769
"600","Slc6a8",3.74074923583802e-14,-0.692472975069364,3.02749210557306e-08,0.999861170560916,0.999999999237769
"2541","AA960436",3.69489278422108e-14,-0.694360341173647,2.95372126254e-08,0.999862872419285,0.999999999237769
"2414","D3Ertd751e",3.68434955201991e-14,-0.694797386238722,2.93688865600238e-08,0.999863263707475,0.999999999237769
"2771","Rwdd2b",3.67675291379498e-14,-0.695113014829591,2.92479019482676e-08,0.999863545639502,0.999999999237769
"1259","Slc22a15",3.66577443303901e-14,-0.695570236158084,2.90734990711372e-08,0.999863953080957,0.999999999237769
"2353","Slc25a26",3.65387274879717e-14,-0.696067359343003,2.88850194502763e-08,0.999864394785018,0.999999999237769
"2347","Zfp143",3.6309084086628e-14,-0.697030867661846,2.85230796786971e-08,0.999865247054505,0.999999999237769
"1999","2810046L04Rik",3.62388626024399e-14,-0.697326635212999,2.84128595389919e-08,0.999865507665643,0.999999999237769
"2202","Rbm45",3.6132534153521e-14,-0.697775507361139,2.82463717979554e-08,0.999865902279606,0.999999999237769
"1551","Eftud1",3.60312687639799e-14,-0.69820415882454,2.80882665531362e-08,0.99986627810317,0.999999999237769
"2039","Cdkn2d",3.5996514303214e-14,-0.698351533245473,2.8034106830688e-08,0.999866407086482,0.999999999237769
"380","Incenp",3.5927191072998e-14,-0.698645893696488,2.79262328582047e-08,0.999866664363954,0.999999999237769
"2203","Efna5",3.57725901552416e-14,-0.699304283964437,2.76864071554148e-08,0.999867238130255,0.999999999237769
"905","B3galtl",3.57006059684896e-14,-0.699611750089393,2.75750940924281e-08,0.999867505283265,0.999999999237769
"1371","Fam131c",3.56984251594414e-14,-0.699621074053237,2.75717252880992e-08,0.999867513376844,0.999999999237769
"2110","2210013O21Rik",3.56569503773764e-14,-0.699798499633682,2.75076963002988e-08,0.999867667301106,0.999999999237769
"1509","Hist2h2be",3.55951326639929e-14,-0.700063310132176,2.74123999365223e-08,0.999867896723552,0.999999999237769
"538","Gpx3",3.54937133887212e-14,-0.700498698893577,2.72564131558453e-08,0.999868273118229,0.999999999237769
"808","Ttc21b",3.53826166430373e-14,-0.700976973862075,2.70860528595187e-08,0.999868685428645,0.999999999237769
"819","Mup13",3.53788483852322e-14,-0.70099322101573,2.70802838234956e-08,0.999868699413681,0.999999999237769
"2512","Itgb3bp",3.53492506487568e-14,-0.701120890563542,2.70349923643643e-08,0.999868809258978,0.999999999237769
"375","Kiss1",3.4624823859412e-14,-0.7042773727076,2.59382679970247e-08,0.999871497804979,0.999999999237769
"2567","Hilpda",3.4482281681421e-14,-0.704905745120069,2.57251442115436e-08,0.999872026817998,0.999999999237769
"1687","Clec11a",3.44753470974324e-14,-0.70493637713717,2.57147983048046e-08,0.999872052554137,0.999999999237769
"2031","Dck",3.42092580165683e-14,-0.706116154872127,2.53193840819121e-08,0.999873040083512,0.999999999237769
"2085","Wrb",3.38571203697467e-14,-0.707690754723032,2.48008098545377e-08,0.999874346962657,0.999999999237769
"1263","Ofd1",3.3503606904454e-14,-0.709287033730338,2.42856066499079e-08,0.999875658947841,0.999999999237769
"2971","Fbxo25",3.31668393198149e-14,-0.710822458822969,2.37998380131419e-08,0.99987690878448,0.999999999237769
"1153","Gemin4",3.29779839119009e-14,-0.711689919218629,2.35295722003505e-08,0.999877609678566,0.999999999237769
"2094","Pigv",3.22659849347328e-14,-0.715002756275951,2.25245270576607e-08,0.999880252101561,0.999999999237769
"288","Dll1",3.1984140865907e-14,-0.716333116120392,2.21327412409155e-08,0.999881298102009,0.999999999237769
"349","Amd1",3.1758954377071e-14,-0.717403966897746,2.18221842535539e-08,0.999882133830676,0.999999999237769
"1540","Pdgfa",3.16652541821444e-14,-0.717851647916609,2.16936078190069e-08,0.999882481577735,0.999999999237769
"131","AA465934",3.16154852848082e-14,-0.718089939373335,2.16254688760885e-08,0.999882666283729,0.999999999237769
"3","H2-DMb1",3.13932103791631e-14,-0.719158495597569,2.13224590225037e-08,0.999883491206715,0.999999999237769
"191","Cd274",3.08610139562303e-14,-0.721746075970881,2.06056448141673e-08,0.999885466333242,0.999999999237769
"898","Zfp846",3.08447393810079e-14,-0.72182586195489,2.05839177449279e-08,0.999885526732644,0.999999999237769
"1616","Npat",3.07497661585606e-14,-0.722292256507795,2.04573540997042e-08,0.999885879204255,0.999999999237769
"1475","Rom1",3.05958862183852e-14,-0.723050805938769,2.02531184150061e-08,0.999886450294813,0.999999999237769
"157","Mtus2",3.05908941402284e-14,-0.723075474210388,2.02465098859327e-08,0.999886468821781,0.999999999237769
"431","Cep78",3.05011461751015e-14,-0.723519607620931,2.01278852021398e-08,0.999886801901033,0.999999999237769
"921","1810021B22Rik",3.04638437841218e-14,-0.723704565689102,2.00786831741223e-08,0.999886940340412,0.999999999237769
"782","Pak1",3.01716765957009e-14,-0.725160622762374,1.96953959195443e-08,0.999888024652782,0.999999999237769
"2429","Shf",2.99407304833866e-14,-0.726320964600323,1.93950369524374e-08,0.999888881756989,0.999999999237769
"1065","Itpripl1",2.9867686485153e-14,-0.726689707146125,1.93005193552843e-08,0.99988915284325,0.999999999237769
"142","Bmp4",2.9813449656906e-14,-0.726964054460383,1.92304872481057e-08,0.999889354130959,0.999999999237769
"421","Rbmx2",2.97769548456447e-14,-0.727148920540567,1.91834357687209e-08,0.999889489573188,0.999999999237769
"2519","Tuft1",2.9691035695135e-14,-0.727584988276051,1.90728907784706e-08,0.999889808442662,0.999999999237769
"894","Elk1",2.92665822400894e-14,-0.729756747196009,1.85314688654081e-08,0.99989138370556,0.999999999237769
"1268","1700009P17Rik",2.88926717104165e-14,-0.731694513862936,1.8060976749898e-08,0.999892771389834,0.999999999237769
"2864","Ezh1",2.87260528704256e-14,-0.732565591906557,1.78532685820776e-08,0.999893389757935,0.999999999237769
"896","Elmo2",2.83892195827778e-14,-0.734341114838161,1.7437038864217e-08,0.999894639838421,0.999999999237769
"820","Meis1",2.78708155893512e-14,-0.737112722940835,1.68060318813166e-08,0.999896563777473,0.999999999237769
"1032","Adamts7",2.78518295789812e-14,-0.737215145500464,1.67831426469685e-08,0.999896634239752,0.999999999237769
"853","Tff3",2.77833810134599e-14,-0.737584944820816,1.67007516202408e-08,0.999896888271105,0.999999999237769
"2755","D10Wsu102e",2.73224826509274e-14,-0.740097468558696,1.61512502165541e-08,0.999898598791028,0.999999999237769
"1430","Zfp1",2.72288797345906e-14,-0.74061258474197,1.60407760309007e-08,0.99989894617706,0.999999999237769
"2427","Exoc2",2.7069207601973e-14,-0.74149513882445,1.58531990743282e-08,0.99989953876403,0.999999999237769
"999","Ccnyl1",2.68461429523461e-14,-0.742736292349026,1.55929980443052e-08,0.999900366617974,0.999999999237769
"187","Osbpl3",2.67448008754399e-14,-0.743303368175513,1.54754955640505e-08,0.999900742726148,0.999999999237769
"204","Zfp174",2.67148044331105e-14,-0.743471604656186,1.54408010087931e-08,0.999900854051153,0.999999999237769
"1041","Nup160",2.65103799010041e-14,-0.744622870079149,1.52053958292917e-08,0.999901612726521,0.999999999237769
"2742","Cxx1b",2.64355736661354e-14,-0.745046241162917,1.51197045949867e-08,0.999901890352926,0.999999999237769
"1964","Usp21",2.61348319401727e-14,-0.746759727761127,1.47776457355906e-08,0.999903006487753,0.999999999237769
"2923","Hmox1",2.58057492173029e-14,-0.748656008962599,1.44078365330171e-08,0.999904227803774,0.999999999237769
"441","Trim68",2.57478634478963e-14,-0.748991909341494,1.43432715944614e-08,0.999904442633702,0.999999999237769
"2220","Inpp5e",2.56807231324197e-14,-0.749382400486095,1.42685658851108e-08,0.999904691809782,0.999999999237769
"1181","Porcn",2.55884593481722e-14,-0.749920575835905,1.41662239832388e-08,0.999905034225929,0.999999999237769
"2696","Coro7",2.55845817982114e-14,-0.749943233445509,1.41619309479628e-08,0.999905048616578,0.999999999237769
"2838","AA987161",2.5527470006314e-14,-0.75027732723808,1.40987749024026e-08,0.999905260574063,0.999999999237769
"1464","Zfp653",2.53815965343682e-14,-0.751133853695713,1.39381039820915e-08,0.999905801950428,0.999999999237769
"1214","2310008H04Rik",2.50842162657867e-14,-0.752894378949145,1.36134092449915e-08,0.999906905609968,0.999999999237769
"860","Gm11437",2.50554695691283e-14,-0.753065598931766,1.35822249893357e-08,0.999907012296825,0.999999999237769
"267","Plxna1",2.47352261719026e-14,-0.754985581297147,1.32372447599225e-08,0.999908200807691,0.999999999237769
"2792","Plekha1",2.44919404060228e-14,-0.756459820945735,1.29781328551149e-08,0.999909103707731,0.999999999237769
"2161","Tjap1",2.38664690101383e-14,-0.760313988174235,1.23237298444976e-08,0.999911425003212,0.999999999237769
"2822","B230312A22Rik",2.37882293362727e-14,-0.760802752673533,1.22430623470777e-08,0.999911715372048,0.999999999237769
"545","BC026590",2.37003535721867e-14,-0.761353515004548,1.21527755696941e-08,0.999912041503051,0.999999999237769
"1454","Phka1",2.36268533007193e-14,-0.761815651761408,1.20775153217086e-08,0.999912314282669,0.999999999237769
"2508","Zbtb4",2.35162723901396e-14,-0.762513481700275,1.19647269405789e-08,0.999912724678683,0.999999999237769
"2193","Zfp101",2.33624934241264e-14,-0.763489050046688,1.18087577086637e-08,0.9999132953945,0.999999999237769
"948","Kcp",2.29172049905935e-14,-0.766348298768545,1.13628984781799e-08,0.99991494798171,0.999999999237769
"302","Arl4c",2.29132255941629e-14,-0.766374085078543,1.13589526608928e-08,0.999914962750339,0.999999999237769
"2218","Bcmo1",2.2644775292677e-14,-0.768123404184356,1.10943498933087e-08,0.999915959042857,0.999999999237769
"1685","Mxd1",2.26344186498877e-14,-0.768191280786757,1.10842041583749e-08,0.999915997479192,0.999999999237769
"2490","Stx6",2.2184431159183e-14,-0.771168956131641,1.06478622010155e-08,0.999917667505889,0.999999999237769
"1585","Agk",2.21471168000363e-14,-0.771418411510813,1.06120727768387e-08,0.999917805989685,0.999999999237769
"497","Zbtb8a",2.19994883910096e-14,-0.772409223169761,1.04710682421916e-08,0.999918353879103,0.999999999237769
"2796","Rusc2",2.19622621515038e-14,-0.772660052429406,1.04356611735992e-08,0.999918492035863,0.999999999237769
"2834","Dcun1d2",2.1898532224679e-14,-0.773090389886107,1.03751848001144e-08,0.999918728555058,0.999999999237769
"123","Hunk",2.12341410730035e-14,-0.777648023708378,9.75517858447108e-09,0.999921194292404,0.999999999237769
"491","Pola1",2.11856112533686e-14,-0.777986152572998,9.71063936178526e-09,0.999921374399843,0.999999999237769
"1624","Wdr44",2.11414011041883e-14,-0.778294817328815,9.67015331031239e-09,0.999921538475803,0.999999999237769
"2526","Tecpr2",2.11070941675765e-14,-0.778534757669244,9.63879454077944e-09,0.999921665798231,0.999999999237769
"1547","Ttc30b",2.10573129774619e-14,-0.778883575157586,9.59338186405932e-09,0.999921850549848,0.999999999237769
"58","Rftn1",2.1055833791148e-14,-0.77889395166472,9.59203412318044e-09,0.999921856039513,0.999999999237769
"2542","2310037I24Rik",2.09569341379469e-14,-0.779589289537211,9.50213780781345e-09,0.999922223083186,0.999999999237769
"1818","Pogk",2.09369451667566e-14,-0.779730200634141,9.48401995001007e-09,0.999922297267728,0.999999999237769
"2079","Jmjd7",2.08998221555438e-14,-0.779992232260344,9.45041779400074e-09,0.999922435041379,0.999999999237769
"2840","Hmg20a",2.06710345561202e-14,-0.781616823715754,9.24464531780068e-09,0.999923284134759,0.999999999237769
"1331","Tmem87a",2.05484421604205e-14,-0.78249428932263,9.13531720945506e-09,0.999923739108682,0.999999999237769
"1450","0610007N19Rik",2.05415182060092e-14,-0.782543994489798,9.12916181697442e-09,0.999923764805371,0.999999999237769
"1702","Stim1",2.04535879921637e-14,-0.78317659200892,9.05117234630043e-09,0.999924091138453,0.999999999237769
"837","LOC100503496",2.03873751667442e-14,-0.783654633640671,8.99266587254283e-09,0.999924336872364,0.999999999237769
"806","Dis3",2.02920594879715e-14,-0.784345354505661,8.90877686022217e-09,0.999924690614928,0.999999999237769
"1396","Tspan17",2.01763365004332e-14,-0.785188062172997,8.80745539640202e-09,0.999925120094597,0.999999999237769
"2307","Sult2a7",2.01354435312973e-14,-0.78548693368078,8.77179004988763e-09,0.999925271859594,0.999999999237769
"1695","Akr1b8",1.98363597686241e-14,-0.787690295864684,8.51314009625274e-09,0.99992638184127,0.999999999237769
"1462","Ddx20",1.97731048729088e-14,-0.788160286816599,8.45893265045776e-09,0.999926616597495,0.999999999237769
"2382","Pde4d",1.97649827881271e-14,-0.788220736946744,8.45198482329728e-09,0.999926646740774,0.999999999237769
"2433","Esyt1",1.97198496312692e-14,-0.788557073935546,8.41342883513998e-09,0.999926814242268,0.999999999237769
"1652","Bmf",1.96517206613449e-14,-0.789066148151677,8.35539511824899e-09,0.999927067087516,0.999999999237769
"186","Adat3",1.95368225114213e-14,-0.789928453498536,8.25797739345924e-09,0.999927493505988,0.999999999237769
"1902","Trmt12",1.95331840961676e-14,-0.789955837263618,8.25490185206956e-09,0.999927507009142,0.999999999237769
"1844","Socs4",1.94320510146247e-14,-0.790718915083384,8.16964361090847e-09,0.999927882341679,0.999999999237769
"1725","Parp11",1.93580442059025e-14,-0.791279681366619,8.10753406551156e-09,0.999928157001195,0.999999999237769
"2393","Cadm4",1.93110196190848e-14,-0.79163704296163,8.06819224308274e-09,0.999928331522303,0.999999999237769
"1504","Rbm43",1.92446393672644e-14,-0.792142888992067,8.01281990605446e-09,0.99992857787758,0.999999999237769
"2569","Itfg2",1.81794322324988e-14,-0.800492263578241,7.15033613954745e-09,0.99993253115271,0.999999999237769
"659","Fntb",1.81062683960703e-14,-0.801082455397227,7.09289833772577e-09,0.999932802683725,0.999999999237769
"978","Gm6907",1.80932923701015e-14,-0.801187362780398,7.08273559726501e-09,0.999932850841308,0.999999999237769
"128","Mmgt2",1.78612552116234e-14,-0.803075327053237,6.90223560218053e-09,0.999933711994691,0.999999999237769
"307","Dzip3",1.78111904511032e-14,-0.803485693447304,6.86359615931527e-09,0.999933897798716,0.999999999237769
"1229","Gadd45b",1.75267389564941e-14,-0.805838000292849,6.64611825143703e-09,0.999934953476042,0.999999999237769
"584","Ccdc126",1.74213854332512e-14,-0.806718330787345,6.56645853350162e-09,0.999935344471793,0.999999999237769
"666","Pvt1",1.71756439536923e-14,-0.808791303138072,6.38251560063604e-09,0.999936256485662,0.999999999237769
"2032","Stk17b",1.71625800588859e-14,-0.808902281853683,6.37281013599317e-09,0.99993630496935,0.999999999237769
"9","Pilra",1.67020327005025e-14,-0.812866184744964,6.0353781585533e-09,0.999938014186609,0.999999999237769
"125","Pwwp2b",1.66467223960809e-14,-0.813349114025183,5.99547093601919e-09,0.999938219458283,0.999999999237769
"736","Gm19705",1.63669245173573e-14,-0.815815408372839,5.79562112253346e-09,0.999939257864767,0.999999999237769
"93","Mcm2",1.62526970407399e-14,-0.816833657840655,5.71500622083627e-09,0.999939681794187,0.999999999237769
"2750","Rundc1",1.622680037054e-14,-0.817065439779069,5.69680841387143e-09,0.999939777903816,0.999999999237769
"1311","Ddx23",1.60628793112105e-14,-0.818540675108081,5.58229290261163e-09,0.999940386259719,0.999999999237769
"68","Sept6",1.59939280617671e-14,-0.819165436652192,5.53447084751869e-09,0.999940642156671,0.999999999237769
"1480","4930572J05Rik",1.58350034985654e-14,-0.820615115403468,5.42503013435853e-09,0.99994123196921,0.999999999237769
"437","Armc9",1.56665836344746e-14,-0.822166378745342,5.31024343308081e-09,0.999941857021408,0.999999999237769
"2555","Ccdc93",1.56241280176989e-14,-0.822559892405859,5.28150147030457e-09,0.999942014585818,0.999999999237769
"892","H2-M3",1.54553773664727e-14,-0.824133993239458,5.16803033929513e-09,0.999942640865657,0.999999999237769
"239","Dennd3",1.53629690999936e-14,-0.825002818703895,5.10641540579455e-09,0.999942983818019,0.999999999237769
"1377","Ezr",1.52790328229592e-14,-0.825796248948871,5.05076957057249e-09,0.999943295328509,0.999999999237769
"1491","Dus4l",1.51473452667793e-14,-0.827049337626061,4.96408120327049e-09,0.999943784057062,0.999999999237769
"1094","5530601H04Rik",1.51122448879572e-14,-0.827385064142551,4.94110169809213e-09,0.999943914324172,0.999999999237769
"1133","Suv39h1",1.49555848423317e-14,-0.828892452276869,4.83918950240851e-09,0.999944495732466,0.999999999237769
"610","Polm",1.48398784931127e-14,-0.830015321350238,4.76460078113685e-09,0.999944925150387,0.999999999237769
"778","Sept1",1.47467373350836e-14,-0.830925188830212,4.70497930100345e-09,0.999945270822709,0.999999999237769
"2378","Icam1",1.47127098124698e-14,-0.831258938091692,4.68329123874736e-09,0.999945397108156,0.999999999237769
"522","Il1rn",1.46491034709199e-14,-0.831884748936144,4.64288493566349e-09,0.999945633168694,0.999999999237769
"952","Spice1",1.429794306713e-14,-0.835386313261385,4.4229594160968e-09,0.999946936421035,0.999999999237769
"971","Lass6",1.41955668270585e-14,-0.836422339485352,4.35984755999568e-09,0.999947316367274,0.999999999237769
"702","Thnsl1",1.41039415280092e-14,-0.837355528411179,4.30374791366741e-09,0.999947656413829,0.999999999237769
"462","Nup98",1.40726660642182e-14,-0.83767536606488,4.28468197068248e-09,0.999947772485633,0.999999999237769
"2855","Lipe",1.40596246740607e-14,-0.837808930480033,4.27674426827986e-09,0.9999478208858,0.999999999237769
"2064","N4bp3",1.40244363129833e-14,-0.838169895434174,4.25536342772704e-09,0.999947951479436,0.999999999237769
"2970","Tmem104",1.39556536811654e-14,-0.838877932848425,4.21372505737251e-09,0.999948206750603,0.999999999237769
"559","Zfp788",1.35385415572351e-14,-0.843243047360205,3.96560626812003e-09,0.999949754767824,0.999999999237769
"2595","Armc6",1.34323685943637e-14,-0.8443742905985,3.90365140999073e-09,0.999950148804741,0.999999999237769
"2876","Mad1l1",1.34014082653501e-14,-0.844705743761878,3.88567705979432e-09,0.999950263706993,0.999999999237769
"657","Rdh18-ps",1.33371973766482e-14,-0.845395464284464,3.84853095630321e-09,0.99995050201117,0.999999999237769
"1785","Zxda",1.32531224689991e-14,-0.846303277971141,3.8001632171316e-09,0.999950814036157,0.999999999237769
"382","Naip2",1.31227119663507e-14,-0.847722152054628,3.72574408441423e-09,0.999951298025215,0.999999999237769
"2863","Aaas",1.30550419657229e-14,-0.848463625798827,3.6874180055287e-09,0.999951549167103,0.999999999237769
"730","Rad52",1.29929371852797e-14,-0.849147299525183,3.65241825942006e-09,0.999951779654936,0.999999999237769
"126","Ppil6",1.29305101707977e-14,-0.849837616499944,3.61740511237403e-09,0.999952011338668,0.999999999237769
"268","5830415F09Rik",1.2903270768793e-14,-0.850139809452193,3.60218032032915e-09,0.999952112431542,0.999999999237769
"390","Chsy1",1.28083596143632e-14,-0.85119744557452,3.54938290046114e-09,0.999952464672806,0.999999999237769
"1387","Hist1h1d",1.28040379654761e-14,-0.851245778364547,3.54698812090496e-09,0.999952480711627,0.999999999237769
"2160","Zfp451",1.27971342520022e-14,-0.851323020401547,3.54316420408096e-09,0.999952506333197,0.999999999237769
"2842","Bahd1",1.26901029013397e-14,-0.852525564877541,3.48414415130344e-09,0.999952903555825,0.999999999237769
"396","Galnt7",1.26355801049033e-14,-0.853141814628631,3.4542693437311e-09,0.999953105904841,0.999999999237769
"1357","Zfp810",1.25713112337702e-14,-0.853871431227936,3.41921952400929e-09,0.999953344424207,0.999999999237769
"2405","Ppm1l",1.23902944841032e-14,-0.855945399305363,3.32146044329033e-09,0.999954016226895,0.999999999237769
"2365","Heatr5b",1.23637588931328e-14,-0.856251811784022,3.30724891071641e-09,0.999954114707734,0.999999999237769
"2854","Sort1",1.23508787127896e-14,-0.85640076457217,3.30036172144652e-09,0.999954162509607,0.999999999237769
"794","Iffo1",1.20995422819069e-14,-0.859336887330116,3.16740582196725e-09,0.999955095287873,0.999999999237769
"1955","Abl2",1.18697017299327e-14,-0.862072407374222,3.04821390072536e-09,0.99995594828905,0.999999999237769
"571","Serpinb6b",1.17901854260813e-14,-0.863030373940851,3.00751012646014e-09,0.999956243395811,0.999999999237769
"2647","Amn1",1.17131534281366e-14,-0.863964207404076,2.96833895573702e-09,0.999956529282633,0.999999999237769
"1169","Telo2",1.13862914554704e-14,-0.86799182671612,2.80498420540076e-09,0.999957742356849,0.999999999237769
"445","Pitpnm1",1.13030981838295e-14,-0.869034248815527,2.76414504129406e-09,0.999958051109844,0.999999999237769
"2166","Slc27a1",1.12347872482701e-14,-0.869895587885521,2.73083545584432e-09,0.999958304630417,0.999999999237769
"2322","2310061J03Rik",1.11691875042823e-14,-0.870727377411878,2.69903795067161e-09,0.999958548089016,0.999999999237769
"599","Gm10778",1.10133674528525e-14,-0.87272165594148,2.62425532024565e-09,0.999959126379863,0.999999999237769
"1082","Pigl",1.08510913494193e-14,-0.874826894548972,2.54749104915596e-09,0.999959728630884,0.999999999237769
"738","Endod1",1.08291277333367e-14,-0.875114098539291,2.5371887694239e-09,0.999959810143873,0.999999999237769
"2367","3110082I17Rik",1.0786890199264e-14,-0.875667950360875,2.51743545054316e-09,0.99995996689892,0.999999999237769
"117","Asb2",1.06815141508018e-14,-0.877058641997733,2.4684905440867e-09,0.999960357978268,0.999999999237769
"2399","Hjurp",1.0413352424906e-14,-0.880656580241206,2.34610238495915e-09,0.999961353199808,0.999999999237769
"2060","Slc5a3",1.03972171912836e-14,-0.88087582947377,2.33883756169886e-09,0.999961413082075,0.999999999237769
"2613","Jub",1.02027731383514e-14,-0.883543375725004,2.25217580088767e-09,0.999962134717159,0.999999999237769
"2574","Lipt2",1.01869461302258e-14,-0.883762597510887,2.24519386431369e-09,0.999962193455517,0.999999999237769
"2352","Mtrf1l",1.00439564604962e-14,-0.88575777376687,2.18260663160896e-09,0.999962724129306,0.999999999237769
"2278","Dhx57",9.99953745084908e-15,-0.886382990418043,2.1633443322743e-09,0.999962888980405,0.999999999237769
"1350","4930473A06Rik",9.98573231973037e-15,-0.886577834231278,2.15737512886485e-09,0.999962940215024,0.999999999237769
"100","Uhmk1",9.61979998620087e-15,-0.891836880145457,2.00215599669684e-09,0.999964298290041,0.999999999237769
"553","Ncoa7",9.40926714109009e-15,-0.894948260076612,1.91547913365167e-09,0.999965079635035,0.999999999237769
"1503","Poli",9.38700465943413e-15,-0.895281076578646,1.90642574595684e-09,0.999965162257196,0.999999999237769
"308","Rbl1",9.22509204545503e-15,-0.897724128780141,1.84122661422235e-09,0.99996576315921,0.999999999237769
"105","Wdsub1",9.03612470299338e-15,-0.900626784711803,1.76656759261357e-09,0.999966464468723,0.999999999237769
"2769","Mus81",8.91054387524402e-15,-0.90258744365625,1.71780654680191e-09,0.999966930533537,0.999999999237769
"477","Recql",8.8461785429958e-15,-0.903602430146127,1.69307902185955e-09,0.999967169410896,0.999999999237769
"2572","Ctdp1",8.78851334047716e-15,-0.904517661319363,1.67107776328646e-09,0.999967383422241,0.999999999237769
"1059","Usp28",8.5705414084172e-15,-0.908028849302978,1.5892138550747e-09,0.999968192375723,0.999999999237769
"1502","BC053749",8.52809476473427e-15,-0.908722329585522,1.57351128809168e-09,0.999968349906832,0.999999999237769
"444","Sall2",8.48849394334096e-15,-0.909372241024933,1.55893179166719e-09,0.999968496876316,0.999999999237769
"1909","Otud5",8.38155967578829e-15,-0.91114151215764,1.51990173430257e-09,0.999968893738643,0.999999999237769
"332","Cpm",8.21040450811553e-15,-0.914017896259145,1.45846138933905e-09,0.999969528942302,0.999999999237769
"680","Gsn",8.03818644765626e-15,-0.916969477756769,1.39791890651299e-09,0.999970168090647,0.999999999237769
"1203","BC057022",7.90917466582069e-15,-0.91921968125491,1.35340619712433e-09,0.99997064688867,0.999999999237769
"362","Dusp8",7.80779740818567e-15,-0.921012174559631,1.31893350124574e-09,0.999971023127412,0.999999999237769
"669","Xlr4a",7.68389925879891e-15,-0.923232750033,1.27740658978796e-09,0.999971482947346,0.999999999237769
"1162","AI463170",7.51306774330213e-15,-0.926350212703565,1.22123835936066e-09,0.999972116949844,0.999999999237769
"2779","Mctp2",7.29531247051558e-15,-0.930421811513666,1.15147264200414e-09,0.999972925099244,0.999999999237769
"1968","Zfp516",7.28062494904386e-15,-0.930700527015624,1.146840830926e-09,0.999972979608655,0.999999999237769
"2524","Hps3",7.17897385753515e-15,-0.932644075079867,1.11504031856947e-09,0.99997335686367,0.999999999237769
"915","2610306M01Rik",7.16081828352042e-15,-0.932993920396705,1.10940759202136e-09,0.999973424243973,0.999999999237769
"2890","Atg16l2",7.15033757553031e-15,-0.933196255309609,1.10616246903949e-09,0.999973463140748,0.999999999237769
"2638","5730508B09Rik",7.07799333231447e-15,-0.934600529215152,1.08389228723323e-09,0.999973731630029,0.999999999237769
"2982","Lcn2",6.97930321113576e-15,-0.936538069784618,1.05387708206389e-09,0.999974097896073,0.999999999237769
"1414","Mcm6",6.95195612624512e-15,-0.937079510438742,1.04563442477453e-09,0.999974199388588,0.999999999237769
"2445","Neb",6.9208898340394e-15,-0.937697016123125,1.03631002651876e-09,0.999974314684098,0.999999999237769
"425","Spata24",6.83494449749579e-15,-0.939418998306948,1.01073152602982e-09,0.999974633650759,0.999999999237769
"2143","Tnnt1",6.80686783971486e-15,-0.939985939073961,1.00244479377457e-09,0.999974737850919,0.999999999237769
"2130","Nol10",6.42867132396453e-15,-0.94784430480345,8.94145658622806e-10,0.999976141441672,0.999999999237769
"1886","Zfand2a",6.37067751990155e-15,-0.949087507879193,8.7808603731069e-10,0.999976356672548,0.999999999237769
"1045","Zfp595",6.36392789842903e-15,-0.949232887298937,8.76226389350015e-10,0.99997638172224,0.999999999237769
"786","Zfp27",6.3134639207485e-15,-0.950324431314871,8.62385078557785e-10,0.999976569007869,0.999999999237769
"565","Agpat1",6.16764772913325e-15,-0.95352507605218,8.23009690490745e-10,0.999977110171655,0.999999999237769
"2435","D730040F13Rik",5.95463342452064e-15,-0.958330656116489,7.67142227657951e-10,0.999977900726025,0.999999999237769
"1192","Gnpda2",5.85485074005968e-15,-0.96063745536927,7.4164740828839e-10,0.99997827104687,0.999999999237769
"393","Ppm1h",5.75537471901309e-15,-0.962974165861447,7.16659788648758e-10,0.999978640229603,0.999999999237769
"752","Hddc2",5.75338030814397e-15,-0.963021401216977,7.16163186258296e-10,0.999978647631408,0.999999999237769
"1083","4833418N02Rik",5.74258539975633e-15,-0.963277333191088,7.13478273069653e-10,0.999978687694266,0.999999999237769
"1769","Pgm2l1",5.62912883724658e-15,-0.965994866065899,6.85564317271025e-10,0.999979108762614,0.999999999237769
"2444","Plekhm2",5.47650904199251e-15,-0.969732631856446,6.48893532637199e-10,0.999979675176435,0.999999999237769
"2364","Odf2",5.17902312089395e-15,-0.977307909918182,5.80311968016939e-10,0.999980779228087,0.999999999237769
"1321","Fbxl12",5.15450016018225e-15,-0.977950453900611,5.74829360563075e-10,0.999980870239505,0.999999999237769
"1578","Engase",5.01198463531459e-15,-0.981742342816953,5.43482155879514e-10,0.999981399153613,0.999999999237769
"2163","Zbtb10",4.79824363380315e-15,-0.98762330160678,4.98115916458136e-10,0.999982192404955,0.999999999237769
"1576","Dph2",4.79276453769551e-15,-0.987777263240944,4.9697897263394e-10,0.99998221273938,0.999999999237769
"146","AI428936",4.72142805880168e-15,-0.989797015945072,4.8229480156507e-10,0.999982477488572,0.999999999237769
"55","Iqcg",4.64498642881079e-15,-0.991993330137775,4.66804169481761e-10,0.999982761184377,0.999999999237769
"1493","Aph1b",4.57590348498952e-15,-0.994007575936822,4.53022256594444e-10,0.999983017570085,0.999999999237769
"1339","Rgs12",4.53241856298322e-15,-0.995290140781724,4.44453004864138e-10,0.999983178954529,0.999999999237769
"1768","E2f1",4.50039659263649e-15,-0.996242012068477,4.3819498407313e-10,0.999983297796823,0.999999999237769
"174","Rassf4",4.49017652182483e-15,-0.996547147050673,4.3620702650814e-10,0.999983335726302,0.999999999237769
"942","Tmem81",4.48900781540374e-15,-0.996582081965027,4.35979983493223e-10,0.999983340063691,0.999999999237769
"2449","Wrap53",4.40703902752407e-15,-0.999053823413148,4.20203456617861e-10,0.999983644272292,0.999999999237769
"1420","Taf6l",4.37977926485964e-15,-0.999885394001408,4.15021192499336e-10,0.99998374544073,0.999999999237769
"1401","Pnpla3",4.30673354329218e-15,-1.00213785147117,4.01293230274631e-10,0.99998401653339,0.999999999237769
"1163","Cenpj",4.24632217583508e-15,-1.00402795063525,3.90114157193934e-10,0.999984240736505,0.999999999237769
"836","Rpp38",4.24273734165387e-15,-1.00414090102889,3.89455750135691e-10,0.999984254040805,0.999999999237769
"352","2210404O09Rik",4.00020649468646e-15,-1.01199839095705,3.46202858042007e-10,0.999985154139141,0.999999999237769
"1252","Idua",3.72198106115398e-15,-1.02158254209135,2.99718910660405e-10,0.999986186709854,0.999999999237769
"2936","Fancl",3.58066295215119e-15,-1.02671100966046,2.7739122160551e-10,0.999986711180025,0.999999999237769
"108","Disp1",3.54736909114016e-15,-1.02794685958459,2.72256704167925e-10,0.999986834742653,0.999999999237769
"1295","Gm13157",3.51856330067091e-15,-1.02902492473233,2.67853030760433e-10,0.999986941648823,0.999999999237769
"1186","G6pdx",3.46004970766778e-15,-1.03124053945896,2.5901833273206e-10,0.999987158808778,0.999999999237769
"1638","Sp4",3.4591565450443e-15,-1.03127463057212,2.58884626193795e-10,0.999987162123549,0.999999999237769
"39","1700040L02Rik",3.40065309148188e-15,-1.03352582783513,2.50201834231467e-10,0.999987379245873,0.999999999237769
"498","D130043K22Rik",3.39829323995795e-15,-1.03361739450419,2.49854704254349e-10,0.999987388003928,0.999999999237769
"1888","Tmco7",3.37752882323542e-15,-1.03442567385677,2.46810683869662e-10,0.999987465066359,0.999999999237769
"1236","Prickle3",3.33090601585589e-15,-1.0362576367714,2.40043850938174e-10,0.999987638096355,0.999999999237769
"2156","Kctd5",3.2841526170446e-15,-1.03811904387426,2.33352516857799e-10,0.999987811611011,0.999999999237769
"2121","Fam120c",3.28006395438555e-15,-1.0382830068444,2.32771846029263e-10,0.999987826785157,0.999999999237769
"2782","Senp7",3.13502190656763e-15,-1.04422711442524,2.12640990881903e-10,0.999988365075883,0.999999999237769
"1205","Zfp866",3.13314163116761e-15,-1.04430585246893,2.12385998262355e-10,0.9999883720541,0.999999999237769
"2327","Ppl",2.94906034837807e-15,-1.05223745751694,1.88162531487948e-10,0.99998905523011,0.999999999237769
"1308","4732471D19Rik",2.83761874223047e-15,-1.05726801365104,1.74210334837346e-10,0.999989468820403,0.999999999237769
"1876","Dand5",2.83170949453167e-15,-1.05753990647897,1.73485515745229e-10,0.999989490751238,0.999999999237769
"64","Cep192",2.82801162389802e-15,-1.05771032156613,1.73032709327844e-10,0.999989504475048,0.999999999237769
"2898","Ankrd28",2.7148771462318e-15,-1.06302776310477,1.59465298767061e-10,0.999989924348051,0.999999999237769
"2228","Pi4kb",2.67992461204553e-15,-1.06471263893765,1.55385676184711e-10,0.999990054066469,0.999999999237769
"914","S1pr5",2.65620554968577e-15,-1.0658677883561,1.52647321123376e-10,0.9999901420944,0.999999999237769
"205","Slc41a1",2.64281785886154e-15,-1.06652406515954,1.5111246617117e-10,0.999990191779784,0.999999999237769
"2844","4930528F23Rik",2.61533650488509e-15,-1.06788105339493,1.47986118410853e-10,0.999990293770608,0.999999999237769
"927","Susd4",2.59395585474584e-15,-1.06894607997993,1.45576404601324e-10,0.999990373120051,0.999999999237769
"2827","Atp7a",2.53403572090124e-15,-1.07197533280267,1.38928482751758e-10,0.999990595500063,0.999999999237769
"2341","Rnf121",2.53057511527176e-15,-1.07215232860437,1.38549286516107e-10,0.999990608343318,0.999999999237769
"153","2410076I21Rik",2.44655537499702e-15,-1.07652077541208,1.29501836562084e-10,0.999990920163564,0.999999999237769
"1129","Brip1",2.42527825870745e-15,-1.07764935899891,1.27259137279531e-10,0.999990999128764,0.999999999237769
"377","Mars2",2.40619779969754e-15,-1.0786693532743,1.25264635273271e-10,0.999991069941568,0.999999999237769
"2522","Noc3l",2.39613689366127e-15,-1.07921024318392,1.2421930062655e-10,0.999991107280344,0.999999999237769
"1243","Wars2",2.37990272141732e-15,-1.08008752554162,1.22541795340007e-10,0.999991167529799,0.999999999237769
"2119","Git1",2.3216512816594e-15,-1.0832822794738,1.16616446541073e-10,0.999991383716831,0.999999999237769
"951","Rpusd2",2.29190953753891e-15,-1.08494254825077,1.13647731515053e-10,0.999991494096582,0.999999999237769
"1950","Gm14057",2.2470272489427e-15,-1.08748666445329,1.09240204773782e-10,0.999991660667035,0.999999999237769
"1389","Bbs7",2.20435902383221e-15,-1.08994986419202,1.05130925218236e-10,0.999991819020494,0.999999999237769
"1445","Rfc4",2.18331157298304e-15,-1.09118143156331,1.03132907444866e-10,0.999991897133343,0.999999999237769
"598","Mtr",2.17758898113361e-15,-1.09151820786486,1.02592980771816e-10,0.999991918371447,0.999999999237769
"2642","Ptcd1",2.17478343139628e-15,-1.0916836186888,1.02328794741721e-10,0.99999192878361,0.999999999237769
"825","Neu2",2.14358203720321e-15,-1.093536817433,9.94136560460127e-11,0.999992044580521,0.999999999237769
"707","Wdr35",2.14083041731067e-15,-1.09370146108402,9.91585941749888e-11,0.999992054792536,0.999999999237769
"612","BC030307",2.10527470579486e-15,-1.09584698593393,9.58922199232513e-11,0.99999218674951,0.999999999237769
"2151","Nmral1",2.09428093680147e-15,-1.09651726050642,9.48933342721636e-11,0.999992227550395,0.999999999237769
"731","LOC622167",2.08348095862662e-15,-1.09717894111794,9.39171486880824e-11,0.999992267632069,0.999999999237769
"311","Poc1a",2.03527721414885e-15,-1.10017201514882,8.96216568622864e-11,0.999992446529355,0.999999999237769
"1698","D18Ertd653e",2.0129910171756e-15,-1.10157835520408,8.76696961482989e-11,0.99999252923953,0.999999999237769
"967","Abcb1a",1.99341378751513e-15,-1.10282585087651,8.59727350318589e-11,0.999992601895986,0.999999999237769
"2602","Kif3b",1.98283996482299e-15,-1.10350442102674,8.50630900183041e-11,0.999992641138335,0.999999999237769
"979","1500001M20Rik",1.94737370017158e-15,-1.1058055024543,8.20473254158427e-11,0.999992772763348,0.999999999237769
"2354","Pds5a",1.94061594280911e-15,-1.10624840557392,8.1478873779084e-11,0.999992797843234,0.999999999237769
"2558","Il17rb",1.88832567162933e-15,-1.10972524833119,7.7147103015875e-11,0.999992991906739,0.999999999237769
"587","Trp53i13",1.87855312823673e-15,-1.11038503683774,7.6350659314592e-11,0.999993028175321,0.999999999237769
"350","9330133O14Rik",1.86716606029575e-15,-1.11115790244455,7.54278479054848e-11,0.999993070435846,0.999999999237769
"2911","Dus2l",1.82985145566141e-15,-1.11372187909846,7.24431788686281e-11,0.999993208920554,0.999999999237769
"694","4632428C04Rik",1.82205586742416e-15,-1.11426372048024,7.18272444591748e-11,0.999993237852115,0.999999999237769
"1550","Zfp192",1.81852345804252e-15,-1.11450996090086,7.15490122810943e-11,0.999993250961853,0.999999999237769
"534","2900005J15Rik",1.80591990684876e-15,-1.11539221190893,7.05606866117452e-11,0.99999329773708,0.999999999237769
"605","Stk11ip",1.74355682259955e-15,-1.11984446142756,6.57715442560228e-11,0.99999352918355,0.999999999237769
"2488","Tmco3",1.71531784221697e-15,-1.12190984944863,6.36583001588058e-11,0.999993633986133,0.999999999237769
"2007","Hist1h4i",1.66586835918662e-15,-1.12560461784722,6.00408990184471e-11,0.999993817506695,0.999999999237769
"723","Olfm3",1.61620855392536e-15,-1.12942011319459,5.65145962837108e-11,0.999994001807821,0.999999999237769
"1750","Tfcp2l1",1.59786486089446e-15,-1.13085737368236,5.52390142481747e-11,0.999994069886285,0.999999999237769
"1451","Slc2a4rg-ps",1.57344688530936e-15,-1.13279476670875,5.35636300349414e-11,0.999994160508074,0.999999999237769
"2975","Atg4a",1.57035006458233e-15,-1.13304248954679,5.33529922006285e-11,0.999994172001223,0.999999999237769
"1319","Ptgds",1.51539237942604e-15,-1.13751665930725,4.96839396374468e-11,0.99999437596423,0.999999999237769
"724","E330011O21Rik",1.48275842699738e-15,-1.14024599900201,4.75670950347376e-11,0.999994497077757,0.999999999237769
"827","Gfod1",1.46257500863774e-15,-1.14196237794038,4.62809349793749e-11,0.999994571983945,0.999999999237769
"1079","Lrp12",1.4492265101912e-15,-1.14310976920612,4.54400046599348e-11,0.999994621523876,0.999999999237769
"2980","Ogfod1",1.44852943799249e-15,-1.14316995912574,4.53963022490706e-11,0.999994624110901,0.999999999237769
"2172","Ldlrad3",1.42277977872128e-15,-1.14541261574006,4.379668057763e-11,0.999994719674932,0.999999999237769
"1096","Sergef",1.41460892055584e-15,-1.14613221431746,4.32950865762204e-11,0.999994749999223,0.999999999237769
"574","9030025P20Rik",1.41099119979405e-15,-1.146452068997,4.30739240356236e-11,0.999994763425575,0.999999999237769
"1597","0610040B10Rik",1.39598743382316e-15,-1.14778686490908,4.21627418594613e-11,0.999994819108656,0.999999999237769
"1741","Snx11",1.35239696117877e-15,-1.15174261227981,3.95707425612728e-11,0.999994980884827,0.999999999237769
"1664","4430402I18Rik",1.34913639668136e-15,-1.15204328953088,3.93801662320815e-11,0.999994992985674,0.999999999237769
"2191","Acpl2",1.34618216373266e-15,-1.15231630712523,3.92078918634066e-11,0.999995003949641,0.999999999237769
"620","Dact1",1.34449407152925e-15,-1.15247256580532,3.91096213025751e-11,0.999995010214613,0.999999999237769
"1991","Trib3",1.33962574819784e-15,-1.15292423614204,3.88269074161307e-11,0.999995028282293,0.999999999237769
"2424","Dcp1a",1.3224291234471e-15,-1.15453211319449,3.78364722650568e-11,0.999995092103673,0.999999999237769
"929","Prdm15",1.31369423402565e-15,-1.15535634699272,3.73382891908904e-11,0.999995124521237,0.999999999237769
"504","Nme4",1.31177866529651e-15,-1.15553778925178,3.72294786156901e-11,0.999995131630437,0.999999999237769
"1570","Ddx31",1.28213080543494e-15,-1.15837817878591,3.55656293032646e-11,0.999995241661757,0.999999999237769
"1870","Plce1",1.27406751859705e-15,-1.15916133125559,3.51196933558795e-11,0.999995271586821,0.999999999237769
"2009","Mmd2",1.24739145605937e-15,-1.16178581075012,3.3664437147185e-11,0.999995370588988,0.999999999237769
"1596","Rrm2",1.24232774997179e-15,-1.1622899329986,3.3391674631607e-11,0.999995389381787,0.999999999237769
"2517","Fgf21",1.23176877900206e-15,-1.16334737094544,3.28264721455661e-11,0.999995428569018,0.999999999237769
"552","Megf9",1.22879567988368e-15,-1.16364664877624,3.26681980055895e-11,0.999995439603002,0.999999999237769
"2536","Rassf6",1.18216956482898e-15,-1.16843116845514,3.02360723530031e-11,0.999995612645273,0.999999999237769
"1988","Tsen2",1.16098073227534e-15,-1.17066422382744,2.91619023924854e-11,0.999995691282829,0.999999999237769
"1773","Slc5a6",1.152592008001e-15,-1.17155887543415,2.87420033289061e-11,0.99999572241568,0.999999999237769
"674","Kdm5d",1.15064318966947e-15,-1.17176758959402,2.86448907533221e-11,0.999995729648278,0.999999999237769
"2672","Tmem43",1.14568591114103e-15,-1.17230000132744,2.83986027386594e-11,0.999995748046095,0.999999999237769
"130","Plp1",1.11649351780272e-15,-1.17547979202953,2.69698318972462e-11,0.999995856387054,0.999999999237769
"1467","2310022A10Rik",1.09507698018446e-15,-1.17786257750287,2.59450867370505e-11,0.999995935869686,0.999999999237769
"1786","Prdm4",1.09396594626873e-15,-1.17798737941679,2.58924671516177e-11,0.999995939993036,0.999999999237769
"1216","Cenpc1",1.09188894756015e-15,-1.17822100688793,2.57942418474421e-11,0.999995947701347,0.999999999237769
"916","Gpr98",1.07667876078777e-15,-1.17994471177489,2.50806114166375e-11,0.999996004150512,0.999999999237769
"1542","Nfatc2ip",1.07664171850604e-15,-1.17994893742722,2.50788856891011e-11,0.999996004287986,0.999999999237769
"817","Tceanc",1.07612826552099e-15,-1.18000752437482,2.50549710329951e-11,0.999996006193551,0.999999999237769
"2212","6330503K22Rik",1.07432856626503e-15,-1.18021308415005,2.49712380634223e-11,0.999996012872727,0.999999999237769
"814","Rap1gap",1.06903665440777e-15,-1.18081939735558,2.47258380349142e-11,0.99999603251246,0.999999999237769
"1978","Cml5",1.06875148466556e-15,-1.18085215015011,2.47126483647941e-11,0.999996033570803,0.999999999237769
"1456","Kctd15",1.06264694893098e-15,-1.18155525156816,2.44311453112113e-11,0.999996056226405,0.999999999237769
"1168","Mtmr7",1.06204227501516e-15,-1.18162510210519,2.44033493000497e-11,0.999996058470516,0.999999999237769
"2965","Lmtk2",1.05298369704711e-15,-1.1826760175868,2.3988833051495e-11,0.999996092089377,0.999999999237769
"448","Gm14393",1.04181343196693e-15,-1.18398365480919,2.34825757766477e-11,0.999996133545287,0.999999999237769
"1800","Sfn",1.03783900460412e-15,-1.18445209132144,2.33037495754284e-11,0.999996148295475,0.999999999237769
"284","Gm962",1.03527300768673e-15,-1.18475542114798,2.31886576843645e-11,0.999996157818591,0.999999999237769
"376","Dnajb5",1.03200064073377e-15,-1.18514327659811,2.30422965406878e-11,0.999996169963241,0.999999999237769
"1397","Kifc2",1.00914780101302e-15,-1.18788450248293,2.20330887578897e-11,0.999996254776382,0.999999999237769
"1034","Prkdc",9.85291479669193e-16,-1.19080892602621,2.10036746337695e-11,0.999996343313718,0.999999999237769
"1899","Zfp629",9.80847164423095e-16,-1.19136106064719,2.08146210894675e-11,0.999996359807788,0.999999999237769
"567","1110021L09Rik",9.71869850563974e-16,-1.19248354125107,2.04353484211806e-11,0.999996393125056,0.999999999237769
"273","Ctnnal1",9.61883140408371e-16,-1.1937437163213,2.00175283761477e-11,0.99999643018847,0.999999999237769
"1035","Ttc30a1",9.44180786034516e-16,-1.19600795454027,1.92875091129675e-11,0.999996495886751,0.999999999237769
"1159","Tmem206",9.36591647363005e-16,-1.19699086859367,1.89786968294791e-11,0.999996524052121,0.999999999237769
"1677","Accn5",9.31871044217971e-16,-1.19760603707417,1.87878663464885e-11,0.999996541571571,0.999999999237769
"673","1700008J07Rik",9.30476865147043e-16,-1.19778827956355,1.87316910721207e-11,0.999996546745751,0.999999999237769
"2456","Uevld",9.28426561960946e-16,-1.19805675424985,1.8649231563548e-11,0.999996554354987,0.999999999237769
"251","C85492",8.88897022001508e-16,-1.20334466297843,1.70949852345531e-11,0.999996701059926,0.999999999237769
"357","Sult2a3",8.85693554200774e-16,-1.20378280353758,1.69719911111463e-11,0.999996712948872,0.999999999237769
"2703","Mettl6",8.84557025240935e-16,-1.2039386046859,1.69284618716893e-11,0.999996717166842,0.999999999237769
"1147","Ighmbp2",8.79903063458665e-16,-1.20457855818647,1.67507974447392e-11,0.999996734438968,0.999999999237769
"366","Adnp2",8.7846348814151e-16,-1.20477715320598,1.66960316198982e-11,0.999996739781626,0.999999999237769
"2715","Odf2l",8.74689415608302e-16,-1.20529925394416,1.65528801322989e-11,0.999996753788241,0.999999999237769
"1485","Ctps",8.64662947899383e-16,-1.20669663547606,1.61755674884994e-11,0.999996790999207,0.999999999237769
"487","Aste1",8.38824125995242e-16,-1.21036905929817,1.5223259607131e-11,0.999996886894145,0.999999999237769
"1348","Mpp4",8.36167606785383e-16,-1.21075262044018,1.51269894997682e-11,0.999996896753214,0.999999999237769
"804","Ndufa4l2",8.23142689182491e-16,-1.21264992012871,1.46593960485178e-11,0.999996945092248,0.999999999237769
"745","Acsm2",8.22463884935773e-16,-1.21274956971246,1.46352282889384e-11,0.999996947611476,0.999999999237769
"447","Ncapd2",8.18553007057574e-16,-1.21332519995273,1.44963759710473e-11,0.999996962125814,0.999999999237769
"779","Ctse",8.08588341952718e-16,-1.21480361079958,1.41455806302501e-11,0.999996999107413,0.999999999237769
"281","Slc16a13",8.08363361460558e-16,-1.21483718697902,1.4137710032116e-11,0.999996999942377,0.999999999237769
"228","Smarca5-ps",8.00742416295291e-16,-1.21597974838653,1.38723965872451e-11,0.99999702822579,0.999999999237769
"1981","Pou2f1",7.90404588793694e-16,-1.2175460463308,1.3516515085549e-11,0.999997066592296,0.999999999237769
"2877","Wdyhv1",7.90031892211056e-16,-1.21760287221166,1.3503771305004e-11,0.999997067975475,0.999999999237769
"2105","Gemin5",7.83652768958603e-16,-1.21857942978828,1.32865789508621e-11,0.999997091650147,0.999999999237769
"1755","Atp2b2",7.8071665068084e-16,-1.21903141797298,1.31872035961315e-11,0.999997102546885,0.999999999237769
"2450","Sun1",7.67607929819061e-16,-1.22106903357322,1.27480786073117e-11,0.999997151196935,0.999999999237769
"1670","Impa2",7.61002271657371e-16,-1.22210821392426,1.25296152132097e-11,0.99999717571234,0.999999999237769
"1471","Casp2",7.55257198817477e-16,-1.22301891189868,1.23411483972852e-11,0.999997197033878,0.999999999237769
"221","Htra4",7.48324368424611e-16,-1.22412658226554,1.21156188770019e-11,0.999997222763508,0.999999999237769
"1124","Irak1bp1",7.40139786295782e-16,-1.22544670375226,1.18520459988436e-11,0.999997253138732,0.999999999237769
"1189","Gm826",7.140210662338e-16,-1.22975301332883,1.10303140604726e-11,0.999997350072449,0.999999999237769
"1412","Fancf",7.11488875226282e-16,-1.23017833119782,1.0952217386164e-11,0.999997359470103,0.999999999237769
"2639","BC051226",6.98021014395832e-16,-1.23246458937242,1.05415099416907e-11,0.999997409453019,0.999999999237769
"684","Ltb4r2",6.97547350966866e-16,-1.23254574779499,1.0527208270185e-11,0.999997411210914,0.999999999237769
"102","Chrna4",6.94771784950317e-16,-1.2330223601642,1.04435986633715e-11,0.999997421511799,0.999999999237769
"389","2410137F16Rik",6.9470736721591e-16,-1.23303344298714,1.0441662137475e-11,0.999997421750871,0.999999999237769
"1983","Scyl2",6.56844869661419e-16,-1.23972043425765,9.33450842280339e-12,0.999997562268959,0.999999999237769
"1821","Adam11",6.51468209849556e-16,-1.24069919773823,9.18231703765848e-12,0.999997582223215,0.999999999237769
"2551","Zfp597",6.49728596237063e-16,-1.24101749851369,9.13334348459224e-12,0.999997588679397,0.999999999237769
"1781","1300015D01Rik",6.4562759245369e-16,-1.24177104262651,9.01841036312609e-12,0.999997603899344,0.999999999237769
"556","Tcp11l1",6.35065525640133e-16,-1.24373265113914,8.72575275836755e-12,0.999997643098064,0.999999999237769
"883","Zfp472",5.88152612866933e-16,-1.25283270769523,7.48420869206395e-12,0.99999781720472,0.999999999237769
"1912","Bcdin3d",5.85675347324565e-16,-1.25333195966218,7.42129533794398e-12,0.99999782639853,0.999999999237769
"1724","Ccdc123",5.78245395219874e-16,-1.2548413118945,7.23419470800127e-12,0.999997853973116,0.999999999237769
"652","Gla",5.70294006696717e-16,-1.25647687555014,7.03660937605554e-12,0.999997883482894,0.999999999237769
"2139","Hmgxb3",5.54979097990913e-16,-1.25968826746808,6.66375591511422e-12,0.999997940320711,0.999999999237769
"653","Ccdc57",5.2977313702352e-16,-1.26515928036493,6.072194770494e-12,0.999998033866929,0.999999999237769
"525","Spp1",5.27856636793815e-16,-1.26558518966962,6.0283408553869e-12,0.999998040979586,0.999999999237769
"432","Wnt5a",5.21986983213576e-16,-1.26689870243553,5.89501852035012e-12,0.999998062763476,0.999999999237769
"1845","Zfp758",5.17526686226722e-16,-1.26790612529889,5.7947049220255e-12,0.999998079316859,0.999999999237769
"1276","1700024P16Rik",4.96001762058191e-16,-1.2728853132676,5.32270339798548e-12,0.999998159201742,0.999999999237769
"1078","5430402O13Rik",4.93787737232817e-16,-1.27340890764367,5.27529108356101e-12,0.999998167418594,0.999999999237769
"1947","Zfp870",4.87337486585469e-16,-1.27494697561804,5.13837109324283e-12,0.999998191357239,0.999999999237769
"1436","Grik5",4.57555559895413e-16,-1.28230573129781,4.529533765901e-12,0.999998301886118,0.999999999237769
"2045","Pigo",4.53202361301976e-16,-1.2834187956751,4.44375549947936e-12,0.99999831804203,0.999999999237769
"1921","Prmt10",4.44430870048736e-16,-1.28569236179804,4.27340705018444e-12,0.999998350595434,0.999999999237769
"120","A330041J22Rik",4.24324983688065e-16,-1.29106682537315,3.89549843289125e-12,0.999998425213879,0.999999999237769
"1607","Tmprss2",3.99681053044544e-16,-1.29799009217543,3.45615291636547e-12,0.999998516674249,0.999999999237769
"1824","Mbip",3.83059925300797e-16,-1.30288935526241,3.17467496230419e-12,0.999998578359802,0.999999999237769
"1421","Nt5dc2",3.80133804073758e-16,-1.30377244902976,3.12635874390966e-12,0.999998589219439,0.999999999237769
"423","Dhx35",3.79630183979772e-16,-1.30392508270736,3.11808032151356e-12,0.999998591088511,0.999999999237769
"980","Zfp760",3.68646098957009e-16,-1.30730219557866,2.94025578160277e-12,0.999998631853456,0.999999999237769
"1620","Rasl11b",3.50447789649508e-16,-1.31311081390407,2.65712801205665e-12,0.999998699392361,0.999999999237769
"135","Snhg7",3.32384408681001e-16,-1.31916318603683,2.39027085140359e-12,0.999998766430511,0.999999999237769
"588","Sytl4",3.30776851245313e-16,-1.31971667470182,2.36720595681436e-12,0.999998772396596,0.999999999237769
"1373","Tanc2",3.25926307705603e-16,-1.3214021613673,2.29828911928398e-12,0.99999879039829,0.999999999237769
"1881","Gbp11",3.08990986670608e-16,-1.32747731718697,2.06565338906243e-12,0.999998853249901,0.999999999237769
"83","Sla2",2.53937018007225e-16,-1.3496461703354,1.39514021759934e-12,0.999999057570243,0.999999999237769
"624","Shank2",2.43229651516601e-16,-1.35447717302561,1.27996726491557e-12,0.999999097308209,0.999999999237769
"1651","1810014B01Rik",2.3204517073152e-16,-1.35974129224694,1.16495968535982e-12,0.999999138816878,0.999999999237769
"686","Pik3ap1",2.24949492102781e-16,-1.3632057813982,1.09480270419239e-12,0.999999165150883,0.999999999237769
"698","Osgin2",2.17144842099726e-16,-1.36713685078937,1.02015194845474e-12,0.999999194116075,0.999999999237769
"1004","Mtmr9",1.98897852194498e-16,-1.37687106325223,8.5590588874143e-13,0.999999261835647,0.999999999237769
"2770","Atpaf1",1.89716305080233e-16,-1.38209053652718,7.7870890840636e-13,0.999999295910881,0.999999999237769
"721","BC024139",1.69838631409732e-16,-1.39425419187068,6.24077881556348e-13,0.999999369682367,0.999999999237769
"255","P2ry4",1.68925320205647e-16,-1.39484463529847,6.17383941743542e-13,0.999999373071914,0.999999999237769
"360","A830010M20Rik",1.62449503501405e-16,-1.39911914810352,5.7095595145015e-13,0.999999397105442,0.999999999237769
"2179","Ankrd26",1.61526885242753e-16,-1.39974110815777,5.64488975694397e-13,0.999999400529531,0.999999999237769
"1010","Grhl1",1.41098279991244e-16,-1.41444219926133,4.30734111836857e-13,0.999999476345675,0.999999999237769
"2710","Pign",1.17940260349321e-16,-1.43374479181564,3.00946981596236e-13,0.999999562291422,0.999999999237769
"1385","Spred2",1.15656555368023e-16,-1.43583708577728,2.89405202838196e-13,0.999999570766876,0.999999999237769
"1674","Snhg11",1.1348296527618e-16,-1.43786480240362,2.78629552919305e-13,0.999999578833664,0.999999999237769
"2101","Gm19522",1.0966756888963e-16,-1.44151388871177,2.60208967748616e-13,0.999999592993644,0.999999999237769
"2317","Pcsk4",9.88441785113377e-17,-1.45255372995817,2.11382008576945e-13,0.999999633162207,0.999999999237769
"1618","Zfp930",9.39778223063355e-17,-1.45789196592503,1.91080593647381e-13,0.999999651222587,0.999999999237769
"506","4930579G22Rik",9.31877937732477e-17,-1.45878297718619,1.8788144313937e-13,0.999999654154599,0.999999999237769
"42","Ube2t",9.09999638573417e-17,-1.46128795116555,1.79162975804801e-13,0.999999662274234,0.999999999237769
"2194","Foxp2",9.07924681389722e-17,-1.46152844976399,1.78346861919896e-13,0.999999663044308,0.999999999237769
"549","Trim13",8.67341388265869e-17,-1.46633896547301,1.62759358383745e-13,0.999999678105878,0.999999999237769
"337","Kcnn1",8.59594131793678e-17,-1.46728122282236,1.59864749548749e-13,0.999999680981097,0.999999999237769
"1706","Zswim1",8.51941652234122e-17,-1.46821980535856,1.57031048770724e-13,0.999999683821142,0.999999999237769
"1282","Rab2b",8.18740263623136e-17,-1.47238578287289,1.45030092667546e-13,0.999999696143085,0.999999999237769
"805","1810010H24Rik",8.04568826841001e-17,-1.47421240978987,1.40052940347516e-13,0.999999701402493,0.999999999237769
"224","Trdmt1",7.85343394599866e-17,-1.47673931566828,1.3343968810262e-13,0.999999708537577,0.999999999237769
"2991","Ccdc51",7.72197404109609e-17,-1.47850078737576,1.29009740668727e-13,0.999999713416414,0.999999999237769
"471","Hspbap1",7.39177654650893e-17,-1.48305240504679,1.18212523109203e-13,0.999999725670947,0.999999999237769
"1536","2810408I11Rik",7.31539506670178e-17,-1.48413241781749,1.15782093453364e-13,0.999999728505672,0.999999999237769
"481","8430429K09Rik",7.2115809516957e-17,-1.48561740280529,1.1251924086607e-13,0.999999732358498,0.999999999237769
"62","Lenep",7.16115564026713e-17,-1.48634594916977,1.10951212615065e-13,0.999999734229919,0.999999999237769
"2611","Chd1l",7.15744086218796e-17,-1.4863998105111,1.10836132800728e-13,0.999999734367785,0.999999999237769
"891","Ccdc138",7.092354257144e-17,-1.48734779373723,1.08829508502381e-13,0.999999736783327,0.999999999237769
"101","E230016M11Rik",7.07134503484561e-17,-1.48765553457712,1.08185706235323e-13,0.999999737563037,0.999999999237769
"49","Plin4",6.98737019411944e-17,-1.48889421504395,1.05631472418818e-13,0.999999740679573,0.999999999237769
"316","Mppe1",6.94264532777818e-17,-1.48955964442022,1.0428354508782e-13,0.999999742339435,0.999999999237769
"1","Beta-s",6.92243886178627e-17,-1.48986160160343,1.03677397051133e-13,0.999999743089352,0.999999999237769
"351","Mup10",6.88404092839444e-17,-1.49043768979527,1.02530414951846e-13,0.999999744514405,0.999999999237769
"508","Tigd5",6.78773580550951e-17,-1.4918959323459,9.96817578544984e-14,0.999999748088551,0.999999999237769
"16","Zfp446",6.71676561172659e-17,-1.49298302876997,9.76081798691566e-14,0.999999750722449,0.999999999237769
"2576","Sipa1l3",6.52460448074685e-17,-1.49598147987071,9.21030914609375e-14,0.999999757854075,0.999999999237769
"77","Nxn",6.45451200458498e-17,-1.49709584513136,9.01348319425031e-14,0.999999760455398,0.999999999237769
"1548","Mypop",6.38987390483303e-17,-1.49813359997809,8.8338577920851e-14,0.999999762854295,0.999999999237769
"572","Serpine1",6.36916003400461e-17,-1.49846824187797,8.77667769559419e-14,0.999999763623044,0.999999999237769
"290","Clic3",6.2634212597323e-17,-1.50019256807507,8.48768144984134e-14,0.999999767547299,0.999999999237769
"2820","Zfp750",6.24935851330229e-17,-1.5004239490879,8.44961084519091e-14,0.999999768069206,0.999999999237769
"1017","Rd3",6.06061264139784e-17,-1.50357766178798,7.94692075396084e-14,0.999999775074081,0.999999999237769
"636","Hspa1a",5.62553789214499e-17,-1.51121327519082,6.84689923142803e-14,0.999999791220896,0.999999999237769
"2442","Saa2",5.60917140877848e-17,-1.51151119612028,6.80711755867593e-14,0.999999791828301,0.999999999237769
"1199","F3",5.51275012732419e-17,-1.513283092029,6.57510122837981e-14,0.999999795406759,0.999999999237769
"263","Arhgef9",5.51092576826588e-17,-1.51331689695423,6.57075009314908e-14,0.999999795474465,0.999999999237769
"438","Thumpd2",5.42581202400738e-17,-1.51490581885347,6.36935294165739e-14,0.999999798633269,0.999999999237769
"1704","Scmh1",5.33385315808845e-17,-1.51664901872628,6.1552817673174e-14,0.999999802046114,0.999999999237769
"1125","2410089E03Rik",5.235265987012e-17,-1.51854945882449,5.92984485570942e-14,0.999999805704954,0.999999999237769
"695","Fam101b",5.22082710295728e-17,-1.5188306073274,5.89718089100284e-14,0.999999806240821,0.999999999237769
"2387","Kdm4b",5.2072460769014e-17,-1.51909571832659,5.86653992307771e-14,0.99999980674485,0.999999999237769
"1429","1700007L15Rik",5.13817820027642e-17,-1.52045408870309,5.71194677595542e-14,0.999999809308148,0.999999999237769
"855","Fam110c",5.08647775703131e-17,-1.52148214518154,5.59757765116695e-14,0.999999811226893,0.999999999237769
"742","Grk4",5.02068204022248e-17,-1.5228047514866,5.45370025075562e-14,0.999999813668752,0.999999999237769
"998","Gm1943",5.00774469652213e-17,-1.52306672553314,5.42563016433845e-14,0.999999814148892,0.999999999237769
"1293","Rsph3a",4.96937424791733e-17,-1.52384745605768,5.34280394195281e-14,0.999999815572924,0.999999999237769
"164","S100a8",4.94076168240967e-17,-1.52443333003295,5.28145568343421e-14,0.999999816634815,0.999999999237769
"856","Tmem120b",4.82547469044954e-17,-1.52682666282464,5.03785788063297e-14,0.999999820913431,0.999999999237769
"1654","Aifm3",4.78744992392213e-17,-1.52762782103269,4.95877400940475e-14,0.999999822324634,0.999999999237769
"909","Ccdc66",4.7868659021953e-17,-1.52764017248404,4.95756424004433e-14,0.999999822346308,0.999999999237769
"1141","Cspg5",4.65517799482081e-17,-1.53046197911742,4.6885484702763e-14,0.999999827233607,0.999999999237769
"1738","Pkhd1",4.64023462325511e-17,-1.5307869019122,4.65849579799547e-14,0.999999827788196,0.999999999237769
"1166","Zfp319",4.58609769883836e-17,-1.53197230997888,4.55042994140453e-14,0.999999829797366,0.999999999237769
"958","1700052K11Rik",4.55507686225505e-17,-1.53265748567788,4.48907898521796e-14,0.999999830948634,0.999999999237769
"515","Upk3a",4.53695536348275e-17,-1.5330597738961,4.45343215579889e-14,0.999999831621172,0.999999999237769
"2373","Srgap3",4.44520423710479e-17,-1.53512002572776,4.27512942292029e-14,0.999999835026308,0.999999999237769
"1951","Ppm1d",4.4324850353447e-17,-1.53540877493661,4.25069930156872e-14,0.999999835498352,0.999999999237769
"1574","Ssh3",4.42217946204874e-17,-1.5356433008551,4.23095644026795e-14,0.99999983588082,0.999999999237769
"2113","Fam109a",4.32695260422252e-17,-1.53783498277251,4.05070022258881e-14,0.999999839414949,0.999999999237769
"1023","Areg",4.29955782353341e-17,-1.53847386532716,3.99957104499446e-14,0.999999840431644,0.999999999237769
"1760","Rfx1",4.29710122909698e-17,-1.53853134276056,3.99500196255256e-14,0.999999840522815,0.999999999237769
"1820","1110008J03Rik",4.20153528898668e-17,-1.54079158515514,3.81928316645345e-14,0.999999844069529,0.999999999237769
"692","Pstpip2",4.18894389241019e-17,-1.54109297368024,3.79642578403668e-14,0.99999984453683,0.999999999237769
"1443","Igfbp5",4.17270638396045e-17,-1.54148289267944,3.76705082856096e-14,0.999999845139449,0.999999999237769
"1530","Sprr1a",4.16573128039865e-17,-1.54165082629861,3.75446733665377e-14,0.999999845398314,0.999999999237769
"1730","Limk2",4.12307594642659e-17,-1.54268357692842,3.67797265993456e-14,0.99999984698137,0.999999999237769
"928","Cldn4",4.11728821278932e-17,-1.54282447819135,3.66765406015906e-14,0.999999847196169,0.999999999237769
"1928","4930455F23Rik",4.11544366519358e-17,-1.54286942238724,3.66436857382403e-14,0.999999847264625,0.999999999237769
"573","2610020H08Rik",4.10707825084795e-17,-1.54307349128549,3.64948667580698e-14,0.999999847575088,0.999999999237769
"1447","Klhl18",4.06269915418888e-17,-1.54416265441426,3.57104361896837e-14,0.999999849222118,0.999999999237769
"291","Aqp4",4.05432559339858e-17,-1.54436941114644,3.55633835329216e-14,0.999999849532884,0.999999999237769
"2109","Asap3",4.05097827603966e-17,-1.54445217388917,3.55046843550582e-14,0.999999849657112,0.999999999237769
"1572","Cnnm4",3.9931661638889e-17,-1.54589179725316,3.44985302018273e-14,0.999999851802677,0.999999999237769
"80","Krt4",3.95678687556039e-17,-1.54680776048137,3.38728036417669e-14,0.999999853152812,0.999999999237769
"1228","Ar",3.94654572862972e-17,-1.54706703848958,3.36976881033324e-14,0.999999853532889,0.999999999237769
"326","Tubgcp4",3.94389642388668e-17,-1.54713421442422,3.36524609675615e-14,0.999999853631212,0.999999999237769
"1705","Prss53",3.92583565237766e-17,-1.54759329543897,3.33449489639175e-14,0.999999854301497,0.999999999237769
"358","Mtmr11",3.9217462463478e-17,-1.54769751775773,3.32755166054795e-14,0.999999854453266,0.999999999237769
"1490","Nup107",3.91271907653638e-17,-1.54792794491162,3.31225041437564e-14,0.999999854788289,0.999999999237769
"48","Dnmt3l",3.89808606533967e-17,-1.54830252791935,3.28752205316113e-14,0.99999985533136,0.999999999237769
"579","Tmc7",3.86308318078962e-17,-1.5492039272657,3.22874648753472e-14,0.999999856630413,0.999999999237769
"91","Gm8994",3.84733411851036e-17,-1.549612000787,3.20247416837515e-14,0.999999857214904,0.999999999237769
"1114","Krt23",3.82325398222511e-17,-1.55023897984221,3.1625115964871e-14,0.999999858108583,0.999999999237769
"1984","Hlcs",3.80017557402158e-17,-1.55084336237486,3.12444692641164e-14,0.999999858965086,0.999999999237769
"295","Gm20324",3.78405381566101e-17,-1.55126760844548,3.09799302716792e-14,0.999999859563409,0.999999999237769
"2137","Flt3l",3.67842090970113e-17,-1.55409003595553,2.92744451769513e-14,0.999999863483735,0.999999999237769
"87","Ikzf2",3.6732780536586e-17,-1.55422938169418,2.91926443092048e-14,0.9999998636746,0.999999999237769
"1438","Jag1",3.65453667727073e-17,-1.554738732655,2.88955175330102e-14,0.999999864370144,0.999999999237769
"672","Camk2b",3.646120912004e-17,-1.55496825290075,2.8762588017739e-14,0.999999864682476,0.999999999237769
"1030","Lrtm1",3.58260768503902e-17,-1.55671662850314,2.77692617370732e-14,0.999999867039626,0.999999999237769
"589","Tes",3.57433501549017e-17,-1.55694649285943,2.76411647117652e-14,0.999999867346647,0.999999999237769
"1255","Ppp4r4",3.55460728474199e-17,-1.55749666767098,2.73368884590453e-14,0.999999868078797,0.999999999237769
"1363","Fxyd3",3.51327185224902e-17,-1.55865879488794,2.67048006301199e-14,0.999999869612868,0.999999999237769
"507","1700056E22Rik",3.48937242568399e-17,-1.55933658124291,2.63427115947914e-14,0.999999870499842,0.999999999237769
"1985","Depdc5",3.46529782075554e-17,-1.56002375218846,2.59804673123618e-14,0.999999871393316,0.999999999237769
"1347","C330013E15Rik",3.42370477367056e-17,-1.56122157909332,2.53605369410517e-14,0.999999872936948,0.999999999237769
"1258","Cpsf4l",3.41841677456404e-17,-1.56137484356623,2.52822574513783e-14,0.9999998731332,0.999999999237769
"2949","Szt2",3.41584729688636e-17,-1.56144939619655,2.52442645524471e-14,0.99999987322856,0.999999999237769
"32","Klf5",3.40086897314856e-17,-1.56188503764596,2.50233602072524e-14,0.999999873784447,0.999999999237769
"254","4930404H11Rik",3.37615240561219e-17,-1.56260786437745,2.4660956324446e-14,0.999999874701746,0.999999999237769
"1833","Uty",3.37109409353052e-17,-1.56275640443564,2.45871152470664e-14,0.999999874889474,0.999999999237769
"781","Gata3",3.3678988131396e-17,-1.56285034333897,2.45405277046669e-14,0.99999987500806,0.999999999237769
"2874","Inpp1",3.3372261351987e-17,-1.56375637474984,2.40955641946228e-14,0.999999876146407,0.999999999237769
"1986","Krba1",3.33704883080691e-17,-1.56376163476243,2.40930039031168e-14,0.999999876152987,0.999999999237769
"219","Brca2",3.30732425145523e-17,-1.56464718804897,2.36657012836779e-14,0.999999877256147,0.999999999237769
"1419","Acvr2b",3.30552512346698e-17,-1.56470102687928,2.36399608109855e-14,0.999999877322918,0.999999999237769
"656","C230052I12Rik",3.2791525309591e-17,-1.5654933959639,2.32642504503537e-14,0.999999878301677,0.999999999237769
"1251","Zbtb9",3.27579267916829e-17,-1.56559477221242,2.32166013161473e-14,0.99999987842637,0.999999999237769
"296","Sox13",3.2753624950653e-17,-1.56560775912777,2.32105040090186e-14,0.999999878442336,0.999999999237769
"454","Col12a1",3.25167390107157e-17,-1.56632538007487,2.28759847343119e-14,0.999999879321484,0.999999999237769
"261","Tmem181a",3.24839037134105e-17,-1.56642523784141,2.28298078707336e-14,0.999999879443345,0.999999999237769
"1632","Snhg4",3.20919127944137e-17,-1.56762471704806,2.22821469655794e-14,0.99999988089813,0.999999999237769
"1172","Tubd1",3.20010028705277e-17,-1.56790486083254,2.21560841071558e-14,0.999999881235522,0.999999999237769
"397","Gm15706",3.14649769648677e-17,-1.56957198785431,2.14200590557835e-14,0.999999883224861,0.999999999237769
"1156","Ercc6",3.11519335195005e-17,-1.57055796706984,2.09959651047001e-14,0.999999884386651,0.999999999237769
"322","Kbtbd11",3.09807411962179e-17,-1.57110110168231,2.0765836733749e-14,0.999999885021992,0.999999999237769
"536","Itpka",3.09293960465597e-17,-1.57126455106423,2.06970623007824e-14,0.999999885212548,0.999999999237769
"194","Obfc1",3.08121005181961e-17,-1.57163890016461,2.05403783781534e-14,0.999999885647864,0.999999999237769
"411","Cdca7",3.05350397190663e-17,-1.5725284755363,2.01726431531293e-14,0.999999886676112,0.999999999237769
"192","BC048403",3.05155248245853e-17,-1.57259141821555,2.0146866785377e-14,0.999999886748538,0.999999999237769
"114","Pcid2",3.03921100840361e-17,-1.57299035249138,1.99842353114738e-14,0.999999887206563,0.999999999237769
"1230","Gm20199",3.03363619513348e-17,-1.57317105500499,1.99109885366269e-14,0.99999988741346,0.999999999237769
"994","Trim3",2.98398288243205e-17,-1.57479440574785,1.92645328666371e-14,0.99999988925623,0.999999999237769
"1058","Cntrob",2.93486488142999e-17,-1.57642537725016,1.86355429533081e-14,0.999999891079134,0.999999999237769
"1037","A430035B10Rik",2.9240683867979e-17,-1.57678730696276,1.84986859102789e-14,0.999999891479821,0.999999999237769
"801","Klf16",2.88876067839179e-17,-1.57797973853946,1.80546450750306e-14,0.999999892790187,0.999999999237769
"2155","Sec22c",2.8848504640944e-17,-1.57811263617681,1.80058007719535e-14,0.999999892935306,0.999999999237769
"1281","Thada",2.85227760904155e-17,-1.57922631211805,1.76014891742526e-14,0.999999894144173,0.999999999237769
"238","LOC100642166",2.84370393481856e-17,-1.57952143169031,1.74958314192955e-14,0.999999894462366,0.999999999237769
"2431","Mup8",2.81901294651462e-17,-1.58037602122121,1.71933287925943e-14,0.999999895378716,0.999999999237769
"772","Wasf1",2.81556915366369e-17,-1.58049577315937,1.71513466539068e-14,0.999999895506525,0.999999999237769
"1121","Tmem189",2.7850721836339e-17,-1.58156228867499,1.67818076515053e-14,0.999999896638351,0.999999999237769
"1598","Lhx6",2.77371504081545e-17,-1.5819622626653,1.66452188905328e-14,0.999999897059845,0.999999999237769
"2063","Ly6d",2.77224638781883e-17,-1.58201409756521,1.66275966198383e-14,0.999999897114351,0.999999999237769
"190","8030462N17Rik",2.75280889758018e-17,-1.58270256483344,1.63952466374415e-14,0.999999897835729,0.999999999237769
"1207","Phlpp2",2.72725626366747e-17,-1.58361459781383,1.60922852904202e-14,0.999999898784058,0.999999999237769
"654","2310079F23Rik",2.7031431674536e-17,-1.58448263062229,1.58089826764018e-14,0.999999899678961,0.999999999237769
"1716","Mtx3",2.69602384758031e-17,-1.58474030358389,1.57258194948128e-14,0.999999899943178,0.999999999237769
"201","Lrrc20",2.69529057267656e-17,-1.58476687959581,1.57172663207624e-14,0.999999899970392,0.999999999237769
"502","Fam83g",2.67909456421179e-17,-1.585355605685,1.55289436485019e-14,0.99999990057147,0.999999999237769
"943","Itga3",2.67247043455249e-17,-1.58559735564421,1.54522471641795e-14,0.99999990081731,0.999999999237769
"203","9430037G07Rik",2.6689941193384e-17,-1.58572444995867,1.54120731408492e-14,0.999999900946325,0.999999999237769
"1286","Nhej1",2.66657484122148e-17,-1.585812990585,1.5384145621453e-14,0.999999901036111,0.999999999237769
"2669","Pias4",2.6658442953885e-17,-1.58583974187803,1.53757173682595e-14,0.999999901063224,0.999999999237769
"2149","Fam198a",2.64590246874995e-17,-1.58657264457866,1.51465419007139e-14,0.99999990180332,0.999999999237769
"1257","Hs3st6",2.62551593007335e-17,-1.58732726655852,1.49140344839137e-14,0.99999990255992,0.999999999237769
"1962","Sox12",2.61115155337656e-17,-1.5878622815858,1.4751289500145e-14,0.999999903093021,0.999999999237769
"960","Wnk4",2.60043620196144e-17,-1.58826318589713,1.46304685348692e-14,0.999999903490697,0.999999999237769
"2114","Sesn3",2.58918720354486e-17,-1.58868572665046,1.45041649937541e-14,0.999999903908178,0.999999999237769
"1764","2610034B18Rik",2.57881406359306e-17,-1.58907689670001,1.43881808351271e-14,0.999999904293154,0.999999999237769
"887","Senp8",2.57790504075517e-17,-1.58911124615551,1.43780390571865e-14,0.99999990432689,0.999999999237769
"1057","Rhobtb3",2.56852527576171e-17,-1.58946634642364,1.42735997741594e-14,0.999999904674999,0.999999999237769
"1969","Slc16a6",2.56480914935435e-17,-1.58960736847162,1.4232327740928e-14,0.999999904812914,0.999999999237769
"1404","Krt15",2.56317514500793e-17,-1.58966943742992,1.42141990801996e-14,0.999999904873557,0.999999999237769
"1657","Rpph1",2.5571608132428e-17,-1.5898982167671,1.41475718643463e-14,0.999999905096765,0.999999999237769
"1432","Brdt",2.53133274005715e-17,-1.59088646425921,1.38632259027759e-14,0.999999906055316,0.999999999237769
"412","Tacstd2",2.52729899786399e-17,-1.59104165866691,1.38190783097938e-14,0.999999906205019,0.999999999237769
"52","Rab25",2.50500768599878e-17,-1.59190350807825,1.35763789918097e-14,0.99999990703231,0.999999999237769
"285","Zfp354b",2.46385513405635e-17,-1.59351366091753,1.31339744200462e-14,0.999999908559594,0.999999999237769
"540","Cdk1",2.46216498617567e-17,-1.59358032830664,1.31159613924597e-14,0.99999990862232,0.999999999237769
"2958","Cd320",2.4543965906278e-17,-1.59388730349972,1.30333274181017e-14,0.999999908910627,0.999999999237769
"1433","Ces4a",2.44515320372111e-17,-1.59425375382104,1.29353438759553e-14,0.999999909253674,0.999999999237769
"586","Slc18a1",2.44142344129157e-17,-1.59440198677115,1.28959116119808e-14,0.999999909392096,0.999999999237769
"2186","2400009B08Rik",2.40761700701261e-17,-1.59575533741711,1.25412444330519e-14,0.999999910646745,0.999999999237769
"767","2810422O20Rik",2.40496407200549e-17,-1.59586229351443,1.25136214550601e-14,0.999999910745203,0.999999999237769
"561","1810064F22Rik",2.38535986764549e-17,-1.59665610715274,1.23104419342698e-14,0.999999911472768,0.999999999237769
"317","Slc22a4",2.3758531696238e-17,-1.59704325810236,1.22125125236935e-14,0.999999911825588,0.999999999237769
"726","Map3k8",2.37335748234906e-17,-1.59714513329807,1.21868690163118e-14,0.99999991191821,0.999999999237769
"1190","Entpd2",2.33950645198306e-17,-1.59853696394525,1.18417072988171e-14,0.999999913174514,0.999999999237769
"225","Klhl15",2.3359597603844e-17,-1.59868388243722,1.18058304594071e-14,0.999999913306141,0.999999999237769
"97","Zdhhc24",2.3085440650287e-17,-1.59982666425434,1.15303413607951e-14,0.999999914323613,0.999999999237769
"2330","Ankrd39",2.28750726614638e-17,-1.60071221546028,1.13211564505632e-14,0.999999915104346,0.999999999237769
"1330","Il22ra1",2.26947899960522e-17,-1.60147722063765,1.11434113994919e-14,0.999999915773424,0.999999999237769
"852","Trpt1",2.26595936939111e-17,-1.60162723614651,1.11088745963931e-14,0.999999915904048,0.999999999237769
"475","2010002N04Rik",2.26516079833846e-17,-1.60166130367485,1.11010459807542e-14,0.999999915933685,0.999999999237769
"617","2810055G20Rik",2.26097793311435e-17,-1.6018399315008,1.10600852627841e-14,0.999999916088922,0.999999999237769
"1116","Haus3",2.25246877301488e-17,-1.60220427090744,1.09769929511374e-14,0.999999916404721,0.999999999237769
"903","Nutf2",2.24508047255125e-17,-1.60252166670776,1.09051000012689e-14,0.999999916678921,0.999999999237769
"1287","Gm16062",2.23854565778276e-17,-1.60280321493717,1.0841708870176e-14,0.999999916921445,0.999999999237769
"984","6030446N20Rik",2.22425970900394e-17,-1.60342141019013,1.07037712074295e-14,0.999999917451636,0.999999999237769
"278","Tmem79",2.21187391485651e-17,-1.60396040163487,1.05848951742074e-14,0.999999917911307,0.999999999237769
"1628","2610015P09Rik",2.20911653559545e-17,-1.60408077944047,1.05585208154603e-14,0.999999918013641,0.999999999237769
"2207","Dhx58",2.16218618318998e-17,-1.60615150668302,1.01146766390157e-14,0.999999919755354,0.999999999237769
"1483","Amot",2.16146944603954e-17,-1.60618345722433,1.01079719777805e-14,0.999999919781955,0.999999999237769
"1269","Krt19",2.15045399633917e-17,-1.60667575538082,1.0005208427308e-14,0.999999920190768,0.999999999237769
"824","B230206F22Rik",2.14204469186475e-17,-1.60705317535094,9.92711111718506e-15,0.99999992050286,0.999999999237769
"907","Grk5",2.13814512034728e-17,-1.6072286648097,9.89099959908825e-15,0.999999920647584,0.999999999237769
"2147","Glt1d1",2.09306506465928e-17,-1.60927945688875,9.47831822221984e-15,0.999999922320628,0.999999999237769
"1381","Ttc8",2.09159024047465e-17,-1.60934724744942,9.46496562438511e-15,0.999999922375363,0.999999999237769
"1731","1600029D21Rik",2.08523452164009e-17,-1.60963990308531,9.40753060671118e-15,0.999999922611241,0.999999999237769
"770","BC052040",2.08427688039567e-17,-1.60968407117484,9.39889179843432e-15,0.999999922646782,0.999999999237769
"240","H2-Q7",2.01541893043817e-17,-1.61291089586408,8.78813044271356e-15,0.999999925202289,0.999999999237769
"246","Uggt2",2.01298572783026e-17,-1.61302680247467,8.76692354262339e-15,0.999999925292592,0.999999999237769
"88","Crkl",2.01273839603895e-17,-1.61303859158322,8.76476932397765e-15,0.999999925301771,0.999999999237769
"1021","Pawr",2.00754526537764e-17,-1.61328643726464,8.71959914885915e-15,0.999999925494502,0.999999999237769
"1000","Ftsjd1",2.00019833909623e-17,-1.61363810342076,8.65589445404512e-15,0.999999925767167,0.999999999237769
"1853","Pms1",1.99184550509798e-17,-1.61403939284208,8.58375132407825e-15,0.999999926077163,0.999999999237769
"1822","Dyrk2",1.98846309497375e-17,-1.61420234077397,8.55462344666946e-15,0.999999926202694,0.999999999237769
"641","Aplf",1.98759453528398e-17,-1.61424422566995,8.54715176831487e-15,0.999999926234928,0.999999999237769
"2528","Spg11",1.98296867773096e-17,-1.61446758982675,8.507413384759e-15,0.999999926406607,0.999999999237769
"2195","S100a6",1.9796484796815e-17,-1.61462821038721,8.47894833591968e-15,0.999999926529828,0.999999999237769
"452","0610009L18Rik",1.9687508245402e-17,-1.61515718555403,8.38585470813939e-15,0.99999992693427,0.999999999237769
"185","Nek8",1.96586760017086e-17,-1.61529759746168,8.36131062073197e-15,0.999999927041274,0.999999999237769
"96","Gm3833",1.93578243701625e-17,-1.61677436840294,8.1073499233935e-15,0.999999928157817,0.999999999237769
"1427","4833422C13Rik",1.92955685526857e-17,-1.61708264595488,8.05528641994212e-15,0.999999928388865,0.999999999237769
"1351","Mycl1",1.92943935556944e-17,-1.61708847325489,8.05430540203641e-15,0.999999928393226,0.999999999237769
"368","Chrna2",1.8872919356206e-17,-1.61920052035894,7.7062660050717e-15,0.999999929957432,0.999999999237769
"106","Hddc3",1.87672432338227e-17,-1.61973700797444,7.62020742275561e-15,0.999999930349625,0.999999999237769
"66","Il33",1.87617911360715e-17,-1.61976476352446,7.61578055191199e-15,0.999999930369859,0.999999999237769
"618","Dqx1",1.85620928497792e-17,-1.62078663699124,7.45452042531337e-15,0.999999931110994,0.999999999237769
"1145","Mfsd7c",1.84008504319182e-17,-1.62161928066977,7.3255732968243e-15,0.999999931709409,0.999999999237769
"722","Fam151b",1.80884443616767e-17,-1.62325218203939,7.07894053764764e-15,0.999999932868833,0.999999999237769
"715","B630019K06Rik",1.78213639487916e-17,-1.62466928389327,6.87143917484898e-15,0.999999933860042,0.999999999237769
"14","Cd24a",1.77979970917002e-17,-1.62479421200622,6.85343172331205e-15,0.999999933946763,0.999999999237769
"79","Upk2",1.77363358443229e-17,-1.62512461658926,6.80602648864915e-15,0.999999934175605,0.999999999237769
"31","Epcam",1.77318389870875e-17,-1.6251487546047,6.80257573649247e-15,0.999999934192294,0.999999999237769
"2584","Vti1a",1.75622011446922e-17,-1.62606354805826,6.67303989735294e-15,0.999999934821866,0.999999999237769
"792","Cep135",1.75428006353742e-17,-1.62616869534343,6.65830497137422e-15,0.999999934893867,0.999999999237769
"2213","Gm4956",1.7494824522223e-17,-1.62642918636303,6.62193645792314e-15,0.999999935071919,0.999999999237769
"1535","Serpinb8",1.73836962007229e-17,-1.62703515126743,6.53807765867588e-15,0.999999935484347,0.999999999237769
"646","Lmo1",1.71287951451728e-17,-1.62843892653454,6.34774479923428e-15,0.999999936430354,0.999999999237769
"1460","1810019J16Rik",1.69436789568323e-17,-1.62947072255706,6.21128211897741e-15,0.999999937117371,0.999999999237769
"2503","Vaultrc5",1.66783333309136e-17,-1.63096829191392,6.01826249598086e-15,0.999999938102141,0.999999999237769
"354","1810046K07Rik",1.66516822231186e-17,-1.63111993941245,5.99904412335093e-15,0.999999938201051,0.999999999237769
"1458","Zkscan6",1.66363734544021e-17,-1.63120715082572,5.98801871918717e-15,0.999999938257866,0.999999999237769
"616","Mfsd7a",1.66266698705615e-17,-1.63126246945319,5.98103543089209e-15,0.999999938293879,0.999999999237769
"1819","Lad1",1.65419317507868e-17,-1.63174683928761,5.9202258775969e-15,0.999999938608365,0.999999999237769
"1341","Zranb3",1.63812042226565e-17,-1.63267199868365,5.80573858405295e-15,0.999999939204869,0.999999999237769
"1309","Nle1",1.63736149862894e-17,-1.63271589308076,5.80036035724152e-15,0.999999939233035,0.999999999237769
"995","Alkbh4",1.62679833999572e-17,-1.63332883121668,5.72576169378788e-15,0.999999939625062,0.999999999237769
"968","Cad",1.61231945276875e-17,-1.63417507672338,5.62429400813469e-15,0.999999940162413,0.999999999237769
"630","Bbs10",1.61113555428303e-17,-1.63424458676116,5.61603739558468e-15,0.999999940206351,0.999999999237769
"798","Klhdc8b",1.60719474087788e-17,-1.63447630873822,5.58859750894994e-15,0.999999940352605,0.999999999237769
"691","1700030C10Rik",1.60042244171638e-17,-1.6348757713051,5.54159895526522e-15,0.999999940603944,0.999999999237769
"1555","C1qtnf4",1.57165492385427e-17,-1.63659048271179,5.34416948055016e-15,0.999999941671585,0.999999999237769
"231","Rpusd1",1.55300517962642e-17,-1.63771791490767,5.21809084798007e-15,0.999999942363728,0.999999999237769
"604","A830093I24Rik",1.54908475076982e-17,-1.63795653095932,5.1917788523262e-15,0.999999942509226,0.999999999237769
"1661","Smc2",1.54483384604916e-17,-1.63821590224572,5.16332401668956e-15,0.999999942666989,0.999999999237769
"2978","Nhsl1",1.54409676333901e-17,-1.63826094383957,5.15839806436895e-15,0.999999942694344,0.999999999237769
"43","Mir1192",1.53516447189882e-17,-1.63880838648186,5.09889007908474e-15,0.999999943025846,0.999999999237769
"1849","Itpkc",1.534448762665e-17,-1.63885238008696,5.09413687888632e-15,0.999999943052408,0.999999999237769
"2706","Cbx8",1.53245803430748e-17,-1.63897484855599,5.08092762132051e-15,0.999999943126289,0.999999999237769
"732","Cbr2",1.49102354755072e-17,-1.64155834453472,4.80988654166746e-15,0.999999944664036,0.999999999237769
"501","Bcorl1",1.47567497330337e-17,-1.64253247152125,4.71137042552536e-15,0.999999945233664,0.999999999237769
"2111","Sgsm3",1.45998932226517e-17,-1.64353786000037,4.61174394982332e-15,0.999999945815801,0.999999999237769
"570","Zbtb7c",1.45055864213234e-17,-1.6441472173208,4.55235801421568e-15,0.9999999461658,0.999999999237769
"470","AW011738",1.43838216987331e-17,-1.64493951199037,4.47625077723891e-15,0.999999946617702,0.999999999237769
"1890","Katnal1",1.43439082178485e-17,-1.64520058912686,4.45144306353224e-15,0.999999946765832,0.999999999237769
"683","Krt5",1.42604127544573e-17,-1.64574895019485,4.39977045934657e-15,0.999999947075706,0.999999999237769
"1747","Pop1",1.40935872637162e-17,-1.64685366449615,4.29743112827244e-15,0.999999947694841,0.999999999237769
"1996","Slc26a11",1.39221139413649e-17,-1.64800201329613,4.19349563369011e-15,0.999999948331226,0.999999999237769
"1110","Fst",1.39015669757434e-17,-1.64814050432264,4.18112681834249e-15,0.999999948407481,0.999999999237769
"2697","1500002O20Rik",1.3783208710007e-17,-1.64894202281111,4.11023347968154e-15,0.999999948846741,0.999999999237769
"274","Col4a5",1.35324959050253e-17,-1.65066138357897,3.96206536628267e-15,0.999999949777205,0.999999999237769
"395","Nat1",1.34638752530124e-17,-1.65113718437997,3.92198551898358e-15,0.999999950031875,0.999999999237769
"2467","Utp15",1.33358830902058e-17,-1.65203076420094,3.84777250267948e-15,0.999999950506889,0.999999999237769
"33","Spint1",1.32874079754003e-17,-1.65237129573099,3.8198505096651e-15,0.999999950686793,0.999999999237769
"340","Per3",1.31613309611391e-17,-1.65326245725081,3.74770543074141e-15,0.9999999511547,0.999999999237769
"1789","Pde8a",1.30663977669419e-17,-1.65393878226886,3.69383572485239e-15,0.999999951507023,0.999999999237769
"1249","Mob3a",1.30539194172326e-17,-1.65402802327243,3.68678390146908e-15,0.999999951553333,0.999999999237769
"249","Cpeb1",1.30070614203872e-17,-1.65436385196476,3.66036344581639e-15,0.999999951727236,0.999999999237769
"1070","Tmem198b",1.29322253310388e-17,-1.65490255870035,3.61836483334937e-15,0.999999952004973,0.999999999237769
"503","Pdss1",1.25696631654113e-17,-1.65755457763193,3.41832308002978e-15,0.999999953350541,0.999999999237769
"1196","Mal",1.22524800776129e-17,-1.65993417749943,3.24798367430347e-15,0.999999954527694,0.999999999237769
"1027","Ivl",1.21731310307812e-17,-1.66053850912084,3.20605095953341e-15,0.99999995482218,0.999999999237769
"1152","Srrm4",1.21537255897551e-17,-1.66068686544546,3.19583744196165e-15,0.999999954894199,0.999999999237769
"2712","Tmem69",1.21194725530041e-17,-1.66094927599109,3.177849067934e-15,0.999999955021321,0.999999999237769
"94","Etohd2",1.20394907802093e-17,-1.66156473051632,3.13604340176301e-15,0.999999955318155,0.999999999237769
"150","Vmn2r29",1.1852220869702e-17,-1.66302089620633,3.03924212285401e-15,0.999999956013165,0.999999999237769
"2483","Dhrs13",1.16662872966785e-17,-1.66448817922628,2.94463291360882e-15,0.999999956703216,0.999999999237769
"359","Chsy3",1.14227662274446e-17,-1.66644344567664,2.82298392570216e-15,0.999999957606989,0.999999999237769
"1549","Zfp963",1.13232220005164e-17,-1.66725397961356,2.77399626335173e-15,0.999999957976425,0.999999999237769
"1686","Zfhx2",1.1260783261188e-17,-1.66776580161374,2.74348775882999e-15,0.999999958208152,0.999999999237769
"2862","Zfp275",1.10189927904999e-17,-1.66977324398079,2.62693680570683e-15,0.999999959105503,0.999999999237769
"2086","Rps6kc1",1.07835124102331e-17,-1.6717684109684,2.51585908621041e-15,0.999999959979435,0.999999999237769
"269","Tmem17",1.0646224256446e-17,-1.67295056041872,2.45220654793217e-15,0.999999960488949,0.999999999237769
"1774","AW146154",1.05348027723288e-17,-1.67392053795395,2.40114643383924e-15,0.999999960902464,0.999999999237769
"720","Gm9895",1.04651363428306e-17,-1.67453191854573,2.36949397766968e-15,0.999999961161016,0.999999999237769
"148","Slc25a30",1.01793032578301e-17,-1.67708097302829,2.24182616356257e-15,0.99999996222182,0.999999999237769
"882","Synpo",9.98240190902825e-18,-1.67887628834943,2.15593632661435e-15,0.999999962952575,0.999999999237769
"1492","Slc13a2",9.93616713238372e-18,-1.67930266271033,2.13601158368412e-15,0.999999963124165,0.999999999237769
"109","Gm14023",9.86668781566197e-18,-1.67994690919656,2.10624361687594e-15,0.999999963382022,0.999999999237769
"1582","Ttf2",9.82239134598819e-18,-1.68035987280162,2.08737411880776e-15,0.999999963546418,0.999999999237769
"537","Mcph1",9.42012618887226e-18,-1.68419215145677,1.91990291750647e-15,0.999999965039334,0.999999999237769
"619","9130221H12Rik",9.24945232925418e-18,-1.68586469651337,1.85096354107897e-15,0.999999965672752,0.999999999237769
"2791","2010003K11Rik",9.229897851004e-18,-1.68605816844953,1.84314548546311e-15,0.999999965745324,0.999999999237769
"392","Mylpf",9.11218650079094e-18,-1.68723099127427,1.7964330129556e-15,0.999999966182183,0.999999999237769
"1150","Nek4",8.97471358333716e-18,-1.68861883423498,1.7426373682757e-15,0.999999966692382,0.999999999237769
"799","Xrcc3",8.86416599712394e-18,-1.68974939601621,1.6999712959031e-15,0.999999967102654,0.999999999237769
"1188","1110017F19Rik",8.836145465933e-18,-1.69003806037078,1.68924071829024e-15,0.999999967206646,0.999999999237769
"1554","Ppp1r9a",8.7527143827458e-18,-1.69090267041723,1.65749161980457e-15,0.999999967516282,0.999999999237769
"2797","Txnl4b",8.66895255811458e-18,-1.69177851924905,1.62591965109723e-15,0.999999967827145,0.999999999237769
"547","Gas2l3",8.57963207365044e-18,-1.69272128046814,1.59258696123754e-15,0.999999968158638,0.999999999237769
"138","A830080D01Rik",8.47690789569546e-18,-1.69381696443601,1.55467908636728e-15,0.999999968539875,0.999999999237769
"2286","Sh2d4a",8.4521428373498e-18,-1.69408297789388,1.54560844931692e-15,0.999999968631785,0.999999999237769
"592","D630032N06Rik",8.34391282893429e-18,-1.69525417461177,1.50627873198191e-15,0.999999969033456,0.999999999237769
"51","Catsper2",8.24826755353693e-18,-1.69630110851172,1.47194406732156e-15,0.999999969388422,0.999999999237769
"705","Zfp775",8.16195958708912e-18,-1.69725565603082,1.44130106571285e-15,0.999999969708735,0.999999999237769
"453","Csrnp2",8.15071180859919e-18,-1.69738075065359,1.43733136586842e-15,0.999999969750478,0.999999999237769
"1088","Crtc1",7.97138763269429e-18,-1.69939732252553,1.37478151669416e-15,0.999999970415999,0.999999999237769
"1647","Gpr110",7.93513617773629e-18,-1.69981014961689,1.36230576997418e-15,0.999999970550538,0.999999999237769
"367","Kbtbd8",7.84262507722522e-18,-1.70087172603393,1.33072628411348e-15,0.999999970893872,0.999999999237769
"546","Zfp46",7.832762004864e-18,-1.70098559799844,1.32738128258241e-15,0.999999970930477,0.999999999237769
"372","Fabp12",7.58783432711565e-18,-1.70385737692356,1.2456657038053e-15,0.999999971839471,0.999999999237769
"141","Mast1",7.43079181746142e-18,-1.70574480585663,1.1946371498845e-15,0.999999972422298,0.999999999237769
"759","Btbd19",7.39660412881002e-18,-1.70616064882391,1.18366983146521e-15,0.999999972549178,0.999999999237769
"1352","Slc25a14",7.36054323296689e-18,-1.70660123481921,1.17215640071558e-15,0.99999997268301,0.999999999237769
"1481","Krt7",7.20556528824774e-18,-1.70851807477776,1.12331599466944e-15,0.999999973258176,0.999999999237769
"601","Zfp324",7.19283713267003e-18,-1.70867721638863,1.1193509725889e-15,0.999999973305413,0.999999999237769
"218","Gm6525",6.86696443854415e-18,-1.71284428388165,1.02022373809963e-15,0.999999974514816,0.999999999237769
"1682","Zfp865",6.81800986033011e-18,-1.71348625244314,1.00572924183099e-15,0.9999999746965,0.999999999237769
"50","Rab27b",6.73273592818966e-18,-1.71461489228463,9.80728936362975e-16,0.999999975012975,0.999999999237769
"1332","Gm4890",6.69622383739354e-18,-1.71510225134386,9.70120658103388e-16,0.999999975148481,0.999999999237769
"242","Mblac1",6.49549159259836e-18,-1.71782695732894,9.12829943003588e-16,0.999999975893453,0.999999999237769
"633","Aqp3",5.99205756143086e-18,-1.72502433154264,7.76815318162368e-16,0.999999977761835,0.999999999237769
"1048","Syce2",5.78633923262549e-18,-1.7281299340497,7.24391940895349e-16,0.999999978525312,0.999999999237769
"737","Agbl3",5.75782139781387e-18,-1.72856859855481,7.17269239501667e-16,0.999999978631149,0.999999999237769
"1342","Abcc10",5.72029168842555e-18,-1.72914900063778,7.07949333583665e-16,0.999999978770432,0.999999999237769
"63","4933431E20Rik",5.69448936785115e-18,-1.72955011256583,7.01577092766595e-16,0.999999978866192,0.999999999237769
"809","Bdnf",5.48965020078401e-18,-1.7327963337392,6.52011374175961e-16,0.999999979626406,0.999999999237769
"41","Paqr5",5.4710908378215e-18,-1.73309604512361,6.4761019742685e-16,0.999999979695285,0.999999999237769
"1300","Zfp142",5.3163726299983e-18,-1.73563233777534,6.11500271988847e-16,0.999999980269486,0.999999999237769
"847","Upk1a",4.97558926755112e-18,-1.74147226396236,5.35617640870303e-16,0.999999981534227,0.999999999237769
"1158","Ufsp1",4.96613477977222e-18,-1.74163957556323,5.33584040854301e-16,0.999999981569315,0.999999999237769
"115","Rnf219",4.57288927653309e-18,-1.74887757792354,4.52425629596696e-16,0.999999983028757,0.999999999237769
"539","Upk1b",4.40118973185456e-18,-1.7522227390931,4.19088756653158e-16,0.999999983665981,0.999999999237769
"151","D930048N14Rik",4.32814578972425e-18,-1.75368308778937,4.05293454480951e-16,0.999999983937067,0.999999999237769
"489","2810403D21Rik",4.32620386481274e-18,-1.7537222267969,4.049298470935e-16,0.999999983944274,0.999999999237769
"1957","Wdr60",4.06572483080248e-18,-1.75912752512191,3.57636463643739e-16,0.999999984910983,0.999999999237769
"769","Chml",4.04751400293089e-18,-1.75951747399275,3.54439852730924e-16,0.999999984978568,0.999999999237769
"1788","Rbm12b",3.98875539491945e-18,-1.76078699151125,3.4422359563753e-16,0.999999985196637,0.999999999237769
"235","Zswim3",3.93825306107588e-18,-1.76189222274772,3.35562225515217e-16,0.999999985384065,0.999999999237769
"876","Itga7",3.85345911167454e-18,-1.76377816862871,3.21267902479023e-16,0.999999985698759,0.999999999237769
"821","Zfp9",3.54256681315997e-18,-1.77104292618455,2.71520063939633e-16,0.999999986852565,0.999999999237769
"2515","Smpd4",3.36637990983705e-18,-1.775430132894,2.45183974179167e-16,0.999999987506443,0.999999999237769
"1459","Nrtn",3.36126563352721e-18,-1.77556067335988,2.44439562604062e-16,0.999999987525424,0.999999999237769
"1780","Kdelc1",3.01698296187436e-18,-1.7848073158678,1.96929846628218e-16,0.999999988803151,0.999999999237769
"533","AU041133",2.98119977549817e-18,-1.78582448837121,1.92286142611219e-16,0.999999988935952,0.999999999237769
"1946","Eci3",2.96475648295718e-18,-1.78629575097698,1.90170821416364e-16,0.999999988996978,0.999999999237769
"703","Lrrc56",2.93774904693009e-18,-1.78707512678649,1.86721881836575e-16,0.999999989097209,0.999999999237769
"1499","Pex10",2.61649073710997e-18,-1.79690003667392,1.48116769314429e-16,0.999999990289487,0.999999999237769
"2289","Gnptab",2.2482503569214e-18,-1.80966186321914,1.0935916099053e-16,0.999999991656128,0.999999999237769
"877","2700046G09Rik",2.24518174569521e-18,-1.80977623244983,1.09060838579144e-16,0.999999991667516,0.999999999237769
"1098","1110032A04Rik",1.9874720656986e-18,-1.81994668960589,8.54609850129747e-17,0.999999992623947,0.999999999237769
"2692","Zfp212",1.80490266816864e-18,-1.82793022926031,7.04812181434574e-17,0.999999993301512,0.999999999237769
"902","Sepsecs",1.63891579901809e-18,-1.83587560352448,5.81137781605818e-17,0.999999993917535,0.999999999237769
"1762","Col15a1",6.28411550601932e-19,-1.91229331719284,8.54386043865227e-18,0.999999997667793,0.999999999237769
"1254","Usp31",2.053825036378e-19,-1.99588417995335,9.12625742721676e-19,0.999999999237769,0.999999999237769
